collection,index,category,filename,commons_title,commons_page,source_url,author,license,license_url,description,original_width,original_height,saved_width,saved_height,sha256,phash,quality_score
luxury_motivation,1,fine-dining,visual-harvest-400/luxury_motivation/001_fine-dining_2022-maastricht-ch-teau-neercanne-03.jpg,"File:2022 Maastricht, Château Neercanne (03).jpg","https://commons.wikimedia.org/wiki/File:2022_Maastricht,_Ch%C3%A2teau_Neercanne_(03).jpg",https://upload.wikimedia.org/wikipedia/commons/thumb/0/01/2022_Maastricht%2C_Ch%C3%A2teau_Neercanne_%2803%29.jpg/1920px-2022_Maastricht%2C_Ch%C3%A2teau_Neercanne_%2803%29.jpg,Kleon3,CC BY-SA 4.0,https://creativecommons.org/licenses/by-sa/4.0,"Trappenhuis van Château Neercanne, een gerenommeerd restaurant in het 17e-eeuwse terrassenkasteel Neercanne in Maastricht.",3024,4032,1050,1400,252da8334ad8b6832acc9c15d07db40ee30cc0945c2803eb5067b3dca22e9861,f2ca907f1e09d0f1,41.065
luxury_motivation,2,fine-dining,visual-harvest-400/luxury_motivation/002_fine-dining_le-p-rigord-4-135953761.jpg,File:Le Périgord 4 (135953761).jpeg,https://commons.wikimedia.org/wiki/File:Le_P%C3%A9rigord_4_(135953761).jpeg,https://upload.wikimedia.org/wikipedia/commons/thumb/2/25/Le_P%C3%A9rigord_4_%28135953761%29.jpeg/1920px-Le_P%C3%A9rigord_4_%28135953761%29.jpeg,Kevin Ooi,CC BY 3.0,https://creativecommons.org/licenses/by/3.0,"500px provided description: Some commission work done for a fine dining restaurant here in Penang [#color ,#architecture ,#colour ,#colors ,#bar ,#food ,#interior ,#restaurant ,#indoor ,#chairs ,#colorful ,#colours ,#bricks ,#colourful ,#inside ,#tables ,#fine dining ,#southeastasia ,#Penang ,#Malaysia ,#Asia]",2048,1365,1400,933,3f72bcd71354b3e397f981d1d518457347e7ac80cb5c1e90fcd8955e56235175,95856e94a5cac43f,51.019
luxury_motivation,3,fine-dining,visual-harvest-400/luxury_motivation/003_fine-dining_farang-2013-30917281.jpg,File:Farang 2013 (30917281).jpeg,https://commons.wikimedia.org/wiki/File:Farang_2013_(30917281).jpeg,https://upload.wikimedia.org/wikipedia/commons/7/72/Farang_2013_%2830917281%29.jpeg,Sami Paju,CC BY 3.0,https://creativecommons.org/licenses/by/3.0,"500px provided description: Part of a 9 course dinner in restaurant Farang in Helsinki, Finland. [#closeup ,#leaf ,#food ,#helsinki ,#finland ,#triptych ,#oyster ,#clam ,#fine dining ,#rib ,#farang]",1280,615,1280,615,a4b7fc71a50ebae8bd12d1472087357e1c8dc798e0b2a50c431c0cf2a57dcf52,a4f0f0abc89c9937,53.321
luxury_motivation,4,fine-dining,visual-harvest-400/luxury_motivation/004_fine-dining_la-boheme-french-brasserie-and-bar-von-stackelberg-hotel-tallinn.jpg,File:La Boheme French Brasserie and Bar - von Stackelberg Hotel Tallinn.jpg,https://commons.wikimedia.org/wiki/File:La_Boheme_French_Brasserie_and_Bar_-_von_Stackelberg_Hotel_Tallinn.jpg,https://upload.wikimedia.org/wikipedia/commons/thumb/9/9a/La_Boheme_French_Brasserie_and_Bar_-_von_Stackelberg_Hotel_Tallinn.jpg/1920px-La_Boheme_French_Brasserie_and_Bar_-_von_Stackelberg_Hotel_Tallinn.jpg,Unique Hotels,CC BY-SA 2.0,https://creativecommons.org/licenses/by-sa/2.0,"La Boheme brasserie & bar is a combination of an upscale life style brasserie and a fine dining restaurant in a friendly, cosy, casual, yet classy, tasteful and elegant environment.",4220,2216,1400,735,8ab3e9aa55bd9ab1b9cace03e9d3e485f764e0fa00c5c0580ab827a07039a4a3,d2f3afa46089d562,51.867
luxury_motivation,5,fine-dining,visual-harvest-400/luxury_motivation/005_fine-dining_dining-hall-8641037738.jpg,File:Dining Hall (8641037738).jpg,https://commons.wikimedia.org/wiki/File:Dining_Hall_(8641037738).jpg,https://upload.wikimedia.org/wikipedia/commons/thumb/b/b5/Dining_Hall_%288641037738%29.jpg/1920px-Dining_Hall_%288641037738%29.jpg,LassenNPS,Public domain,,"Overnight stays include meals or day visitors can reserve a space for breakfast, lunch, or dinner. Planning on hiking? Order a brown bag lunch to go!",3648,2736,1400,1050,206e6b1a735769674f78706e58709c106a5a0ae907d3edf4edec843443c46037,af5e0268fdab4454,40.643
luxury_motivation,6,fine-dining,visual-harvest-400/luxury_motivation/006_fine-dining_2022-maastricht-ch-teau-neercanne-05.jpg,"File:2022 Maastricht, Château Neercanne (05).jpg","https://commons.wikimedia.org/wiki/File:2022_Maastricht,_Ch%C3%A2teau_Neercanne_(05).jpg",https://upload.wikimedia.org/wikipedia/commons/thumb/3/39/2022_Maastricht%2C_Ch%C3%A2teau_Neercanne_%2805%29.jpg/1920px-2022_Maastricht%2C_Ch%C3%A2teau_Neercanne_%2805%29.jpg,Kleon3,CC BY-SA 4.0,https://creativecommons.org/licenses/by-sa/4.0,"Interieur van Château Neercanne, een gerenommeerd restaurant in het 17e-eeuwse terrassenkasteel Neercanne in Maastricht.",2317,3061,1060,1400,903c0f55335b38808b58c8f4712035f6cb3c0570c84e5206f31179eee0d58dc8,eab2642fc7c098cd,36.075
luxury_motivation,7,fine-dining,visual-harvest-400/luxury_motivation/007_fine-dining_cosme-duck-carnitas.jpg,File:Cosme Duck Carnitas.jpg,https://commons.wikimedia.org/wiki/File:Cosme_Duck_Carnitas.jpg,https://upload.wikimedia.org/wikipedia/commons/thumb/d/d1/Cosme_Duck_Carnitas.jpg/1920px-Cosme_Duck_Carnitas.jpg,Gothelf95,CC BY-SA 4.0,https://creativecommons.org/licenses/by-sa/4.0,"The Duck Carnitas dish served at Cosme, a Mexican fine dining-establishment in New York City from chef Enrique Olvera.",3024,4032,1050,1400,526fb50766f477853fb8e8dc001e2e7dd1ea790786b6ddd51d09d0deb566c603,da10e538c03f5be3,41.519
luxury_motivation,8,fine-dining,visual-harvest-400/luxury_motivation/008_fine-dining_2022-maastricht-ch-teau-neercanne-08.jpg,"File:2022 Maastricht, Château Neercanne (08).jpg","https://commons.wikimedia.org/wiki/File:2022_Maastricht,_Ch%C3%A2teau_Neercanne_(08).jpg",https://upload.wikimedia.org/wikipedia/commons/thumb/8/88/2022_Maastricht%2C_Ch%C3%A2teau_Neercanne_%2808%29.jpg/1920px-2022_Maastricht%2C_Ch%C3%A2teau_Neercanne_%2808%29.jpg,Kleon3,CC BY-SA 4.0,https://creativecommons.org/licenses/by-sa/4.0,"Interieur van Château Neercanne, een gerenommeerd restaurant in het 17e-eeuwse terrassenkasteel Neercanne in Maastricht.",3948,2960,1400,1050,a70fe0ccf661612892f856e67b286e1d541a2cfba55b06fc33af9e217317baa7,c1c4c2dff49b66c0,43.476
luxury_motivation,9,tailoring,visual-harvest-400/luxury_motivation/009_tailoring_stephen-williams.jpg,File:Stephen williams.jpg,https://commons.wikimedia.org/wiki/File:Stephen_williams.jpg,https://upload.wikimedia.org/wikipedia/commons/2/27/Stephen_williams.jpg,Jglondon,CC BY-SA 4.0,https://creativecommons.org/licenses/by-sa/4.0,"British Tailor Stephen Williams photographed at his London studio, May 2019.",1600,1066,1400,933,0464e9f5cb93f31279401aa130a0ba4e2c19908b0386ccab5371ff69e3bfd543,c4102f7b3b11cdec,43.782
luxury_motivation,10,tailoring,visual-harvest-400/luxury_motivation/010_tailoring_2020-fleche-wallonne-stephen-williams.jpg,File:2020 Fleche Wallonne Stephen Williams.jpg,https://commons.wikimedia.org/wiki/File:2020_Fleche_Wallonne_Stephen_Williams.jpg,https://upload.wikimedia.org/wikipedia/commons/9/96/2020_Fleche_Wallonne_Stephen_Williams.jpg,Hoebele,CC BY-SA 4.0,https://creativecommons.org/licenses/by-sa/4.0,Stephen Williams na de finish van de Waalse Pijl op de Muur van Hoei op woensdag 30 september 2020.,1066,1598,934,1400,e16a73e85972a20612e5641b1335cac32828d4d5872188030c426727705b7e67,ed9297edc888073c,41.851
luxury_motivation,11,tailoring,visual-harvest-400/luxury_motivation/011_tailoring_stephen-williams-mp-cropped.jpg,File:Stephen Williams MP (cropped).jpg,https://commons.wikimedia.org/wiki/File:Stephen_Williams_MP_(cropped).jpg,https://upload.wikimedia.org/wikipedia/commons/thumb/f/fa/Stephen_Williams_MP_%28cropped%29.jpg/1920px-Stephen_Williams_MP_%28cropped%29.jpg,Policy Exchange,CC BY 2.0,https://creativecommons.org/licenses/by/2.0,From our event Rule Britannia: How to realise the UK’s global growth potential,2473,3300,1049,1400,004c01f9239e1920a5203ad64a6c74b7922f10a4f93ccaaddcc88a9df8a5b29e,84edd22e71c33cc6,39.761
luxury_motivation,12,tailoring,visual-harvest-400/luxury_motivation/012_tailoring_cool-mild-camels-suit-me-best-says-noted-hat-designer-mary-goodfellow-.jpg,"File:Cool, mild Camels suit me best, says noted hat designer Mary Goodfellow, 1948.jpg","https://commons.wikimedia.org/wiki/File:Cool,_mild_Camels_suit_me_best,_says_noted_hat_designer_Mary_Goodfellow,_1948.jpg",https://upload.wikimedia.org/wikipedia/commons/thumb/6/62/Cool%2C_mild_Camels_suit_me_best%2C_says_noted_hat_designer_Mary_Goodfellow%2C_1948.jpg/1920px-Cool%2C_mild_Camels_suit_me_best%2C_says_noted_hat_designer_Mary_Goodfellow%2C_1948.jpg,Internet Archive Book Images,Public domain,,"Cool, mild Camels suit me best, says noted hat designer Mary Goodfellow, 1948 Identifier : ladieshomejourna65janwyet ( find matches ) Title : The Ladies' home journal Year : 1889 ( 1880s ) Authors : Wyeth, N. C. (Newell Convers), 1882-1945 Subjects : Women's periodicals Janice Bluestein Longone Culinary Archive Publisher : Philadelphia : (s.n.) Contributing Library : Internet Archive Digitizing Sponsor : Internet Archive View Book Page : Book Viewer About This Book : Catalog Entry View All Images : All Images From Book Click here to view book online to see this illustration in context in a browseable online version of this book. Text Appearing Before Image: s agrees EXPERIENCE IS THE IKEST IIV* III IS• •in making a hat. ..in choosinga cigarette, too! Text Appearing After Image: Gibson Girl Sailorcomes a little after Easier. . . with your favoriteshantung or linen.A multicolor straw thatcarries its audacioushow knowingly. Sonnet Bonnet isas emphatically Americanas the Pilgrims original.Mary Goodfellowconcocted this IJIHversion oj white lacystraw and cabbage roses. I l4»sirii«Ml from experience that cool,miUI taiiMls suit iik* lnvst! Easter Coquette, of whiMary Goodfellow says:Experience has taught mithat the hat must be madethe face, /or the woman. . . for the occasion. ki :■:. says Mary Goodfellow Mary Goodfellow studied music and fine aits in Paris . .. stayed tolearn the hat business. Some years ... and much experience later -we find her here at the left in her Manhattan salon, creating bonnetafor American Beauties. My cigarette? queries Miss Goodfellow.A choice of experience too ... . Camel! I tried many different brands ,and I learned from experience that Camels suit me best! «e people are smolouig CAMELS1 ha 11 ever hefbre ! mm»><mmmn R. J. Note About Images Please note that these images are extracted from scanned page images that may have been digitally enhanced for readability - coloration and appearance of these illustrations may not perfectly resemble the original work.",3405,4637,1028,1400,08319f0c169ac7aa2bd8221e8dfa7a9001e1c25d943fc4f597f7c65892bb7788,df39e4c18146ef60,38.01
luxury_motivation,13,tailoring,visual-harvest-400/luxury_motivation/013_tailoring_suit-met-c-i-60-22-1c-s2.jpg,File:Suit MET C.I.60.22.1c S2.jpg,https://commons.wikimedia.org/wiki/File:Suit_MET_C.I.60.22.1c_S2.jpg,https://upload.wikimedia.org/wikipedia/commons/thumb/0/0e/Suit_MET_C.I.60.22.1c_S2.jpg/1920px-Suit_MET_C.I.60.22.1c_S2.jpg,See Wikimedia Commons page,CC0,http://creativecommons.org/publicdomain/zero/1.0/deed.en,French; Suit;,1973,3114,887,1400,360bd60bb9d9790b9be52efe597b97dc01a1ef8bcfafc4223f46bf0bea7aa77f,bf98d86fd06e8148,24.686
luxury_motivation,14,tailoring,visual-harvest-400/luxury_motivation/014_tailoring_stephen-williams-mp.jpg,File:Stephen Williams MP.jpg,https://commons.wikimedia.org/wiki/File:Stephen_Williams_MP.jpg,https://upload.wikimedia.org/wikipedia/commons/thumb/9/93/Stephen_Williams_MP.jpg/1920px-Stephen_Williams_MP.jpg,Policy Exchange,CC BY 2.0,https://creativecommons.org/licenses/by/2.0,From our event Rule Britannia: How to realise the UK’s global growth potential,5184,3456,1400,933,3c4ef154ab2565dc5eeaf33f2718a597357a5d5e0a9adbe3517e044c6d346010,85fb067b688398e3,36.051
luxury_motivation,15,tailoring,visual-harvest-400/luxury_motivation/015_tailoring_harry-wheatcroft-wearing-suit.jpg,File:Harry Wheatcroft wearing suit.jpg,https://commons.wikimedia.org/wiki/File:Harry_Wheatcroft_wearing_suit.jpg,https://upload.wikimedia.org/wikipedia/commons/thumb/0/0a/Harry_Wheatcroft_wearing_suit.jpg/1920px-Harry_Wheatcroft_wearing_suit.jpg,East Riding Archives,CC0,http://creativecommons.org/publicdomain/zero/1.0/deed.en,"A good example of 1960s fashion for elderly gentlemen, this bespoke tailored suit was designed specially for Harry Wheatcroft by John Brown of Beverley, and used to advertise the business.",2212,3356,923,1400,3ea731c5d1ec0fa1abdb8b90f155275ea4296b53439d7b50a477b728a5e9d85b,8e8f8e2798bd0e8c,48.568
luxury_motivation,16,tailoring,visual-harvest-400/luxury_motivation/016_tailoring_frederick-and-nelson-s-tailored-women-s-suits-1906-advert-361.jpg,File:Frederick and Nelson's Tailored Women's Suits (1906) (ADVERT 361).jpeg,https://commons.wikimedia.org/wiki/File:Frederick_and_Nelson%27s_Tailored_Women%27s_Suits_(1906)_(ADVERT_361).jpeg,https://upload.wikimedia.org/wikipedia/commons/thumb/5/56/Frederick_and_Nelson%27s_Tailored_Women%27s_Suits_%281906%29_%28ADVERT_361%29.jpeg/1920px-Frederick_and_Nelson%27s_Tailored_Women%27s_Suits_%281906%29_%28ADVERT_361%29.jpeg,Frederick and Nelson,Public domain,,"In 1890, Frederick and Nelson began as a business selling used furniture. As the Seattle-based company grew, it added home delivery services, a tea room, and women's and men's clothing. Geographic coverage: United States Subjects (LCTGM): Suits (Clothing); Women--Clothing & dress Subjects (LCSH): Women's clothing; Clothing trade--Washington (State)--Seattle; Women in advertising Categories: Clothing trade; Beauty and fashion",2300,3267,986,1400,4ee5046ada596b9b17636d17d4df30e1d8a0490e57f572476b2c264f1ad409d2,bb3bc9e4206a0f1d,45.242
luxury_motivation,17,resort,visual-harvest-400/luxury_motivation/017_resort_villa-angelina-luxury-suites-infinity-pool.jpg,File:Villa Angelina Luxury Suites Infinity Pool.jpg,https://commons.wikimedia.org/wiki/File:Villa_Angelina_Luxury_Suites_Infinity_Pool.jpg,https://upload.wikimedia.org/wikipedia/commons/thumb/c/c9/Villa_Angelina_Luxury_Suites_Infinity_Pool.jpg/1920px-Villa_Angelina_Luxury_Suites_Infinity_Pool.jpg,Rio Ubatay,CC BY-SA 4.0,https://creativecommons.org/licenses/by-sa/4.0,Infinity pool of Villa Angelina Luxury Suites,5616,3744,1400,933,5ed353fc01e430bf8718da6544f70c4708c5e99584781f0e83907140a4610141,8bcbb66c6ec983a0,41.166
luxury_motivation,18,resort,visual-harvest-400/luxury_motivation/018_resort_landscapes-resort-infrastructure-2.jpg,File:Landscapes & Resort Infrastructure 2.jpg,https://commons.wikimedia.org/wiki/File:Landscapes_%26_Resort_Infrastructure_2.jpg,https://upload.wikimedia.org/wikipedia/commons/thumb/e/e7/Landscapes_%26_Resort_Infrastructure_2.jpg/1920px-Landscapes_%26_Resort_Infrastructure_2.jpg,LuzViMindaLife,CC BY-SA 4.0,https://creativecommons.org/licenses/by-sa/4.0,A wide-angle view of a luxury resort's infinity pool and expansive green lawn at the Lio Tourism Estate in Palawan.,4032,3024,1400,1050,440647e0fbaabfc4addb7e3100615a25f628e0b69bb25ecbac65ba9bbf22faf3,eda9b2d226145dc9,43.741
luxury_motivation,19,resort,visual-harvest-400/luxury_motivation/019_resort_infinity-mirror-hand-washing-sink-and-wardrobes-in-the-spa-of-amantaka.jpg,"File:Infinity mirror, hand-washing sink and wardrobes in the spa of Amantaka luxury Resort & Hotel in Luang Prabang Laos.jpg","https://commons.wikimedia.org/wiki/File:Infinity_mirror,_hand-washing_sink_and_wardrobes_in_the_spa_of_Amantaka_luxury_Resort_%26_Hotel_in_Luang_Prabang_Laos.jpg",https://upload.wikimedia.org/wikipedia/commons/thumb/c/c4/Infinity_mirror%2C_hand-washing_sink_and_wardrobes_in_the_spa_of_Amantaka_luxury_Resort_%26_Hotel_in_Luang_Prabang_Laos.jpg/1920px-Infinity_mirror%2C_hand-washing_sink_and_wardrobes_in_the_spa_of_Amantaka_luxury_Resort_%26_Hotel_in_Luang_Prabang_Laos.jpg,Basile Morin,CC BY-SA 4.0,https://creativecommons.org/licenses/by-sa/4.0,"Infinity mirror , hand-washing sink and wardrobes in the spa of Amantaka luxury resort and hotel in Luang Prabang , Laos . Amantaka is one of the 34 properties operated by Aman Resorts , hospitality company founded by Indonesian hotelier Adrian Zecha in 1988, present in more than 20 countries. The hotel, located in a French colonial building, opened in September 2009. A boutique hotel, it contains 24 lavish suites, encircling a central courtyard and is designed with a mixture of traditional Lao furnishings and modern. The suites range in size from 70 to 120 square metres and include eight suites, four pool suites, eight Khan pool suites, two Mekong pool suites and two Amantaka pool suites. All of the rooms have a king-sized bed centre of the suites beneath a traditional high ceiling. They are painted in white and have mahogany or dark wood furnishings and windows. The rooms are reported to be between 1,100 USD and 1,900 USD a night.",4024,4024,1400,1400,b268cd254876ff75b44f306271d72f8d16eab8e9d0988bdcd175725ec48f7393,df83c868c1b1d4c7,48.071
luxury_motivation,20,resort,visual-harvest-400/luxury_motivation/020_resort_infinity-edge-pool-mauritius.jpg,"File:Infinity Edge Pool, Mauritius.JPG","https://commons.wikimedia.org/wiki/File:Infinity_Edge_Pool,_Mauritius.JPG",https://upload.wikimedia.org/wikipedia/commons/thumb/3/35/Infinity_Edge_Pool%2C_Mauritius.JPG/1920px-Infinity_Edge_Pool%2C_Mauritius.JPG,Martin Falbisoner,CC BY-SA 4.0,https://creativecommons.org/licenses/by-sa/4.0,"Infinity edge pool in a luxury resort, Mauritius",3222,4060,1111,1400,f5ebd4bb1f3d34db5715194418e10f60216a7bc418d456dcaef25159d6f2f8e5,b2c94d857243cbf4,36.328
luxury_motivation,21,marina,visual-harvest-400/luxury_motivation/021_marina_olta-maslinica-hrvatska-hafen-2012-f.jpg,File:Šolta Maslinica Hrvatska Hafen 2012 f.jpg,https://commons.wikimedia.org/wiki/File:%C5%A0olta_Maslinica_Hrvatska_Hafen_2012_f.jpg,https://upload.wikimedia.org/wikipedia/commons/thumb/e/e2/%C5%A0olta_Maslinica_Hrvatska_Hafen_2012_f.jpg/1920px-%C5%A0olta_Maslinica_Hrvatska_Hafen_2012_f.jpg,Joadl,CC BY-SA 3.0 at,https://creativecommons.org/licenses/by-sa/3.0/at/deed.en,"The Port of Maslinica on the island Šolta / Croatia / Adriatic Sea / EU . Atmosphere at sunset, looking towards the south. In the background on the southern shore of the harbor is the Castle Martinis Marchi, built by Petar brothers (1706-1708), now a luxury hotel.",4349,3261,1400,1050,f8c4dfc40c81a58af006a3c012194fea3f4d43fa28279ed148c32143bcac89a6,809ce28afc35770f,40.074
luxury_motivation,22,mountain-success,visual-harvest-400/luxury_motivation/022_mountain-success_sunny-tree-11443186035.jpg,File:Sunny Tree (11443186035).jpg,https://commons.wikimedia.org/wiki/File:Sunny_Tree_(11443186035).jpg,https://upload.wikimedia.org/wikipedia/commons/thumb/3/34/Sunny_Tree_%2811443186035%29.jpg/1920px-Sunny_Tree_%2811443186035%29.jpg,Bureau of Land Management Oregon and Washington,Public domain,,"The United States Congress designated the Hells Canyon Wilderness in 1975 and it now has a total of 217,927 acres. Idaho contains approximately 83,811 acres. Oregon contains approximately 134,116 acres. It is managed by the Bureau of Land Management and the Forest Service. Hells Canyon Wilderness is a subset of the Hells Canyon National Recreation Area (HCNRA), which straddles the border of northeastern Oregon and western Idaho. Split into two distinct halves by the Wild & Scenic Snake River, approximately one-third of HCNRA is designated Wilderness. A small portion of the Wilderness in Oregon is managed by the BLM. The Idaho side of the Wilderness is smaller than the Oregon side and encompasses the Seven Devils mountain range. The Wilderness stretches South from Pittsburg Landing for approximately 31 miles along the Snake River. On the Oregon side, the higher elevation areas are characteristic of rocky slopes and grasslands laced with 'stringer canyons' and groves composed of Douglas fir and ponderosa pine. The lower elevations are dominated by grassland benches with steep canyons and ravines dissecting the isolated Oregon-side. Two National trails are found at various elevations: Western Rim/Summit Ridge Recreation Trail at the upper elevation, and Nez Perce Historic Trail near the Snake River. Species of interest are Rocky Mountain Elk, bighorn sheep, mule deer, and chukar. Additional information about the Hells Canyon Wilderness, and all the other BLM Wilderness areas in Oregon/Washington, is available online at: www.blm.gov/or/resources/recreation/wilderness2.php",5184,3456,1400,933,199840bae3ba0f755af3591e1bded2087f79233720d753fbb47b41c5f7e68f10,97991c6ce2874f61,52.05
luxury_motivation,23,mountain-success,visual-harvest-400/luxury_motivation/023_mountain-success_cloudy-11443162304.jpg,File:Cloudy (11443162304).jpg,https://commons.wikimedia.org/wiki/File:Cloudy_(11443162304).jpg,https://upload.wikimedia.org/wikipedia/commons/thumb/0/02/Cloudy_%2811443162304%29.jpg/1920px-Cloudy_%2811443162304%29.jpg,Bureau of Land Management Oregon and Washington,Public domain,,"The United States Congress designated the Hells Canyon Wilderness in 1975 and it now has a total of 217,927 acres. Idaho contains approximately 83,811 acres. Oregon contains approximately 134,116 acres. It is managed by the Bureau of Land Management and the Forest Service. Hells Canyon Wilderness is a subset of the Hells Canyon National Recreation Area (HCNRA), which straddles the border of northeastern Oregon and western Idaho. Split into two distinct halves by the Wild & Scenic Snake River, approximately one-third of HCNRA is designated Wilderness. A small portion of the Wilderness in Oregon is managed by the BLM. The Idaho side of the Wilderness is smaller than the Oregon side and encompasses the Seven Devils mountain range. The Wilderness stretches South from Pittsburg Landing for approximately 31 miles along the Snake River. On the Oregon side, the higher elevation areas are characteristic of rocky slopes and grasslands laced with 'stringer canyons' and groves composed of Douglas fir and ponderosa pine. The lower elevations are dominated by grassland benches with steep canyons and ravines dissecting the isolated Oregon-side. Two National trails are found at various elevations: Western Rim/Summit Ridge Recreation Trail at the upper elevation, and Nez Perce Historic Trail near the Snake River. Species of interest are Rocky Mountain Elk, bighorn sheep, mule deer, and chukar. Additional information about the Hells Canyon Wilderness, and all the other BLM Wilderness areas in Oregon/Washington, is available online at: www.blm.gov/or/resources/recreation/wilderness2.php",3456,5184,933,1400,4fe5ebae05d8e1f55b3a758bd995ab97d3a3940eec0557b7d22b4d5036f9761d,f0de0fe63ad0e109,34.95
luxury_motivation,24,mountain-success,visual-harvest-400/luxury_motivation/024_mountain-success_sunrise-11443056795.jpg,File:Sunrise (11443056795).jpg,https://commons.wikimedia.org/wiki/File:Sunrise_(11443056795).jpg,https://upload.wikimedia.org/wikipedia/commons/thumb/5/53/Sunrise_%2811443056795%29.jpg/1920px-Sunrise_%2811443056795%29.jpg,Bureau of Land Management Oregon and Washington,Public domain,,"The United States Congress designated the Hells Canyon Wilderness in 1975 and it now has a total of 217,927 acres. Idaho contains approximately 83,811 acres. Oregon contains approximately 134,116 acres. It is managed by the Bureau of Land Management and the Forest Service. Hells Canyon Wilderness is a subset of the Hells Canyon National Recreation Area (HCNRA), which straddles the border of northeastern Oregon and western Idaho. Split into two distinct halves by the Wild & Scenic Snake River, approximately one-third of HCNRA is designated Wilderness. A small portion of the Wilderness in Oregon is managed by the BLM. The Idaho side of the Wilderness is smaller than the Oregon side and encompasses the Seven Devils mountain range. The Wilderness stretches South from Pittsburg Landing for approximately 31 miles along the Snake River. On the Oregon side, the higher elevation areas are characteristic of rocky slopes and grasslands laced with 'stringer canyons' and groves composed of Douglas fir and ponderosa pine. The lower elevations are dominated by grassland benches with steep canyons and ravines dissecting the isolated Oregon-side. Two National trails are found at various elevations: Western Rim/Summit Ridge Recreation Trail at the upper elevation, and Nez Perce Historic Trail near the Snake River. Species of interest are Rocky Mountain Elk, bighorn sheep, mule deer, and chukar. Additional information about the Hells Canyon Wilderness, and all the other BLM Wilderness areas in Oregon/Washington, is available online at: www.blm.gov/or/resources/recreation/wilderness2.php",5184,3456,1400,933,67b3e4ea8c4a9918ed27c13e290a8d515c1325c99804d9c8a8bcf03a960d8105,8feb708c68589771,46.588
luxury_motivation,25,mountain-success,visual-harvest-400/luxury_motivation/025_mountain-success_bieszczady-sunrise-from-chatka-puchatka-1.jpg,File:Bieszczady - sunrise from Chatka Puchatka (1).jpg,https://commons.wikimedia.org/wiki/File:Bieszczady_-_sunrise_from_Chatka_Puchatka_(1).jpg,https://upload.wikimedia.org/wikipedia/commons/thumb/0/04/Bieszczady_-_sunrise_from_Chatka_Puchatka_%281%29.jpg/1920px-Bieszczady_-_sunrise_from_Chatka_Puchatka_%281%29.jpg,Pudelek,CC BY-SA 4.0,https://creativecommons.org/licenses/by-sa/4.0,Bieszczady - mountains in Poland. Sunrise - view from the Chatka Puchatka hostel,3456,2304,1400,933,801db1497b640d66d374be50523de6c8578dd7bf1ea6ecd00f41d3ba9546840f,e9ce303baf90506b,48.204
luxury_motivation,26,mountain-success,visual-harvest-400/luxury_motivation/026_mountain-success_sunrise-11443137426.jpg,File:Sunrise (11443137426).jpg,https://commons.wikimedia.org/wiki/File:Sunrise_(11443137426).jpg,https://upload.wikimedia.org/wikipedia/commons/thumb/3/3f/Sunrise_%2811443137426%29.jpg/1920px-Sunrise_%2811443137426%29.jpg,BLM Oregon & Washington,Public domain,,"The United States Congress designated the Hells Canyon Wilderness in 1975 and it now has a total of 217,927 acres. Idaho contains approximately 83,811 acres. Oregon contains approximately 134,116 acres. It is managed by the Bureau of Land Management and the Forest Service. Hells Canyon Wilderness is a subset of the Hells Canyon National Recreation Area (HCNRA), which straddles the border of northeastern Oregon and western Idaho. Split into two distinct halves by the Wild & Scenic Snake River, approximately one-third of HCNRA is designated Wilderness. A small portion of the Wilderness in Oregon is managed by the BLM. The Idaho side of the Wilderness is smaller than the Oregon side and encompasses the Seven Devils mountain range. The Wilderness stretches South from Pittsburg Landing for approximately 31 miles along the Snake River. On the Oregon side, the higher elevation areas are characteristic of rocky slopes and grasslands laced with 'stringer canyons' and groves composed of Douglas fir and ponderosa pine. The lower elevations are dominated by grassland benches with steep canyons and ravines dissecting the isolated Oregon-side. Two National trails are found at various elevations: Western Rim/Summit Ridge Recreation Trail at the upper elevation, and Nez Perce Historic Trail near the Snake River. Species of interest are Rocky Mountain Elk, bighorn sheep, mule deer, and chukar. Additional information about the Hells Canyon Wilderness, and all the other BLM Wilderness areas in Oregon/Washington, is available online at: www.blm.gov/or/resources/recreation/wilderness2.php",5184,3456,1400,933,bde82e7c810f07ad9a096086676f6ab6675ef943d10aae98654e7cbc705f044a,f5f51e9ac260c199,43.91
luxury_motivation,27,mountain-success,visual-harvest-400/luxury_motivation/027_mountain-success_sunrise-tree-11443193553.jpg,File:Sunrise Tree (11443193553).jpg,https://commons.wikimedia.org/wiki/File:Sunrise_Tree_(11443193553).jpg,https://upload.wikimedia.org/wikipedia/commons/thumb/b/b7/Sunrise_Tree_%2811443193553%29.jpg/1920px-Sunrise_Tree_%2811443193553%29.jpg,BLM Oregon & Washington,Public domain,,"The United States Congress designated the Hells Canyon Wilderness in 1975 and it now has a total of 217,927 acres. Idaho contains approximately 83,811 acres. Oregon contains approximately 134,116 acres. It is managed by the Bureau of Land Management and the Forest Service. Hells Canyon Wilderness is a subset of the Hells Canyon National Recreation Area (HCNRA), which straddles the border of northeastern Oregon and western Idaho. Split into two distinct halves by the Wild & Scenic Snake River, approximately one-third of HCNRA is designated Wilderness. A small portion of the Wilderness in Oregon is managed by the BLM. The Idaho side of the Wilderness is smaller than the Oregon side and encompasses the Seven Devils mountain range. The Wilderness stretches South from Pittsburg Landing for approximately 31 miles along the Snake River. On the Oregon side, the higher elevation areas are characteristic of rocky slopes and grasslands laced with 'stringer canyons' and groves composed of Douglas fir and ponderosa pine. The lower elevations are dominated by grassland benches with steep canyons and ravines dissecting the isolated Oregon-side. Two National trails are found at various elevations: Western Rim/Summit Ridge Recreation Trail at the upper elevation, and Nez Perce Historic Trail near the Snake River. Species of interest are Rocky Mountain Elk, bighorn sheep, mule deer, and chukar. Additional information about the Hells Canyon Wilderness, and all the other BLM Wilderness areas in Oregon/Washington, is available online at: www.blm.gov/or/resources/recreation/wilderness2.php",5184,3456,1400,933,2d415f71633ce6746b33c20fb224a7b9abd1b4f99df681d46428e015d0605400,dcd04347f8a8076f,59.263
luxury_motivation,28,mountain-success,visual-harvest-400/luxury_motivation/028_mountain-success_sunrise-from-mardi-himal.jpg,File:Sunrise from Mardi Himal.jpg,https://commons.wikimedia.org/wiki/File:Sunrise_from_Mardi_Himal.jpg,https://upload.wikimedia.org/wikipedia/commons/thumb/c/c7/Sunrise_from_Mardi_Himal.jpg/1920px-Sunrise_from_Mardi_Himal.jpg,Tsephu,CC BY-SA 4.0,https://creativecommons.org/licenses/by-sa/4.0,"Sunrise capture from mardi Himal, Nepal.",5472,3648,1400,933,cb4c46fbb72387154b6abd2e17e5c860cf0f2a9c21ca7f1d458312d4a18b778c,f1ec0cb1ec0c31ee,33.084
luxury_motivation,29,mountain-success,visual-harvest-400/luxury_motivation/029_mountain-success_from-glacier-overlook-little-tahoma-emmons-glacier-steamboat-prow-gibr.jpg,"File:From Glacier Overlook. Little Tahoma, Emmons Glacier, Steamboat Prow, Gibraltar Rock and summit. (a6b41b433fcd45feb3b961ec422c33cd).JPG","https://commons.wikimedia.org/wiki/File:From_Glacier_Overlook._Little_Tahoma,_Emmons_Glacier,_Steamboat_Prow,_Gibraltar_Rock_and_summit._(a6b41b433fcd45feb3b961ec422c33cd).JPG",https://upload.wikimedia.org/wikipedia/commons/thumb/5/5a/From_Glacier_Overlook._Little_Tahoma%2C_Emmons_Glacier%2C_Steamboat_Prow%2C_Gibraltar_Rock_and_summit._%28a6b41b433fcd45feb3b961ec422c33cd%29.JPG/1920px-From_Glacier_Overlook._Little_Tahoma%2C_Emmons_Glacier%2C_Steamboat_Prow%2C_Gibraltar_Rock_and_summit._%28a6b41b433fcd45feb3b961ec422c33cd%29.JPG,Steve Redman ( MORA ),Public domain,,"Mt Rainier From Glacier Overlook. Little Tahoma, Emmons Glacier, Steamboat Prow, Gibraltar Rock and summit. Keywords: glaciers; lake; landscape; mountain; sunrise",2683,1991,1400,1039,2681cbddbf5c42e9c8ed30e798a1c893f3d47455e69a70e1628e6a91a1830c1b,e5aba95454b52c2b,50.058
luxury_motivation,30,villa,visual-harvest-400/luxury_motivation/030_villa_luxury-holiday-house-eagle-bay-wa-2026.jpg,File:Luxury Holiday House Eagle Bay WA 2026.jpg,https://commons.wikimedia.org/wiki/File:Luxury_Holiday_House_Eagle_Bay_WA_2026.jpg,https://upload.wikimedia.org/wikipedia/commons/thumb/9/9e/Luxury_Holiday_House_Eagle_Bay_WA_2026.jpg/1920px-Luxury_Holiday_House_Eagle_Bay_WA_2026.jpg,Eagle Rise,CC BY 4.0,https://creativecommons.org/licenses/by/4.0,Luxury holiday house with modern architecture and landscaped outdoor area.,2500,1319,1400,739,fe284ee77c588c3fac19fad20aafcdae4c1e638d7c1d7c2efa00a7fdb8bc4718,87e4da3809c6f41f,36.36
luxury_motivation,31,villa,visual-harvest-400/luxury_motivation/031_villa_3d-rendering-of-modern-luxury-villa-exterior-with-pool.jpg,File:3D Rendering of Modern Luxury Villa Exterior with Pool.jpg,https://commons.wikimedia.org/wiki/File:3D_Rendering_of_Modern_Luxury_Villa_Exterior_with_Pool.jpg,https://upload.wikimedia.org/wikipedia/commons/thumb/5/57/3D_Rendering_of_Modern_Luxury_Villa_Exterior_with_Pool.jpg/1920px-3D_Rendering_of_Modern_Luxury_Villa_Exterior_with_Pool.jpg,Tuantranseo,CC BY 4.0,https://creativecommons.org/licenses/by/4.0,"English: 3D rendering of a modern luxury villa exterior during golden hour, featuring contemporary architecture, open-plan design, and integrated landscaping. This image demonstrates architectural visualization techniques such as realistic lighting, material detailing, and environmental context, commonly used in real estate marketing and property development. Created by MR Rendering, a studio specializing in high-quality 3D rendering and architectural visualization services.",4000,2667,1400,933,613df83492749d7a5efa559d8af25c12d414b0b796f76d2a53f0b63dee2b9ef7,84897e45299ed769,42.961
luxury_motivation,32,helicopter,visual-harvest-400/luxury_motivation/032_helicopter_horseshoe-falls-niagara-falls-ontario-29951178956.jpg,"File:Horseshoe Falls, Niagara Falls, Ontario (29951178956).jpg","https://commons.wikimedia.org/wiki/File:Horseshoe_Falls,_Niagara_Falls,_Ontario_(29951178956).jpg",https://upload.wikimedia.org/wikipedia/commons/thumb/6/69/Horseshoe_Falls%2C_Niagara_Falls%2C_Ontario_%2829951178956%29.jpg/1920px-Horseshoe_Falls%2C_Niagara_Falls%2C_Ontario_%2829951178956%29.jpg,"Ken Lund from Reno, Nevada, USA",CC BY-SA 2.0,https://creativecommons.org/licenses/by-sa/2.0,"Niagara Falls is three waterfalls that straddle the international border between the Canadian province of Ontario and the US state of New York. They form the southern end of the Niagara Gorge. From largest to smallest, the three waterfalls are the Horseshoe Falls, the American Falls and the Bridal Veil Falls. The Horseshoe Falls lie on the border of the United States and Canada while the American Falls lie entirely on the United States' side, separated by Goat Island. The smaller Bridal Veil Falls are also on the United States' side, separated from the American Falls by Luna Island. Located on the Niagara River, which drains Lake Erie into Lake Ontario, the combined falls form the highest flow rate of any waterfall in North America that has a vertical drop of more than 50 metres (160 ft). During peak daytime tourist hours, more than 168,000 m3 (six million cubic feet) of water goes over the crest of the falls every minute. Horseshoe Falls is the most powerful waterfall in North America, as measured by flow rate. The falls are 27 kilometres (17 mi) north-northwest of Buffalo, New York, and 121 kilometres (75 mi) south-southeast of Toronto, between the twin cities of Niagara Falls, Ontario, and Niagara Falls, New York. Niagara Falls was formed when glaciers receded at the end of the Wisconsin glaciation (the last ice age), and water from the newly formed Great Lakes carved a path through the Niagara Escarpment en route to the Atlantic Ocean. Niagara Falls is famed both for its beauty and as a valuable source of hydroelectric power. Balancing recreational, commercial, and industrial uses has been a challenge for the stewards of the falls since the 19th century. The Horseshoe Falls drop about 57 metres (187 ft), while the height of the American Falls varies between 21 and 30 metres (69 and 98 ft) because of the presence of giant boulders at its base. The larger Horseshoe Falls are about 790 metres (2,590 ft) wide, while the American Falls are 320 metres (1,050 ft) wide. The distance between the American extremity of the Niagara Falls and the Canadian extremity is 3,409 feet (1,039 m). The peak flow over Horseshoe Falls was recorded at 6,400 cubic metres (230,000 cu ft) per second. The average annual flow rate is 2,400 cubic metres (85,000 cu ft) per second. Since the flow is a direct function of the Lake Erie water elevation, it typically peaks in late spring or early summer. During the summer months, at least 2,800 cubic metres (99,000 cu ft) per second of water traverses the falls, some 90% of which goes over the Horseshoe Falls, while the balance is diverted to hydroelectric facilities. This is accomplished by employing a weir – the International Control Dam – with movable gates upstream from the Horseshoe Falls. The falls' flow is further halved at night, and, during the low tourist season in the winter, remains a minimum of 1,400 cubic metres (49,000 cu ft) per second. Water diversion is regulated by the 1950 Niagara Treaty and is administered by the International Niagara Board of Control (IJC). The verdant green colour of the water flowing over the Niagara Falls is a byproduct of the estimated 60 tonnes/minute of dissolved salts and ""rock flour"" (very finely ground rock) generated by the erosive force of the Niagara River itself. Peak visitor traffic occurs in the summertime, when Niagara Falls are both a daytime and evening attraction. From the Canadian side, floodlights illuminate both sides of the falls for several hours after dark (until midnight). The number of visitors in 2007 was expected to total 20 million, and by 2009 the annual rate was expected to top 28 million tourists. The oldest and best known tourist attraction at Niagara Falls is the Maid of the Mist boat cruise, named for an ancient Ongiara Indian mythical character, which has carried passengers into the rapids immediately below the falls since 1846. Cruise boats operate from boat docks on both sides of the falls, with the Maid of the Mist operating from the American side and Hornblower Cruises from the Canadian side. From the U.S. side, the American Falls can be viewed from walkways along Prospect Point Park, which also features the Prospect Point Observation Tower and a boat dock for the Maid of the Mist. Goat Island offers more views of the falls and is accessible by foot and automobile traffic by bridge above the American Falls. From Goat Island, the Cave of the Winds is accessible by elevator and leads hikers to a point beneath Bridal Veil Falls. Also on Goat Island are the Three Sisters Islands, the Power Portal where a huge statue of Nikola Tesla (the inventor whose patents for the AC induction motor and other devices for AC power transmission helped make the harnessing of the falls possible) can be seen, and a walking path that enables views of the rapids, the Niagara River, the gorge, and all of the falls. Most of these attractions lie within the Niagara Falls State Park. The Niagara Scenic Trolley offers guided trips along the American Falls and around Goat Island. Panoramic and aerial views of the falls can also be viewed by helicopter. The Niagara Gorge Discovery Center showcases the natural and local history of Niagara Falls and the Niagara Gorge. A casino and luxury hotel was opened in Niagara Falls, New York, by the Seneca Indian tribe. The Seneca Niagara Casino & Hotel occupies the former Niagara Falls Convention Center. The new hotel is the first addition to the city's skyline since completion of the United Office Building in the 1920s. On the Canadian side, Queen Victoria Park features manicured gardens, platforms offering views of both the American and Horseshoe Falls, and underground walkways leading into observation rooms that yield the illusion of being within the falling waters. The observation deck of the nearby Skylon Tower offers the highest view of the falls, and in the opposite direction gives views as far as Toronto. Along with the Minolta Tower (formerly the Seagrams Tower and the Konica Minolta Tower, and since 2010 called the Tower Hotel), it is one of two towers in Canada with a view of the falls. Along the Niagara River, the Niagara River Recreational Trail runs 35 miles (56 km) from Fort Erie to Fort George, and includes many historical sites from the War of 1812. The Whirlpool Aero Car, built in 1916 from a design by Spanish engineer Leonardo Torres y Quevedo, is a cable car that takes passengers over the Niagara Whirlpool on the Canadian side. The Journey Behind the Falls consists of an observation platform and series of tunnels near the bottom of the Horseshoe Falls on the Canadian side. There are two casinos on the Canadian side of Niagara Falls, the Niagara Fallsview Casino Resort and Casino Niagara. <a href="" https://en.wikipedia.org/wiki/Niagara_Falls "" rel=""noreferrer nofollow"">en.wikipedia.org/wiki/Niagara_Falls</a> <a href="" https://en.wikipedia.org/wiki/Wikipedia:Text_of_Creative_Commons_Attribution-ShareAlike_3.0_Unported_License "" rel=""noreferrer nofollow"">en.wikipedia.org/wiki/Wikipedia:Text_of_Creative_Commons_...</a>",4000,3000,1400,1050,598ac888d61611be1933b3d8629889ce0788ab24ec5f7af81779d2bc3727112f,82897f7458c13f39,45.542
luxury_motivation,33,helicopter,visual-harvest-400/luxury_motivation/033_helicopter_horseshoe-falls-niagara-falls-ontario-29951174696.jpg,"File:Horseshoe Falls, Niagara Falls, Ontario (29951174696).jpg","https://commons.wikimedia.org/wiki/File:Horseshoe_Falls,_Niagara_Falls,_Ontario_(29951174696).jpg",https://upload.wikimedia.org/wikipedia/commons/thumb/e/e8/Horseshoe_Falls%2C_Niagara_Falls%2C_Ontario_%2829951174696%29.jpg/1920px-Horseshoe_Falls%2C_Niagara_Falls%2C_Ontario_%2829951174696%29.jpg,"Ken Lund from Reno, Nevada, USA",CC BY-SA 2.0,https://creativecommons.org/licenses/by-sa/2.0,"Niagara Falls is three waterfalls that straddle the international border between the Canadian province of Ontario and the US state of New York. They form the southern end of the Niagara Gorge. From largest to smallest, the three waterfalls are the Horseshoe Falls, the American Falls and the Bridal Veil Falls. The Horseshoe Falls lie on the border of the United States and Canada while the American Falls lie entirely on the United States' side, separated by Goat Island. The smaller Bridal Veil Falls are also on the United States' side, separated from the American Falls by Luna Island. Located on the Niagara River, which drains Lake Erie into Lake Ontario, the combined falls form the highest flow rate of any waterfall in North America that has a vertical drop of more than 50 metres (160 ft). During peak daytime tourist hours, more than 168,000 m3 (six million cubic feet) of water goes over the crest of the falls every minute. Horseshoe Falls is the most powerful waterfall in North America, as measured by flow rate. The falls are 27 kilometres (17 mi) north-northwest of Buffalo, New York, and 121 kilometres (75 mi) south-southeast of Toronto, between the twin cities of Niagara Falls, Ontario, and Niagara Falls, New York. Niagara Falls was formed when glaciers receded at the end of the Wisconsin glaciation (the last ice age), and water from the newly formed Great Lakes carved a path through the Niagara Escarpment en route to the Atlantic Ocean. Niagara Falls is famed both for its beauty and as a valuable source of hydroelectric power. Balancing recreational, commercial, and industrial uses has been a challenge for the stewards of the falls since the 19th century. The Horseshoe Falls drop about 57 metres (187 ft), while the height of the American Falls varies between 21 and 30 metres (69 and 98 ft) because of the presence of giant boulders at its base. The larger Horseshoe Falls are about 790 metres (2,590 ft) wide, while the American Falls are 320 metres (1,050 ft) wide. The distance between the American extremity of the Niagara Falls and the Canadian extremity is 3,409 feet (1,039 m). The peak flow over Horseshoe Falls was recorded at 6,400 cubic metres (230,000 cu ft) per second. The average annual flow rate is 2,400 cubic metres (85,000 cu ft) per second. Since the flow is a direct function of the Lake Erie water elevation, it typically peaks in late spring or early summer. During the summer months, at least 2,800 cubic metres (99,000 cu ft) per second of water traverses the falls, some 90% of which goes over the Horseshoe Falls, while the balance is diverted to hydroelectric facilities. This is accomplished by employing a weir – the International Control Dam – with movable gates upstream from the Horseshoe Falls. The falls' flow is further halved at night, and, during the low tourist season in the winter, remains a minimum of 1,400 cubic metres (49,000 cu ft) per second. Water diversion is regulated by the 1950 Niagara Treaty and is administered by the International Niagara Board of Control (IJC). The verdant green colour of the water flowing over the Niagara Falls is a byproduct of the estimated 60 tonnes/minute of dissolved salts and ""rock flour"" (very finely ground rock) generated by the erosive force of the Niagara River itself. Peak visitor traffic occurs in the summertime, when Niagara Falls are both a daytime and evening attraction. From the Canadian side, floodlights illuminate both sides of the falls for several hours after dark (until midnight). The number of visitors in 2007 was expected to total 20 million, and by 2009 the annual rate was expected to top 28 million tourists. The oldest and best known tourist attraction at Niagara Falls is the Maid of the Mist boat cruise, named for an ancient Ongiara Indian mythical character, which has carried passengers into the rapids immediately below the falls since 1846. Cruise boats operate from boat docks on both sides of the falls, with the Maid of the Mist operating from the American side and Hornblower Cruises from the Canadian side. From the U.S. side, the American Falls can be viewed from walkways along Prospect Point Park, which also features the Prospect Point Observation Tower and a boat dock for the Maid of the Mist. Goat Island offers more views of the falls and is accessible by foot and automobile traffic by bridge above the American Falls. From Goat Island, the Cave of the Winds is accessible by elevator and leads hikers to a point beneath Bridal Veil Falls. Also on Goat Island are the Three Sisters Islands, the Power Portal where a huge statue of Nikola Tesla (the inventor whose patents for the AC induction motor and other devices for AC power transmission helped make the harnessing of the falls possible) can be seen, and a walking path that enables views of the rapids, the Niagara River, the gorge, and all of the falls. Most of these attractions lie within the Niagara Falls State Park. The Niagara Scenic Trolley offers guided trips along the American Falls and around Goat Island. Panoramic and aerial views of the falls can also be viewed by helicopter. The Niagara Gorge Discovery Center showcases the natural and local history of Niagara Falls and the Niagara Gorge. A casino and luxury hotel was opened in Niagara Falls, New York, by the Seneca Indian tribe. The Seneca Niagara Casino & Hotel occupies the former Niagara Falls Convention Center. The new hotel is the first addition to the city's skyline since completion of the United Office Building in the 1920s. On the Canadian side, Queen Victoria Park features manicured gardens, platforms offering views of both the American and Horseshoe Falls, and underground walkways leading into observation rooms that yield the illusion of being within the falling waters. The observation deck of the nearby Skylon Tower offers the highest view of the falls, and in the opposite direction gives views as far as Toronto. Along with the Minolta Tower (formerly the Seagrams Tower and the Konica Minolta Tower, and since 2010 called the Tower Hotel), it is one of two towers in Canada with a view of the falls. Along the Niagara River, the Niagara River Recreational Trail runs 35 miles (56 km) from Fort Erie to Fort George, and includes many historical sites from the War of 1812. The Whirlpool Aero Car, built in 1916 from a design by Spanish engineer Leonardo Torres y Quevedo, is a cable car that takes passengers over the Niagara Whirlpool on the Canadian side. The Journey Behind the Falls consists of an observation platform and series of tunnels near the bottom of the Horseshoe Falls on the Canadian side. There are two casinos on the Canadian side of Niagara Falls, the Niagara Fallsview Casino Resort and Casino Niagara. <a href="" https://en.wikipedia.org/wiki/Niagara_Falls "" rel=""noreferrer nofollow"">en.wikipedia.org/wiki/Niagara_Falls</a> <a href="" https://en.wikipedia.org/wiki/Wikipedia:Text_of_Creative_Commons_Attribution-ShareAlike_3.0_Unported_License "" rel=""noreferrer nofollow"">en.wikipedia.org/wiki/Wikipedia:Text_of_Creative_Commons_...</a>",4000,3000,1400,1050,a218a4e578d477a571ad17b73261ce2cb9c72c85bd932f9f93de9f17caf4297a,d7d43a62ca9a20ed,42.787
luxury_motivation,34,helicopter,visual-harvest-400/luxury_motivation/034_helicopter_hornblower-cruises-niagara-falls-ontario-29357645254.jpg,"File:Hornblower Cruises, Niagara Falls, Ontario (29357645254).jpg","https://commons.wikimedia.org/wiki/File:Hornblower_Cruises,_Niagara_Falls,_Ontario_(29357645254).jpg",https://upload.wikimedia.org/wikipedia/commons/thumb/f/fc/Hornblower_Cruises%2C_Niagara_Falls%2C_Ontario_%2829357645254%29.jpg/1920px-Hornblower_Cruises%2C_Niagara_Falls%2C_Ontario_%2829357645254%29.jpg,"Ken Lund from Reno, Nevada, USA",CC BY-SA 2.0,https://creativecommons.org/licenses/by-sa/2.0,"Niagara Falls is three waterfalls that straddle the international border between the Canadian province of Ontario and the US state of New York. They form the southern end of the Niagara Gorge. From largest to smallest, the three waterfalls are the Horseshoe Falls, the American Falls and the Bridal Veil Falls. The Horseshoe Falls lie on the border of the United States and Canada while the American Falls lie entirely on the United States' side, separated by Goat Island. The smaller Bridal Veil Falls are also on the United States' side, separated from the American Falls by Luna Island. Located on the Niagara River, which drains Lake Erie into Lake Ontario, the combined falls form the highest flow rate of any waterfall in North America that has a vertical drop of more than 50 metres (160 ft). During peak daytime tourist hours, more than 168,000 m3 (six million cubic feet) of water goes over the crest of the falls every minute. Horseshoe Falls is the most powerful waterfall in North America, as measured by flow rate. The falls are 27 kilometres (17 mi) north-northwest of Buffalo, New York, and 121 kilometres (75 mi) south-southeast of Toronto, between the twin cities of Niagara Falls, Ontario, and Niagara Falls, New York. Niagara Falls was formed when glaciers receded at the end of the Wisconsin glaciation (the last ice age), and water from the newly formed Great Lakes carved a path through the Niagara Escarpment en route to the Atlantic Ocean. Niagara Falls is famed both for its beauty and as a valuable source of hydroelectric power. Balancing recreational, commercial, and industrial uses has been a challenge for the stewards of the falls since the 19th century. The Horseshoe Falls drop about 57 metres (187 ft), while the height of the American Falls varies between 21 and 30 metres (69 and 98 ft) because of the presence of giant boulders at its base. The larger Horseshoe Falls are about 790 metres (2,590 ft) wide, while the American Falls are 320 metres (1,050 ft) wide. The distance between the American extremity of the Niagara Falls and the Canadian extremity is 3,409 feet (1,039 m). The peak flow over Horseshoe Falls was recorded at 6,400 cubic metres (230,000 cu ft) per second. The average annual flow rate is 2,400 cubic metres (85,000 cu ft) per second. Since the flow is a direct function of the Lake Erie water elevation, it typically peaks in late spring or early summer. During the summer months, at least 2,800 cubic metres (99,000 cu ft) per second of water traverses the falls, some 90% of which goes over the Horseshoe Falls, while the balance is diverted to hydroelectric facilities. This is accomplished by employing a weir – the International Control Dam – with movable gates upstream from the Horseshoe Falls. The falls' flow is further halved at night, and, during the low tourist season in the winter, remains a minimum of 1,400 cubic metres (49,000 cu ft) per second. Water diversion is regulated by the 1950 Niagara Treaty and is administered by the International Niagara Board of Control (IJC). The verdant green colour of the water flowing over the Niagara Falls is a byproduct of the estimated 60 tonnes/minute of dissolved salts and ""rock flour"" (very finely ground rock) generated by the erosive force of the Niagara River itself. Peak visitor traffic occurs in the summertime, when Niagara Falls are both a daytime and evening attraction. From the Canadian side, floodlights illuminate both sides of the falls for several hours after dark (until midnight). The number of visitors in 2007 was expected to total 20 million, and by 2009 the annual rate was expected to top 28 million tourists. The oldest and best known tourist attraction at Niagara Falls is the Maid of the Mist boat cruise, named for an ancient Ongiara Indian mythical character, which has carried passengers into the rapids immediately below the falls since 1846. Cruise boats operate from boat docks on both sides of the falls, with the Maid of the Mist operating from the American side and Hornblower Cruises from the Canadian side. From the U.S. side, the American Falls can be viewed from walkways along Prospect Point Park, which also features the Prospect Point Observation Tower and a boat dock for the Maid of the Mist. Goat Island offers more views of the falls and is accessible by foot and automobile traffic by bridge above the American Falls. From Goat Island, the Cave of the Winds is accessible by elevator and leads hikers to a point beneath Bridal Veil Falls. Also on Goat Island are the Three Sisters Islands, the Power Portal where a huge statue of Nikola Tesla (the inventor whose patents for the AC induction motor and other devices for AC power transmission helped make the harnessing of the falls possible) can be seen, and a walking path that enables views of the rapids, the Niagara River, the gorge, and all of the falls. Most of these attractions lie within the Niagara Falls State Park. The Niagara Scenic Trolley offers guided trips along the American Falls and around Goat Island. Panoramic and aerial views of the falls can also be viewed by helicopter. The Niagara Gorge Discovery Center showcases the natural and local history of Niagara Falls and the Niagara Gorge. A casino and luxury hotel was opened in Niagara Falls, New York, by the Seneca Indian tribe. The Seneca Niagara Casino & Hotel occupies the former Niagara Falls Convention Center. The new hotel is the first addition to the city's skyline since completion of the United Office Building in the 1920s. On the Canadian side, Queen Victoria Park features manicured gardens, platforms offering views of both the American and Horseshoe Falls, and underground walkways leading into observation rooms that yield the illusion of being within the falling waters. The observation deck of the nearby Skylon Tower offers the highest view of the falls, and in the opposite direction gives views as far as Toronto. Along with the Minolta Tower (formerly the Seagrams Tower and the Konica Minolta Tower, and since 2010 called the Tower Hotel), it is one of two towers in Canada with a view of the falls. Along the Niagara River, the Niagara River Recreational Trail runs 35 miles (56 km) from Fort Erie to Fort George, and includes many historical sites from the War of 1812. The Whirlpool Aero Car, built in 1916 from a design by Spanish engineer Leonardo Torres y Quevedo, is a cable car that takes passengers over the Niagara Whirlpool on the Canadian side. The Journey Behind the Falls consists of an observation platform and series of tunnels near the bottom of the Horseshoe Falls on the Canadian side. There are two casinos on the Canadian side of Niagara Falls, the Niagara Fallsview Casino Resort and Casino Niagara. <a href="" https://en.wikipedia.org/wiki/Niagara_Falls "" rel=""noreferrer nofollow"">en.wikipedia.org/wiki/Niagara_Falls</a> <a href="" https://en.wikipedia.org/wiki/Wikipedia:Text_of_Creative_Commons_Attribution-ShareAlike_3.0_Unported_License "" rel=""noreferrer nofollow"">en.wikipedia.org/wiki/Wikipedia:Text_of_Creative_Commons_...</a>",4000,3000,1400,1050,6b71bc4de2bfba89fbdf050784589697fc50c1d626ddc0f4655c3d818e95b7a8,d590928499bdf237,39.554
luxury_motivation,35,helicopter,visual-harvest-400/luxury_motivation/035_helicopter_american-falls-niagara-falls-ontario-29871594612.jpg,"File:American Falls, Niagara Falls, Ontario (29871594612).jpg","https://commons.wikimedia.org/wiki/File:American_Falls,_Niagara_Falls,_Ontario_(29871594612).jpg",https://upload.wikimedia.org/wikipedia/commons/thumb/4/47/American_Falls%2C_Niagara_Falls%2C_Ontario_%2829871594612%29.jpg/1920px-American_Falls%2C_Niagara_Falls%2C_Ontario_%2829871594612%29.jpg,"Ken Lund from Reno, Nevada, USA",CC BY-SA 2.0,https://creativecommons.org/licenses/by-sa/2.0,"Niagara Falls is three waterfalls that straddle the international border between the Canadian province of Ontario and the US state of New York. They form the southern end of the Niagara Gorge. From largest to smallest, the three waterfalls are the Horseshoe Falls, the American Falls and the Bridal Veil Falls. The Horseshoe Falls lie on the border of the United States and Canada while the American Falls lie entirely on the United States' side, separated by Goat Island. The smaller Bridal Veil Falls are also on the United States' side, separated from the American Falls by Luna Island. Located on the Niagara River, which drains Lake Erie into Lake Ontario, the combined falls form the highest flow rate of any waterfall in North America that has a vertical drop of more than 50 metres (160 ft). During peak daytime tourist hours, more than 168,000 m3 (six million cubic feet) of water goes over the crest of the falls every minute. Horseshoe Falls is the most powerful waterfall in North America, as measured by flow rate. The falls are 27 kilometres (17 mi) north-northwest of Buffalo, New York, and 121 kilometres (75 mi) south-southeast of Toronto, between the twin cities of Niagara Falls, Ontario, and Niagara Falls, New York. Niagara Falls was formed when glaciers receded at the end of the Wisconsin glaciation (the last ice age), and water from the newly formed Great Lakes carved a path through the Niagara Escarpment en route to the Atlantic Ocean. Niagara Falls is famed both for its beauty and as a valuable source of hydroelectric power. Balancing recreational, commercial, and industrial uses has been a challenge for the stewards of the falls since the 19th century. The Horseshoe Falls drop about 57 metres (187 ft), while the height of the American Falls varies between 21 and 30 metres (69 and 98 ft) because of the presence of giant boulders at its base. The larger Horseshoe Falls are about 790 metres (2,590 ft) wide, while the American Falls are 320 metres (1,050 ft) wide. The distance between the American extremity of the Niagara Falls and the Canadian extremity is 3,409 feet (1,039 m). The peak flow over Horseshoe Falls was recorded at 6,400 cubic metres (230,000 cu ft) per second. The average annual flow rate is 2,400 cubic metres (85,000 cu ft) per second. Since the flow is a direct function of the Lake Erie water elevation, it typically peaks in late spring or early summer. During the summer months, at least 2,800 cubic metres (99,000 cu ft) per second of water traverses the falls, some 90% of which goes over the Horseshoe Falls, while the balance is diverted to hydroelectric facilities. This is accomplished by employing a weir – the International Control Dam – with movable gates upstream from the Horseshoe Falls. The falls' flow is further halved at night, and, during the low tourist season in the winter, remains a minimum of 1,400 cubic metres (49,000 cu ft) per second. Water diversion is regulated by the 1950 Niagara Treaty and is administered by the International Niagara Board of Control (IJC). The verdant green colour of the water flowing over the Niagara Falls is a byproduct of the estimated 60 tonnes/minute of dissolved salts and ""rock flour"" (very finely ground rock) generated by the erosive force of the Niagara River itself. Peak visitor traffic occurs in the summertime, when Niagara Falls are both a daytime and evening attraction. From the Canadian side, floodlights illuminate both sides of the falls for several hours after dark (until midnight). The number of visitors in 2007 was expected to total 20 million, and by 2009 the annual rate was expected to top 28 million tourists. The oldest and best known tourist attraction at Niagara Falls is the Maid of the Mist boat cruise, named for an ancient Ongiara Indian mythical character, which has carried passengers into the rapids immediately below the falls since 1846. Cruise boats operate from boat docks on both sides of the falls, with the Maid of the Mist operating from the American side and Hornblower Cruises from the Canadian side. From the U.S. side, the American Falls can be viewed from walkways along Prospect Point Park, which also features the Prospect Point Observation Tower and a boat dock for the Maid of the Mist. Goat Island offers more views of the falls and is accessible by foot and automobile traffic by bridge above the American Falls. From Goat Island, the Cave of the Winds is accessible by elevator and leads hikers to a point beneath Bridal Veil Falls. Also on Goat Island are the Three Sisters Islands, the Power Portal where a huge statue of Nikola Tesla (the inventor whose patents for the AC induction motor and other devices for AC power transmission helped make the harnessing of the falls possible) can be seen, and a walking path that enables views of the rapids, the Niagara River, the gorge, and all of the falls. Most of these attractions lie within the Niagara Falls State Park. The Niagara Scenic Trolley offers guided trips along the American Falls and around Goat Island. Panoramic and aerial views of the falls can also be viewed by helicopter. The Niagara Gorge Discovery Center showcases the natural and local history of Niagara Falls and the Niagara Gorge. A casino and luxury hotel was opened in Niagara Falls, New York, by the Seneca Indian tribe. The Seneca Niagara Casino & Hotel occupies the former Niagara Falls Convention Center. The new hotel is the first addition to the city's skyline since completion of the United Office Building in the 1920s. On the Canadian side, Queen Victoria Park features manicured gardens, platforms offering views of both the American and Horseshoe Falls, and underground walkways leading into observation rooms that yield the illusion of being within the falling waters. The observation deck of the nearby Skylon Tower offers the highest view of the falls, and in the opposite direction gives views as far as Toronto. Along with the Minolta Tower (formerly the Seagrams Tower and the Konica Minolta Tower, and since 2010 called the Tower Hotel), it is one of two towers in Canada with a view of the falls. Along the Niagara River, the Niagara River Recreational Trail runs 35 miles (56 km) from Fort Erie to Fort George, and includes many historical sites from the War of 1812. The Whirlpool Aero Car, built in 1916 from a design by Spanish engineer Leonardo Torres y Quevedo, is a cable car that takes passengers over the Niagara Whirlpool on the Canadian side. The Journey Behind the Falls consists of an observation platform and series of tunnels near the bottom of the Horseshoe Falls on the Canadian side. There are two casinos on the Canadian side of Niagara Falls, the Niagara Fallsview Casino Resort and Casino Niagara. <a href="" https://en.wikipedia.org/wiki/Niagara_Falls "" rel=""noreferrer nofollow"">en.wikipedia.org/wiki/Niagara_Falls</a> <a href="" https://en.wikipedia.org/wiki/Wikipedia:Text_of_Creative_Commons_Attribution-ShareAlike_3.0_Unported_License "" rel=""noreferrer nofollow"">en.wikipedia.org/wiki/Wikipedia:Text_of_Creative_Commons_...</a>",4000,3000,1400,1050,1cb64b49c2c797ac49784d976543a731e72dabf0896d719e0f000725cc583bb6,ce84a1f70f5e18b1,40.086
luxury_motivation,36,helicopter,visual-harvest-400/luxury_motivation/036_helicopter_traveling-up-niagara-gorge-towards-horseshoe-falls-niagara-falls-ontar.jpg,"File:Traveling Up Niagara Gorge Towards Horseshoe Falls, Niagara Falls, Ontario (29871622602).jpg","https://commons.wikimedia.org/wiki/File:Traveling_Up_Niagara_Gorge_Towards_Horseshoe_Falls,_Niagara_Falls,_Ontario_(29871622602).jpg",https://upload.wikimedia.org/wikipedia/commons/thumb/1/1b/Traveling_Up_Niagara_Gorge_Towards_Horseshoe_Falls%2C_Niagara_Falls%2C_Ontario_%2829871622602%29.jpg/1920px-Traveling_Up_Niagara_Gorge_Towards_Horseshoe_Falls%2C_Niagara_Falls%2C_Ontario_%2829871622602%29.jpg,"Ken Lund from Reno, Nevada, USA",CC BY-SA 2.0,https://creativecommons.org/licenses/by-sa/2.0,"Niagara Falls is three waterfalls that straddle the international border between the Canadian province of Ontario and the US state of New York. They form the southern end of the Niagara Gorge. From largest to smallest, the three waterfalls are the Horseshoe Falls, the American Falls and the Bridal Veil Falls. The Horseshoe Falls lie on the border of the United States and Canada while the American Falls lie entirely on the United States' side, separated by Goat Island. The smaller Bridal Veil Falls are also on the United States' side, separated from the American Falls by Luna Island. Located on the Niagara River, which drains Lake Erie into Lake Ontario, the combined falls form the highest flow rate of any waterfall in North America that has a vertical drop of more than 50 metres (160 ft). During peak daytime tourist hours, more than 168,000 m3 (six million cubic feet) of water goes over the crest of the falls every minute. Horseshoe Falls is the most powerful waterfall in North America, as measured by flow rate. The falls are 27 kilometres (17 mi) north-northwest of Buffalo, New York, and 121 kilometres (75 mi) south-southeast of Toronto, between the twin cities of Niagara Falls, Ontario, and Niagara Falls, New York. Niagara Falls was formed when glaciers receded at the end of the Wisconsin glaciation (the last ice age), and water from the newly formed Great Lakes carved a path through the Niagara Escarpment en route to the Atlantic Ocean. Niagara Falls is famed both for its beauty and as a valuable source of hydroelectric power. Balancing recreational, commercial, and industrial uses has been a challenge for the stewards of the falls since the 19th century. The Horseshoe Falls drop about 57 metres (187 ft), while the height of the American Falls varies between 21 and 30 metres (69 and 98 ft) because of the presence of giant boulders at its base. The larger Horseshoe Falls are about 790 metres (2,590 ft) wide, while the American Falls are 320 metres (1,050 ft) wide. The distance between the American extremity of the Niagara Falls and the Canadian extremity is 3,409 feet (1,039 m). The peak flow over Horseshoe Falls was recorded at 6,400 cubic metres (230,000 cu ft) per second. The average annual flow rate is 2,400 cubic metres (85,000 cu ft) per second. Since the flow is a direct function of the Lake Erie water elevation, it typically peaks in late spring or early summer. During the summer months, at least 2,800 cubic metres (99,000 cu ft) per second of water traverses the falls, some 90% of which goes over the Horseshoe Falls, while the balance is diverted to hydroelectric facilities. This is accomplished by employing a weir – the International Control Dam – with movable gates upstream from the Horseshoe Falls. The falls' flow is further halved at night, and, during the low tourist season in the winter, remains a minimum of 1,400 cubic metres (49,000 cu ft) per second. Water diversion is regulated by the 1950 Niagara Treaty and is administered by the International Niagara Board of Control (IJC). The verdant green colour of the water flowing over the Niagara Falls is a byproduct of the estimated 60 tonnes/minute of dissolved salts and ""rock flour"" (very finely ground rock) generated by the erosive force of the Niagara River itself. Peak visitor traffic occurs in the summertime, when Niagara Falls are both a daytime and evening attraction. From the Canadian side, floodlights illuminate both sides of the falls for several hours after dark (until midnight). The number of visitors in 2007 was expected to total 20 million, and by 2009 the annual rate was expected to top 28 million tourists. The oldest and best known tourist attraction at Niagara Falls is the Maid of the Mist boat cruise, named for an ancient Ongiara Indian mythical character, which has carried passengers into the rapids immediately below the falls since 1846. Cruise boats operate from boat docks on both sides of the falls, with the Maid of the Mist operating from the American side and Hornblower Cruises from the Canadian side. From the U.S. side, the American Falls can be viewed from walkways along Prospect Point Park, which also features the Prospect Point Observation Tower and a boat dock for the Maid of the Mist. Goat Island offers more views of the falls and is accessible by foot and automobile traffic by bridge above the American Falls. From Goat Island, the Cave of the Winds is accessible by elevator and leads hikers to a point beneath Bridal Veil Falls. Also on Goat Island are the Three Sisters Islands, the Power Portal where a huge statue of Nikola Tesla (the inventor whose patents for the AC induction motor and other devices for AC power transmission helped make the harnessing of the falls possible) can be seen, and a walking path that enables views of the rapids, the Niagara River, the gorge, and all of the falls. Most of these attractions lie within the Niagara Falls State Park. The Niagara Scenic Trolley offers guided trips along the American Falls and around Goat Island. Panoramic and aerial views of the falls can also be viewed by helicopter. The Niagara Gorge Discovery Center showcases the natural and local history of Niagara Falls and the Niagara Gorge. A casino and luxury hotel was opened in Niagara Falls, New York, by the Seneca Indian tribe. The Seneca Niagara Casino & Hotel occupies the former Niagara Falls Convention Center. The new hotel is the first addition to the city's skyline since completion of the United Office Building in the 1920s. On the Canadian side, Queen Victoria Park features manicured gardens, platforms offering views of both the American and Horseshoe Falls, and underground walkways leading into observation rooms that yield the illusion of being within the falling waters. The observation deck of the nearby Skylon Tower offers the highest view of the falls, and in the opposite direction gives views as far as Toronto. Along with the Minolta Tower (formerly the Seagrams Tower and the Konica Minolta Tower, and since 2010 called the Tower Hotel), it is one of two towers in Canada with a view of the falls. Along the Niagara River, the Niagara River Recreational Trail runs 35 miles (56 km) from Fort Erie to Fort George, and includes many historical sites from the War of 1812. The Whirlpool Aero Car, built in 1916 from a design by Spanish engineer Leonardo Torres y Quevedo, is a cable car that takes passengers over the Niagara Whirlpool on the Canadian side. The Journey Behind the Falls consists of an observation platform and series of tunnels near the bottom of the Horseshoe Falls on the Canadian side. There are two casinos on the Canadian side of Niagara Falls, the Niagara Fallsview Casino Resort and Casino Niagara. <a href="" https://en.wikipedia.org/wiki/Niagara_Falls "" rel=""noreferrer nofollow"">en.wikipedia.org/wiki/Niagara_Falls</a> <a href="" https://en.wikipedia.org/wiki/Wikipedia:Text_of_Creative_Commons_Attribution-ShareAlike_3.0_Unported_License "" rel=""noreferrer nofollow"">en.wikipedia.org/wiki/Wikipedia:Text_of_Creative_Commons_...</a>",4000,3000,1400,1050,6b9300ceae9f92c052244aa081167c0cf57f916e30bcfeec9b30c3ea46fdedba,949ea1ed7a1e06c3,45.592
luxury_motivation,37,helicopter,visual-harvest-400/luxury_motivation/037_helicopter_horseshoe-falls-niagara-falls-ontario-29871582942.jpg,"File:Horseshoe Falls, Niagara Falls, Ontario (29871582942).jpg","https://commons.wikimedia.org/wiki/File:Horseshoe_Falls,_Niagara_Falls,_Ontario_(29871582942).jpg",https://upload.wikimedia.org/wikipedia/commons/thumb/5/5a/Horseshoe_Falls%2C_Niagara_Falls%2C_Ontario_%2829871582942%29.jpg/1920px-Horseshoe_Falls%2C_Niagara_Falls%2C_Ontario_%2829871582942%29.jpg,"Ken Lund from Reno, Nevada, USA",CC BY-SA 2.0,https://creativecommons.org/licenses/by-sa/2.0,"Niagara Falls is three waterfalls that straddle the international border between the Canadian province of Ontario and the US state of New York. They form the southern end of the Niagara Gorge. From largest to smallest, the three waterfalls are the Horseshoe Falls, the American Falls and the Bridal Veil Falls. The Horseshoe Falls lie on the border of the United States and Canada while the American Falls lie entirely on the United States' side, separated by Goat Island. The smaller Bridal Veil Falls are also on the United States' side, separated from the American Falls by Luna Island. Located on the Niagara River, which drains Lake Erie into Lake Ontario, the combined falls form the highest flow rate of any waterfall in North America that has a vertical drop of more than 50 metres (160 ft). During peak daytime tourist hours, more than 168,000 m3 (six million cubic feet) of water goes over the crest of the falls every minute. Horseshoe Falls is the most powerful waterfall in North America, as measured by flow rate. The falls are 27 kilometres (17 mi) north-northwest of Buffalo, New York, and 121 kilometres (75 mi) south-southeast of Toronto, between the twin cities of Niagara Falls, Ontario, and Niagara Falls, New York. Niagara Falls was formed when glaciers receded at the end of the Wisconsin glaciation (the last ice age), and water from the newly formed Great Lakes carved a path through the Niagara Escarpment en route to the Atlantic Ocean. Niagara Falls is famed both for its beauty and as a valuable source of hydroelectric power. Balancing recreational, commercial, and industrial uses has been a challenge for the stewards of the falls since the 19th century. The Horseshoe Falls drop about 57 metres (187 ft), while the height of the American Falls varies between 21 and 30 metres (69 and 98 ft) because of the presence of giant boulders at its base. The larger Horseshoe Falls are about 790 metres (2,590 ft) wide, while the American Falls are 320 metres (1,050 ft) wide. The distance between the American extremity of the Niagara Falls and the Canadian extremity is 3,409 feet (1,039 m). The peak flow over Horseshoe Falls was recorded at 6,400 cubic metres (230,000 cu ft) per second. The average annual flow rate is 2,400 cubic metres (85,000 cu ft) per second. Since the flow is a direct function of the Lake Erie water elevation, it typically peaks in late spring or early summer. During the summer months, at least 2,800 cubic metres (99,000 cu ft) per second of water traverses the falls, some 90% of which goes over the Horseshoe Falls, while the balance is diverted to hydroelectric facilities. This is accomplished by employing a weir – the International Control Dam – with movable gates upstream from the Horseshoe Falls. The falls' flow is further halved at night, and, during the low tourist season in the winter, remains a minimum of 1,400 cubic metres (49,000 cu ft) per second. Water diversion is regulated by the 1950 Niagara Treaty and is administered by the International Niagara Board of Control (IJC). The verdant green colour of the water flowing over the Niagara Falls is a byproduct of the estimated 60 tonnes/minute of dissolved salts and ""rock flour"" (very finely ground rock) generated by the erosive force of the Niagara River itself. Peak visitor traffic occurs in the summertime, when Niagara Falls are both a daytime and evening attraction. From the Canadian side, floodlights illuminate both sides of the falls for several hours after dark (until midnight). The number of visitors in 2007 was expected to total 20 million, and by 2009 the annual rate was expected to top 28 million tourists. The oldest and best known tourist attraction at Niagara Falls is the Maid of the Mist boat cruise, named for an ancient Ongiara Indian mythical character, which has carried passengers into the rapids immediately below the falls since 1846. Cruise boats operate from boat docks on both sides of the falls, with the Maid of the Mist operating from the American side and Hornblower Cruises from the Canadian side. From the U.S. side, the American Falls can be viewed from walkways along Prospect Point Park, which also features the Prospect Point Observation Tower and a boat dock for the Maid of the Mist. Goat Island offers more views of the falls and is accessible by foot and automobile traffic by bridge above the American Falls. From Goat Island, the Cave of the Winds is accessible by elevator and leads hikers to a point beneath Bridal Veil Falls. Also on Goat Island are the Three Sisters Islands, the Power Portal where a huge statue of Nikola Tesla (the inventor whose patents for the AC induction motor and other devices for AC power transmission helped make the harnessing of the falls possible) can be seen, and a walking path that enables views of the rapids, the Niagara River, the gorge, and all of the falls. Most of these attractions lie within the Niagara Falls State Park. The Niagara Scenic Trolley offers guided trips along the American Falls and around Goat Island. Panoramic and aerial views of the falls can also be viewed by helicopter. The Niagara Gorge Discovery Center showcases the natural and local history of Niagara Falls and the Niagara Gorge. A casino and luxury hotel was opened in Niagara Falls, New York, by the Seneca Indian tribe. The Seneca Niagara Casino & Hotel occupies the former Niagara Falls Convention Center. The new hotel is the first addition to the city's skyline since completion of the United Office Building in the 1920s. On the Canadian side, Queen Victoria Park features manicured gardens, platforms offering views of both the American and Horseshoe Falls, and underground walkways leading into observation rooms that yield the illusion of being within the falling waters. The observation deck of the nearby Skylon Tower offers the highest view of the falls, and in the opposite direction gives views as far as Toronto. Along with the Minolta Tower (formerly the Seagrams Tower and the Konica Minolta Tower, and since 2010 called the Tower Hotel), it is one of two towers in Canada with a view of the falls. Along the Niagara River, the Niagara River Recreational Trail runs 35 miles (56 km) from Fort Erie to Fort George, and includes many historical sites from the War of 1812. The Whirlpool Aero Car, built in 1916 from a design by Spanish engineer Leonardo Torres y Quevedo, is a cable car that takes passengers over the Niagara Whirlpool on the Canadian side. The Journey Behind the Falls consists of an observation platform and series of tunnels near the bottom of the Horseshoe Falls on the Canadian side. There are two casinos on the Canadian side of Niagara Falls, the Niagara Fallsview Casino Resort and Casino Niagara. <a href="" https://en.wikipedia.org/wiki/Niagara_Falls "" rel=""noreferrer nofollow"">en.wikipedia.org/wiki/Niagara_Falls</a> <a href="" https://en.wikipedia.org/wiki/Wikipedia:Text_of_Creative_Commons_Attribution-ShareAlike_3.0_Unported_License "" rel=""noreferrer nofollow"">en.wikipedia.org/wiki/Wikipedia:Text_of_Creative_Commons_...</a>",4000,3000,1400,1050,7f9d0a1a1f091a7d32cce3de7214f2e375bc338eb7214cf64c90a259b2ab4822,ceb12c98928df9e2,37.705
luxury_motivation,38,helicopter,visual-harvest-400/luxury_motivation/038_helicopter_rainbow-horseshoe-falls-niagara-falls-ontario-29951132936.jpg,"File:Rainbow, Horseshoe Falls, Niagara Falls, Ontario (29951132936).jpg","https://commons.wikimedia.org/wiki/File:Rainbow,_Horseshoe_Falls,_Niagara_Falls,_Ontario_(29951132936).jpg",https://upload.wikimedia.org/wikipedia/commons/thumb/b/ba/Rainbow%2C_Horseshoe_Falls%2C_Niagara_Falls%2C_Ontario_%2829951132936%29.jpg/1920px-Rainbow%2C_Horseshoe_Falls%2C_Niagara_Falls%2C_Ontario_%2829951132936%29.jpg,"Ken Lund from Reno, Nevada, USA",CC BY-SA 2.0,https://creativecommons.org/licenses/by-sa/2.0,"Niagara Falls is three waterfalls that straddle the international border between the Canadian province of Ontario and the US state of New York. They form the southern end of the Niagara Gorge. From largest to smallest, the three waterfalls are the Horseshoe Falls, the American Falls and the Bridal Veil Falls. The Horseshoe Falls lie on the border of the United States and Canada while the American Falls lie entirely on the United States' side, separated by Goat Island. The smaller Bridal Veil Falls are also on the United States' side, separated from the American Falls by Luna Island. Located on the Niagara River, which drains Lake Erie into Lake Ontario, the combined falls form the highest flow rate of any waterfall in North America that has a vertical drop of more than 50 metres (160 ft). During peak daytime tourist hours, more than 168,000 m3 (six million cubic feet) of water goes over the crest of the falls every minute. Horseshoe Falls is the most powerful waterfall in North America, as measured by flow rate. The falls are 27 kilometres (17 mi) north-northwest of Buffalo, New York, and 121 kilometres (75 mi) south-southeast of Toronto, between the twin cities of Niagara Falls, Ontario, and Niagara Falls, New York. Niagara Falls was formed when glaciers receded at the end of the Wisconsin glaciation (the last ice age), and water from the newly formed Great Lakes carved a path through the Niagara Escarpment en route to the Atlantic Ocean. Niagara Falls is famed both for its beauty and as a valuable source of hydroelectric power. Balancing recreational, commercial, and industrial uses has been a challenge for the stewards of the falls since the 19th century. The Horseshoe Falls drop about 57 metres (187 ft), while the height of the American Falls varies between 21 and 30 metres (69 and 98 ft) because of the presence of giant boulders at its base. The larger Horseshoe Falls are about 790 metres (2,590 ft) wide, while the American Falls are 320 metres (1,050 ft) wide. The distance between the American extremity of the Niagara Falls and the Canadian extremity is 3,409 feet (1,039 m). The peak flow over Horseshoe Falls was recorded at 6,400 cubic metres (230,000 cu ft) per second. The average annual flow rate is 2,400 cubic metres (85,000 cu ft) per second. Since the flow is a direct function of the Lake Erie water elevation, it typically peaks in late spring or early summer. During the summer months, at least 2,800 cubic metres (99,000 cu ft) per second of water traverses the falls, some 90% of which goes over the Horseshoe Falls, while the balance is diverted to hydroelectric facilities. This is accomplished by employing a weir – the International Control Dam – with movable gates upstream from the Horseshoe Falls. The falls' flow is further halved at night, and, during the low tourist season in the winter, remains a minimum of 1,400 cubic metres (49,000 cu ft) per second. Water diversion is regulated by the 1950 Niagara Treaty and is administered by the International Niagara Board of Control (IJC). The verdant green colour of the water flowing over the Niagara Falls is a byproduct of the estimated 60 tonnes/minute of dissolved salts and ""rock flour"" (very finely ground rock) generated by the erosive force of the Niagara River itself. Peak visitor traffic occurs in the summertime, when Niagara Falls are both a daytime and evening attraction. From the Canadian side, floodlights illuminate both sides of the falls for several hours after dark (until midnight). The number of visitors in 2007 was expected to total 20 million, and by 2009 the annual rate was expected to top 28 million tourists. The oldest and best known tourist attraction at Niagara Falls is the Maid of the Mist boat cruise, named for an ancient Ongiara Indian mythical character, which has carried passengers into the rapids immediately below the falls since 1846. Cruise boats operate from boat docks on both sides of the falls, with the Maid of the Mist operating from the American side and Hornblower Cruises from the Canadian side. From the U.S. side, the American Falls can be viewed from walkways along Prospect Point Park, which also features the Prospect Point Observation Tower and a boat dock for the Maid of the Mist. Goat Island offers more views of the falls and is accessible by foot and automobile traffic by bridge above the American Falls. From Goat Island, the Cave of the Winds is accessible by elevator and leads hikers to a point beneath Bridal Veil Falls. Also on Goat Island are the Three Sisters Islands, the Power Portal where a huge statue of Nikola Tesla (the inventor whose patents for the AC induction motor and other devices for AC power transmission helped make the harnessing of the falls possible) can be seen, and a walking path that enables views of the rapids, the Niagara River, the gorge, and all of the falls. Most of these attractions lie within the Niagara Falls State Park. The Niagara Scenic Trolley offers guided trips along the American Falls and around Goat Island. Panoramic and aerial views of the falls can also be viewed by helicopter. The Niagara Gorge Discovery Center showcases the natural and local history of Niagara Falls and the Niagara Gorge. A casino and luxury hotel was opened in Niagara Falls, New York, by the Seneca Indian tribe. The Seneca Niagara Casino & Hotel occupies the former Niagara Falls Convention Center. The new hotel is the first addition to the city's skyline since completion of the United Office Building in the 1920s. On the Canadian side, Queen Victoria Park features manicured gardens, platforms offering views of both the American and Horseshoe Falls, and underground walkways leading into observation rooms that yield the illusion of being within the falling waters. The observation deck of the nearby Skylon Tower offers the highest view of the falls, and in the opposite direction gives views as far as Toronto. Along with the Minolta Tower (formerly the Seagrams Tower and the Konica Minolta Tower, and since 2010 called the Tower Hotel), it is one of two towers in Canada with a view of the falls. Along the Niagara River, the Niagara River Recreational Trail runs 35 miles (56 km) from Fort Erie to Fort George, and includes many historical sites from the War of 1812. The Whirlpool Aero Car, built in 1916 from a design by Spanish engineer Leonardo Torres y Quevedo, is a cable car that takes passengers over the Niagara Whirlpool on the Canadian side. The Journey Behind the Falls consists of an observation platform and series of tunnels near the bottom of the Horseshoe Falls on the Canadian side. There are two casinos on the Canadian side of Niagara Falls, the Niagara Fallsview Casino Resort and Casino Niagara. <a href="" https://en.wikipedia.org/wiki/Niagara_Falls "" rel=""noreferrer nofollow"">en.wikipedia.org/wiki/Niagara_Falls</a> <a href="" https://en.wikipedia.org/wiki/Wikipedia:Text_of_Creative_Commons_Attribution-ShareAlike_3.0_Unported_License "" rel=""noreferrer nofollow"">en.wikipedia.org/wiki/Wikipedia:Text_of_Creative_Commons_...</a>",4000,3000,1400,1050,251933d41c288faa1c13790161dc19a1f062c2dd54f75b72f1a51d9809521d42,a6a7676118d23bf0,39.097
luxury_motivation,39,helicopter,visual-harvest-400/luxury_motivation/039_helicopter_american-falls-niagara-falls-ontario-29985349595.jpg,"File:American Falls, Niagara Falls, Ontario (29985349595).jpg","https://commons.wikimedia.org/wiki/File:American_Falls,_Niagara_Falls,_Ontario_(29985349595).jpg",https://upload.wikimedia.org/wikipedia/commons/thumb/e/e7/American_Falls%2C_Niagara_Falls%2C_Ontario_%2829985349595%29.jpg/1920px-American_Falls%2C_Niagara_Falls%2C_Ontario_%2829985349595%29.jpg,"Ken Lund from Reno, Nevada, USA",CC BY-SA 2.0,https://creativecommons.org/licenses/by-sa/2.0,"Niagara Falls is three waterfalls that straddle the international border between the Canadian province of Ontario and the US state of New York. They form the southern end of the Niagara Gorge. From largest to smallest, the three waterfalls are the Horseshoe Falls, the American Falls and the Bridal Veil Falls. The Horseshoe Falls lie on the border of the United States and Canada while the American Falls lie entirely on the United States' side, separated by Goat Island. The smaller Bridal Veil Falls are also on the United States' side, separated from the American Falls by Luna Island. Located on the Niagara River, which drains Lake Erie into Lake Ontario, the combined falls form the highest flow rate of any waterfall in North America that has a vertical drop of more than 50 metres (160 ft). During peak daytime tourist hours, more than 168,000 m3 (six million cubic feet) of water goes over the crest of the falls every minute. Horseshoe Falls is the most powerful waterfall in North America, as measured by flow rate. The falls are 27 kilometres (17 mi) north-northwest of Buffalo, New York, and 121 kilometres (75 mi) south-southeast of Toronto, between the twin cities of Niagara Falls, Ontario, and Niagara Falls, New York. Niagara Falls was formed when glaciers receded at the end of the Wisconsin glaciation (the last ice age), and water from the newly formed Great Lakes carved a path through the Niagara Escarpment en route to the Atlantic Ocean. Niagara Falls is famed both for its beauty and as a valuable source of hydroelectric power. Balancing recreational, commercial, and industrial uses has been a challenge for the stewards of the falls since the 19th century. The Horseshoe Falls drop about 57 metres (187 ft), while the height of the American Falls varies between 21 and 30 metres (69 and 98 ft) because of the presence of giant boulders at its base. The larger Horseshoe Falls are about 790 metres (2,590 ft) wide, while the American Falls are 320 metres (1,050 ft) wide. The distance between the American extremity of the Niagara Falls and the Canadian extremity is 3,409 feet (1,039 m). The peak flow over Horseshoe Falls was recorded at 6,400 cubic metres (230,000 cu ft) per second. The average annual flow rate is 2,400 cubic metres (85,000 cu ft) per second. Since the flow is a direct function of the Lake Erie water elevation, it typically peaks in late spring or early summer. During the summer months, at least 2,800 cubic metres (99,000 cu ft) per second of water traverses the falls, some 90% of which goes over the Horseshoe Falls, while the balance is diverted to hydroelectric facilities. This is accomplished by employing a weir – the International Control Dam – with movable gates upstream from the Horseshoe Falls. The falls' flow is further halved at night, and, during the low tourist season in the winter, remains a minimum of 1,400 cubic metres (49,000 cu ft) per second. Water diversion is regulated by the 1950 Niagara Treaty and is administered by the International Niagara Board of Control (IJC). The verdant green colour of the water flowing over the Niagara Falls is a byproduct of the estimated 60 tonnes/minute of dissolved salts and ""rock flour"" (very finely ground rock) generated by the erosive force of the Niagara River itself. Peak visitor traffic occurs in the summertime, when Niagara Falls are both a daytime and evening attraction. From the Canadian side, floodlights illuminate both sides of the falls for several hours after dark (until midnight). The number of visitors in 2007 was expected to total 20 million, and by 2009 the annual rate was expected to top 28 million tourists. The oldest and best known tourist attraction at Niagara Falls is the Maid of the Mist boat cruise, named for an ancient Ongiara Indian mythical character, which has carried passengers into the rapids immediately below the falls since 1846. Cruise boats operate from boat docks on both sides of the falls, with the Maid of the Mist operating from the American side and Hornblower Cruises from the Canadian side. From the U.S. side, the American Falls can be viewed from walkways along Prospect Point Park, which also features the Prospect Point Observation Tower and a boat dock for the Maid of the Mist. Goat Island offers more views of the falls and is accessible by foot and automobile traffic by bridge above the American Falls. From Goat Island, the Cave of the Winds is accessible by elevator and leads hikers to a point beneath Bridal Veil Falls. Also on Goat Island are the Three Sisters Islands, the Power Portal where a huge statue of Nikola Tesla (the inventor whose patents for the AC induction motor and other devices for AC power transmission helped make the harnessing of the falls possible) can be seen, and a walking path that enables views of the rapids, the Niagara River, the gorge, and all of the falls. Most of these attractions lie within the Niagara Falls State Park. The Niagara Scenic Trolley offers guided trips along the American Falls and around Goat Island. Panoramic and aerial views of the falls can also be viewed by helicopter. The Niagara Gorge Discovery Center showcases the natural and local history of Niagara Falls and the Niagara Gorge. A casino and luxury hotel was opened in Niagara Falls, New York, by the Seneca Indian tribe. The Seneca Niagara Casino & Hotel occupies the former Niagara Falls Convention Center. The new hotel is the first addition to the city's skyline since completion of the United Office Building in the 1920s. On the Canadian side, Queen Victoria Park features manicured gardens, platforms offering views of both the American and Horseshoe Falls, and underground walkways leading into observation rooms that yield the illusion of being within the falling waters. The observation deck of the nearby Skylon Tower offers the highest view of the falls, and in the opposite direction gives views as far as Toronto. Along with the Minolta Tower (formerly the Seagrams Tower and the Konica Minolta Tower, and since 2010 called the Tower Hotel), it is one of two towers in Canada with a view of the falls. Along the Niagara River, the Niagara River Recreational Trail runs 35 miles (56 km) from Fort Erie to Fort George, and includes many historical sites from the War of 1812. The Whirlpool Aero Car, built in 1916 from a design by Spanish engineer Leonardo Torres y Quevedo, is a cable car that takes passengers over the Niagara Whirlpool on the Canadian side. The Journey Behind the Falls consists of an observation platform and series of tunnels near the bottom of the Horseshoe Falls on the Canadian side. There are two casinos on the Canadian side of Niagara Falls, the Niagara Fallsview Casino Resort and Casino Niagara. <a href="" https://en.wikipedia.org/wiki/Niagara_Falls "" rel=""noreferrer nofollow"">en.wikipedia.org/wiki/Niagara_Falls</a> <a href="" https://en.wikipedia.org/wiki/Wikipedia:Text_of_Creative_Commons_Attribution-ShareAlike_3.0_Unported_License "" rel=""noreferrer nofollow"">en.wikipedia.org/wiki/Wikipedia:Text_of_Creative_Commons_...</a>",4000,3000,1400,1050,8bb4fe23a7b057ae09b386cb95c7eb7d01d47de193626ec1f86047f0ef6d361e,d7d3f87ad2922828,46.78
luxury_motivation,40,executive,visual-harvest-400/luxury_motivation/040_executive_miami-skyline-mhh-6123.jpg,File:Miami skyline Mhh 6123.jpg,https://commons.wikimedia.org/wiki/File:Miami_skyline_Mhh_6123.jpg,https://upload.wikimedia.org/wikipedia/commons/thumb/1/12/Miami_skyline_Mhh_6123.jpg/1920px-Miami_skyline_Mhh_6123.jpg,"State of Florida, Stacy Ferris Prato (Photographer)",Public domain,,Photo of Miami skyline taken by the Florida Governor's office at the opening ceremony for a Port of Miami tunnel,3000,2000,1400,933,98895b5f33982aa86e4c979eae72e0ea164df9be6cca60f4258b776f35f9ab97,90f3c77652e6c10b,33.918
luxury_motivation,41,executive,visual-harvest-400/luxury_motivation/041_executive_new-orleans-business-district-skyline-st-158-52-62.jpg,File:New Orleans Business District Skyline-ST-158-52-62.jpg,https://commons.wikimedia.org/wiki/File:New_Orleans_Business_District_Skyline-ST-158-52-62.jpg,https://upload.wikimedia.org/wikipedia/commons/4/4b/New_Orleans_Business_District_Skyline-ST-158-52-62.jpg,Harold L. Sellers,Public domain,,"Aerial view of New Orleans, Louisiana, as White House Communications Agency (WHCA) staff set up equipment for President John F. Kennedy’s visit. [Photograph by Harold Sellers] 4 May 1962 View with Loyola Avenue running down bottom of photo, Rampart Street one beyond, and New Orleans Central Business District skyline beyond. The tallest building visible is 225 Baronne, still under construction at the time but recently topped out, the tallest building in the city at the time.",1000,983,1000,983,f149b7a8d448392e80c1a92bb1b0b7db1a49ba41bcfbac5ebeb44951e8aa4f61,e8d52a542df2855e,46.224
luxury_motivation,42,mansion,visual-harvest-400/luxury_motivation/042_mansion_palacio-gangotena-quito-interior-grand-staircase-pic-2.jpg,"File:Palacio Gangotena, Quito (interior grand staircase) pic.2.jpg","https://commons.wikimedia.org/wiki/File:Palacio_Gangotena,_Quito_(interior_grand_staircase)_pic.2.jpg",https://upload.wikimedia.org/wikipedia/commons/thumb/7/73/Palacio_Gangotena%2C_Quito_%28interior_grand_staircase%29_pic.2.jpg/1920px-Palacio_Gangotena%2C_Quito_%28interior_grand_staircase%29_pic.2.jpg,David Adam Kess,CC BY-SA 4.0,https://creativecommons.org/licenses/by-sa/4.0,"Palacio Gangotena, Quito Ecuador (interior) El Centro Histórico de Quito Casa Gangotena Hotel Boutique en Quito, es una mansión restaurada y ubicada en el centro histórico de la ciudad. Centro Histórico de Quito Historic Center of Quito Boutique Hotel Photography by David Adam Kess",2592,1944,1400,1050,70d5d0507aa255240eea5f1386d5cd1f4f8d0eff14284d0bcd0621eb77b16ea7,ddf0934da45269b4,24.957
luxury_motivation,43,mansion,visual-harvest-400/luxury_motivation/043_mansion_palacio-gangotena-quito-interior-grand-staircase-pic-3.jpg,"File:Palacio Gangotena, Quito (interior grand staircase) pic.3.jpg","https://commons.wikimedia.org/wiki/File:Palacio_Gangotena,_Quito_(interior_grand_staircase)_pic.3.jpg",https://upload.wikimedia.org/wikipedia/commons/thumb/f/f2/Palacio_Gangotena%2C_Quito_%28interior_grand_staircase%29_pic.3.jpg/1920px-Palacio_Gangotena%2C_Quito_%28interior_grand_staircase%29_pic.3.jpg,David Adam Kess,CC BY-SA 4.0,https://creativecommons.org/licenses/by-sa/4.0,"Palacio Gangotena, Quito Ecuador (interior) El Centro Histórico de Quito Casa Gangotena Hotel Boutique en Quito, es una mansión restaurada y ubicada en el centro histórico de la ciudad. Centro Histórico de Quito Historic Center of Quito Boutique Hotel Photography by David Adam Kess",2592,1944,1400,1050,6bc0dcaf15547334ee807b1ab22dd8e35d76e2f5e709949dcc78c6e1102360e2,e6748c66a54c6799,32.749
luxury_motivation,44,mansion,visual-harvest-400/luxury_motivation/044_mansion_wrought-iron-staircase-law-mansion-interior-25-baburam-sil-lane-kolkat.jpg,File:Wrought-iron Staircase - Law Mansion Interior - 25 Baburam Sil Lane - Kolkata 2017-09-02 2667.JPG,https://commons.wikimedia.org/wiki/File:Wrought-iron_Staircase_-_Law_Mansion_Interior_-_25_Baburam_Sil_Lane_-_Kolkata_2017-09-02_2667.JPG,https://upload.wikimedia.org/wikipedia/commons/thumb/9/99/Wrought-iron_Staircase_-_Law_Mansion_Interior_-_25_Baburam_Sil_Lane_-_Kolkata_2017-09-02_2667.JPG/1920px-Wrought-iron_Staircase_-_Law_Mansion_Interior_-_25_Baburam_Sil_Lane_-_Kolkata_2017-09-02_2667.JPG,Biswarup Ganguly,CC BY 3.0,https://creativecommons.org/licenses/by/3.0,"This photograph was taken at the Laha (anglicized: Law) Bari, Bowbazar area, Kolkata.",4000,6016,931,1400,0b1ba1211b489ec123b51f633386fa789d04376be618f7981c6978f9aee9fca7,8707c9ce97cc1559,25.466
luxury_motivation,45,mansion,visual-harvest-400/luxury_motivation/045_mansion_wrought-iron-staircase-law-mansion-interior-25-baburam-sil-lane-kolkat.jpg,File:Wrought-iron Staircase - Law Mansion Interior - 25 Baburam Sil Lane - Kolkata 2017-09-02 2627.JPG,https://commons.wikimedia.org/wiki/File:Wrought-iron_Staircase_-_Law_Mansion_Interior_-_25_Baburam_Sil_Lane_-_Kolkata_2017-09-02_2627.JPG,https://upload.wikimedia.org/wikipedia/commons/thumb/e/e9/Wrought-iron_Staircase_-_Law_Mansion_Interior_-_25_Baburam_Sil_Lane_-_Kolkata_2017-09-02_2627.JPG/1920px-Wrought-iron_Staircase_-_Law_Mansion_Interior_-_25_Baburam_Sil_Lane_-_Kolkata_2017-09-02_2627.JPG,Biswarup Ganguly,CC BY 3.0,https://creativecommons.org/licenses/by/3.0,"This photograph was taken at the Laha (anglicized: Law) Bari, Bowbazar area, Kolkata.",4000,6016,931,1400,49ad388abe2315c44ff7717f88f51cc64b8d34d640ff273d2c9fe4b9bf5f6af4,ba2f0361789ec51b,40.142
luxury_motivation,46,mansion,visual-harvest-400/luxury_motivation/046_mansion_interior-of-lydia-paulino-vda-del-rosario-mansion-2026-06-21-poblacion.jpg,File:Interior of Lydia Paulino vda del Rosario Mansion 2026-06-21 Poblacion San Miguel 04.jpg,https://commons.wikimedia.org/wiki/File:Interior_of_Lydia_Paulino_vda_del_Rosario_Mansion_2026-06-21_Poblacion_San_Miguel_04.jpg,https://upload.wikimedia.org/wikipedia/commons/thumb/b/b1/Interior_of_Lydia_Paulino_vda_del_Rosario_Mansion_2026-06-21_Poblacion_San_Miguel_04.jpg/1920px-Interior_of_Lydia_Paulino_vda_del_Rosario_Mansion_2026-06-21_Poblacion_San_Miguel_04.jpg,P1898,CC BY 4.0,https://creativecommons.org/licenses/by/4.0,Lydia Paulino “La Sampaguita” Del Rosario Mansion (Lydia Paulino Vda. del Rosario House historic ancestral home Poblacion San Miguel de Mayumo built around 1908 first owned by Dr. Mendoza),3479,2912,1400,1172,45f0bf2a81b9f307c384538181462836aa334594e318c2d4cebb215d2ee08003,aeaab46a5866ca39,23.36
luxury_motivation,47,mansion,visual-harvest-400/luxury_motivation/047_mansion_spiral-staircase-cheong-fatt-tze-mansion-george-town-penang-malaysia-2.jpg,"File:Spiral staircase, Cheong Fatt Tze Mansion, George Town, Penang, Malaysia - 20140602.jpg","https://commons.wikimedia.org/wiki/File:Spiral_staircase,_Cheong_Fatt_Tze_Mansion,_George_Town,_Penang,_Malaysia_-_20140602.jpg",https://upload.wikimedia.org/wikipedia/commons/thumb/a/af/Spiral_staircase%2C_Cheong_Fatt_Tze_Mansion%2C_George_Town%2C_Penang%2C_Malaysia_-_20140602.jpg/1920px-Spiral_staircase%2C_Cheong_Fatt_Tze_Mansion%2C_George_Town%2C_Penang%2C_Malaysia_-_20140602.jpg,Jacklee,CC BY-SA 4.0,https://creativecommons.org/licenses/by-sa/4.0,"A spiral staircase in the Cheong Fatt Tze Mansion in George Town, Penang , Malaysia.",2448,3264,1050,1400,98e6eb8c0a4c5cad52eadad12fa02393873f1ad1889eb282fad12e4e636663c1,be4e83da894e9946,43.714
luxury_motivation,48,mansion,visual-harvest-400/luxury_motivation/048_mansion_palacio-gangotena-quito-interior-grand-staircase-pic-a9.jpg,"File:Palacio Gangotena, Quito (interior grand staircase) pic.a9.jpg","https://commons.wikimedia.org/wiki/File:Palacio_Gangotena,_Quito_(interior_grand_staircase)_pic.a9.jpg",https://upload.wikimedia.org/wikipedia/commons/thumb/d/de/Palacio_Gangotena%2C_Quito_%28interior_grand_staircase%29_pic.a9.jpg/1920px-Palacio_Gangotena%2C_Quito_%28interior_grand_staircase%29_pic.a9.jpg,David Adam Kess,CC BY-SA 4.0,https://creativecommons.org/licenses/by-sa/4.0,"Palacio Gangotena, Quito Ecuador (interior) El Centro Histórico de Quito Casa Gangotena Hotel Boutique en Quito, es una mansión restaurada y ubicada en el centro histórico de la ciudad. Centro Histórico de Quito Historic Center of Quito Boutique Hotel Photography by David Adam Kess",1944,2592,1050,1400,90628de4046cd3c80026cd74ac7767cc7b2e74141c26e95af76ceb37a9044127,b9e26c19c8cc0f3e,31.43
luxury_motivation,49,mansion,visual-harvest-400/luxury_motivation/049_mansion_palacio-gangotena-quito-interior-grand-staircase-pic-5.jpg,"File:Palacio Gangotena, Quito (interior grand staircase) pic.5.jpg","https://commons.wikimedia.org/wiki/File:Palacio_Gangotena,_Quito_(interior_grand_staircase)_pic.5.jpg",https://upload.wikimedia.org/wikipedia/commons/thumb/c/c2/Palacio_Gangotena%2C_Quito_%28interior_grand_staircase%29_pic.5.jpg/1920px-Palacio_Gangotena%2C_Quito_%28interior_grand_staircase%29_pic.5.jpg,David Adam Kess,CC BY-SA 4.0,https://creativecommons.org/licenses/by-sa/4.0,"Palacio Gangotena, Quito Ecuador (interior) El Centro Histórico de Quito Casa Gangotena Hotel Boutique en Quito, es una mansión restaurada y ubicada en el centro histórico de la ciudad. Centro Histórico de Quito Historic Center of Quito Boutique Hotel Photography by David Adam Kess",1944,2592,1050,1400,fe26ea53eb76920c76b7f9df513a2e6602cb102d7539713b72d7f6acb9708bd0,a5c39261d96cce36,37.027
luxury_motivation,50,monaco,visual-harvest-400/luxury_motivation/050_monaco_monaco-167543153.jpg,File:Monaco (167543153).jpeg,https://commons.wikimedia.org/wiki/File:Monaco_(167543153).jpeg,https://upload.wikimedia.org/wikipedia/commons/thumb/7/72/Monaco_%28167543153%29.jpeg/1920px-Monaco_%28167543153%29.jpeg,Fabian,CC BY 3.0,https://creativecommons.org/licenses/by/3.0,"La Condamine (Monaco) 500px provided description: Nice water reflections in Monaco harbour. [#France ,#Water ,#Long exposure ,#Night ,#Boats ,#Evening ,#Reflections ,#Hafen ,#Ship ,#Monaco ,#Harbour]",2048,1365,1400,933,8bdc44ca4a04058086a3d19aa31b17667d0b9f75425ec5f8ced8e5ecfcc79c3d,d53a2ad19d0a63a7,27.944
luxury_motivation,51,monaco,visual-harvest-400/luxury_motivation/051_monaco_monaco-city-interchange-164474927.jpg,File:Monaco City Interchange (164474927).jpeg,https://commons.wikimedia.org/wiki/File:Monaco_City_Interchange_(164474927).jpeg,https://upload.wikimedia.org/wikipedia/commons/thumb/0/00/Monaco_City_Interchange_%28164474927%29.jpeg/1920px-Monaco_City_Interchange_%28164474927%29.jpeg,Fabian,CC BY-SA 3.0,https://creativecommons.org/licenses/by-sa/3.0,"500px provided description: An interchange in Monaco, close to the harbour. [#France ,#Long exposure ,#Street ,#Night ,#City ,#Monaco ,#Traffic ,#Intersection ,#Monte Carlo ,#Serpentine ,#Langzeit Belichtung]",2048,1365,1400,933,85d58bc256216f63b80e89afb93f99eb722390156c34197348a3bc28d6b2f628,ce39544e3372c6f0,31.504
luxury_motivation,52,monaco,visual-harvest-400/luxury_motivation/052_monaco_monaco-fontvieille-48928513252.jpg,File:Monaco Fontvieille (48928513252).jpg,https://commons.wikimedia.org/wiki/File:Monaco_Fontvieille_(48928513252).jpg,https://upload.wikimedia.org/wikipedia/commons/thumb/2/25/Monaco_Fontvieille_%2848928513252%29.jpg/1920px-Monaco_Fontvieille_%2848928513252%29.jpg,"Pierre Blaché from Paris, France",CC0,http://creativecommons.org/publicdomain/zero/1.0/deed.en,Fontvieille (Monaco),7962,4479,1400,788,7ffa6f7a8143a4b9452ac452f89c0496fc8825c1bcec05ef4959d412cf448e7f,90903fa56a2fcbca,33.281
luxury_motivation,53,skyscraper,visual-harvest-400/luxury_motivation/053_skyscraper_twilight-over-the-modern-city-skyline-in-ratchadamri-district-bangkok-.jpg,"File:Twilight over the modern city skyline in Ratchadamri district, Bangkok, Thailand, July 2019 - Flickr - sergei.gussev.jpg","https://commons.wikimedia.org/wiki/File:Twilight_over_the_modern_city_skyline_in_Ratchadamri_district,_Bangkok,_Thailand,_July_2019_-_Flickr_-_sergei.gussev.jpg",https://upload.wikimedia.org/wikipedia/commons/thumb/0/08/Twilight_over_the_modern_city_skyline_in_Ratchadamri_district%2C_Bangkok%2C_Thailand%2C_July_2019_-_Flickr_-_sergei.gussev.jpg/1920px-Twilight_over_the_modern_city_skyline_in_Ratchadamri_district%2C_Bangkok%2C_Thailand%2C_July_2019_-_Flickr_-_sergei.gussev.jpg,Sergei Gussev,CC BY 4.0,https://creativecommons.org/licenses/by/4.0,"Twilight envelops the modern skyline of Bangkok's Ratchadamri district. Skyscrapers dominate the scene, illuminated by city lights against a backdrop of a darkening sky. Architectural styles vary from sleek, reflective glass towers to intricately detailed buildings, creating a visually dynamic cityscape. The tallest structures loom in the center, with several high-rise structures forming a dense urban cluster. The skyline reflects Bangkok's blend of modernity and tradition, set under partially cloudy skies tinged with the last light of sunset.",3903,2355,1400,844,f59228caceffe867d2f86a39bbc2b8a7e6981707324a81d033f509d5c9a327d1,86822b797544df9a,38.623
luxury_motivation,54,skyscraper,visual-harvest-400/luxury_motivation/054_skyscraper_1-singapore-skyline.jpg,File:1 Singapore skyline.jpg,https://commons.wikimedia.org/wiki/File:1_Singapore_skyline.jpg,https://upload.wikimedia.org/wikipedia/commons/thumb/6/6c/1_Singapore_skyline.jpg/1920px-1_Singapore_skyline.jpg,chensiyuan,CC BY-SA 3.0,https://creativecommons.org/licenses/by-sa/3.0,Singapore city night skyline from Marina Bay Sands panorama 2010,6185,2626,1400,594,bba49ab54fb67a18196a4d5cc45c64747241af59fc3c6dcee213b9ba95d68f61,c6c3cc394a3baccc,37.142
luxury_motivation,55,skyscraper,visual-harvest-400/luxury_motivation/055_skyscraper_dz6-0644-moonlit-coastline-and-city-lights-stretch-along-the-beachfron.jpg,File:DZ6 0644 Moonlit coastline and city lights stretch along the beachfront as the night hums with life.jpg,https://commons.wikimedia.org/wiki/File:DZ6_0644_Moonlit_coastline_and_city_lights_stretch_along_the_beachfront_as_the_night_hums_with_life.jpg,https://upload.wikimedia.org/wikipedia/commons/thumb/3/3c/DZ6_0644_Moonlit_coastline_and_city_lights_stretch_along_the_beachfront_as_the_night_hums_with_life.jpg/1920px-DZ6_0644_Moonlit_coastline_and_city_lights_stretch_along_the_beachfront_as_the_night_hums_with_life.jpg,PattayaPatrol,CC BY-SA 4.0,https://creativecommons.org/licenses/by-sa/4.0,"This is a stunning nighttime aerial view of what appears to be a coastal city skyline. The photo shows a beautiful beachfront with a lit-up promenade or boulevard lined with palm trees along the shoreline. On the left side is the dark ocean, while the right side features the illuminated cityscape with various high-rise buildings and skyscrapers creating a glittering urban landscape. The city has a mix of building heights with some taller skyscrapers in the background and smaller structures closer to the beach. There are some colorful lights visible, including what look like swimming pools or event spaces with blue lighting. The entire scene captures the vibrant nightlife of this coastal urban area from an elevated perspective. This could be Miami Beach, Fort Lauderdale, or another similar coastal resort city with a developed waterfront and skyline.",6048,4024,1400,931,8884dfa481d55dd8e9037a6406c3ea944c13dd17054cbc84d9e7f876882e4cbf,c60e79e10ffc818b,36.535
luxury_motivation,56,skyscraper,visual-harvest-400/luxury_motivation/056_skyscraper_1-singapore-city-skyline-dusk-panorama-2011.jpg,File:1 singapore city skyline dusk panorama 2011.jpg,https://commons.wikimedia.org/wiki/File:1_singapore_city_skyline_dusk_panorama_2011.jpg,https://upload.wikimedia.org/wikipedia/commons/thumb/3/3e/1_singapore_city_skyline_dusk_panorama_2011.jpg/1920px-1_singapore_city_skyline_dusk_panorama_2011.jpg,chenisyuan,CC BY-SA 4.0,https://creativecommons.org/licenses/by-sa/4.0,"Skyline of Boat Quay in Singapore . The cluster of skyscrapers in the right half of the photograph constitutes the Central Business District of Singapore, and include the following buildings: UOB Plaza OUB Centre Supreme Court City Hall The buildings on the left half of the image include: Marina Bay Sands Esplanade",4254,2830,1400,931,83f08cae0ec8fac079b60e942a0b30ac2986639097bf7bf70a26d9c3fa4bd6ca,c49d10470fa5fa1f,28.464
luxury_motivation,57,skyscraper,visual-harvest-400/luxury_motivation/057_skyscraper_night-in-yekaterinburg-january-2023-14.jpg,File:Night in Yekaterinburg (January 2023) - 14.jpg,https://commons.wikimedia.org/wiki/File:Night_in_Yekaterinburg_(January_2023)_-_14.jpg,https://upload.wikimedia.org/wikipedia/commons/thumb/9/95/Night_in_Yekaterinburg_%28January_2023%29_-_14.jpg/1920px-Night_in_Yekaterinburg_%28January_2023%29_-_14.jpg,Vyacheslav Buharov,CC BY-SA 2.0,https://creativecommons.org/licenses/by-sa/2.0,Вечерний Екатеринбург с высоты. Плотина и центральный район.,5472,3078,1400,788,62947c8e6f1e57aff5a9d532836c34f87d141a9f5188bdda82f490075e3fefe6,936c2acd338e64ba,42.463
luxury_motivation,58,skyscraper,visual-harvest-400/luxury_motivation/058_skyscraper_warsaw-city-center-in-winter-at-night-december-2023.jpg,File:Warsaw city center in winter at night December 2023.jpg,https://commons.wikimedia.org/wiki/File:Warsaw_city_center_in_winter_at_night_December_2023.jpg,https://upload.wikimedia.org/wikipedia/commons/thumb/4/4e/Warsaw_city_center_in_winter_at_night_December_2023.jpg/1920px-Warsaw_city_center_in_winter_at_night_December_2023.jpg,Oleslawlama,CC BY-SA 4.0,https://creativecommons.org/licenses/by-sa/4.0,"The photo captures a panoramic view of central Warsaw in early December 2023, taken at night from a skyscraper window. The city's rooftops and streets are covered in a layer of snow. In the background, illuminated skyscrapers and city lights are visible, with a modern office building in the foreground. The overcast, snowy sky contributes to the atmosphere of a winter urban landscape.",3264,2448,1400,1050,d03c0a51e07e51db6298aeea02cf0a0112b04731e13c0fff8f475216aa506791,d4a7a92b525d942b,35.136
luxury_motivation,59,skyscraper,visual-harvest-400/luxury_motivation/059_skyscraper_dfc-4637-pattaya-city-glowing-at-night-a-sea-of-lights-stretching-acro.jpg,File:DFC 4637 Pattaya City glowing at night - a sea of lights stretching across Nong Pla Lai Bang Lamung District.jpg,https://commons.wikimedia.org/wiki/File:DFC_4637_Pattaya_City_glowing_at_night_-_a_sea_of_lights_stretching_across_Nong_Pla_Lai_Bang_Lamung_District.jpg,https://upload.wikimedia.org/wikipedia/commons/thumb/7/7d/DFC_4637_Pattaya_City_glowing_at_night_-_a_sea_of_lights_stretching_across_Nong_Pla_Lai_Bang_Lamung_District.jpg/1920px-DFC_4637_Pattaya_City_glowing_at_night_-_a_sea_of_lights_stretching_across_Nong_Pla_Lai_Bang_Lamung_District.jpg,PattayaPatrol,CC BY-SA 4.0,https://creativecommons.org/licenses/by-sa/4.0,"This photo shows a stunning nighttime aerial view of Pattaya City in Thailand. The photograph captures the sprawling urban landscape illuminated by countless lights, creating a mesmerizing pattern across the cityscape. In the foreground, you can see buildings and streets lit up, while in the distance, taller skyscrapers and high-rise buildings punctuate the skyline. The contrast between the dark night sky and the bright city lights creates a dramatic effect. This panoramic view showcases the density and scale of the urban development in this popular coastal city, with lights extending far into the distance, highlighting the city's vibrant nightlife and extensive urban sprawl.",5568,3712,1400,933,8dcd7b2d32b55931317d47fee6cf598588cdf91fd6485fa8be2a364839db5877,c3bc533a883de323,42.519
luxury_motivation,60,skyscraper,visual-harvest-400/luxury_motivation/060_skyscraper_london-flickr-pierre-blach.jpg,File:London - Flickr - Pierre Blaché.jpg,https://commons.wikimedia.org/wiki/File:London_-_Flickr_-_Pierre_Blach%C3%A9.jpg,https://upload.wikimedia.org/wikipedia/commons/thumb/2/28/London_-_Flickr_-_Pierre_Blach%C3%A9.jpg/1920px-London_-_Flickr_-_Pierre_Blach%C3%A9.jpg,"Pierre Blaché from Paris, France",CC0,http://creativecommons.org/publicdomain/zero/1.0/deed.en,Sunset view from The Shard,5969,3358,1400,788,aa9fd3ef07420dc03e51851ef491e432e556229f260fcf3b2a412d3a96e6f3ce,c0d76b0e3b3c0e93,30.325
luxury_motivation,61,architecture,visual-harvest-400/luxury_motivation/061_architecture_canopy-bed-of-khan-pool-suite-in-amantaka-luxury-resort-hotel-in-luang.jpg,File:Canopy bed of Khan Pool Suite in Amantaka luxury Resort & Hotel in Luang Prabang Laos.jpg,https://commons.wikimedia.org/wiki/File:Canopy_bed_of_Khan_Pool_Suite_in_Amantaka_luxury_Resort_%26_Hotel_in_Luang_Prabang_Laos.jpg,https://upload.wikimedia.org/wikipedia/commons/thumb/9/9e/Canopy_bed_of_Khan_Pool_Suite_in_Amantaka_luxury_Resort_%26_Hotel_in_Luang_Prabang_Laos.jpg/1920px-Canopy_bed_of_Khan_Pool_Suite_in_Amantaka_luxury_Resort_%26_Hotel_in_Luang_Prabang_Laos.jpg,Basile Morin,CC BY-SA 4.0,https://creativecommons.org/licenses/by-sa/4.0,"Canopy bed of Khan Pool Suite in Amantaka luxury resort and hotel in Luang Prabang , Laos . Amantaka is one of the 34 properties operated by Aman Resorts , hospitality company founded by Indonesian hotelier Adrian Zecha in 1988, present in more than 20 countries. The hotel, located in a French colonial building, opened in September 2009. A boutique hotel, it contains 24 lavish suites, encircling a central courtyard and is designed with a mixture of traditional Lao furnishings and modern. The suites range in size from 70 to 120 square metres and include eight suites, four pool suites, eight Khan pool suites, two Mekong pool suites and two Amantaka pool suites. All of the rooms have a king-sized bed centre of the suites beneath a traditional high ceiling. They are painted in white and have mahogany or dark wood furnishings and windows. The rooms are reported to be between 1,100 USD and 1,900 USD a night.",6390,4260,1400,933,79d91becfc5996cb3152b1d9f457847f97ec6659af7be97563a1cd371848898e,abdf2154d025caf1,41.607
luxury_motivation,62,architecture,visual-harvest-400/luxury_motivation/062_architecture_interior-of-the-library-at-amantaka-luxury-resort-hotel-in-luang-praba.jpg,File:Interior of the library at Amantaka luxury Resort & Hotel in Luang Prabang Laos.jpg,https://commons.wikimedia.org/wiki/File:Interior_of_the_library_at_Amantaka_luxury_Resort_%26_Hotel_in_Luang_Prabang_Laos.jpg,https://upload.wikimedia.org/wikipedia/commons/thumb/f/fc/Interior_of_the_library_at_Amantaka_luxury_Resort_%26_Hotel_in_Luang_Prabang_Laos.jpg/1920px-Interior_of_the_library_at_Amantaka_luxury_Resort_%26_Hotel_in_Luang_Prabang_Laos.jpg,Basile Morin,CC BY-SA 4.0,https://creativecommons.org/licenses/by-sa/4.0,"Interior of the library at Amantaka luxury resort and hotel in Luang Prabang , Laos . Amantaka is one of the 34 properties operated by Aman Resorts , hospitality company founded by Indonesian hotelier Adrian Zecha in 1988, present in more than 20 countries. The hotel, located in a French colonial building, opened in September 2009. A boutique hotel, it contains 24 lavish suites, encircling a central courtyard and is designed with a mixture of traditional Lao furnishings and modern. The suites range in size from 70 to 120 square metres and include eight suites, four pool suites, eight Khan pool suites, two Mekong pool suites and two Amantaka pool suites. All of the rooms have a king-sized bed centre of the suites beneath a traditional high ceiling. They are painted in white and have mahogany or dark wood furnishings and windows. The rooms are reported to be between 1,100 USD and 1,900 USD a night.",5545,3697,1400,933,d9143f82dbaeaa834860646e49f99075e00eaa129797f43a51d646f788e9b2a3,c81fc2d4a3c43dc7,42.215
luxury_motivation,63,architecture,visual-harvest-400/luxury_motivation/063_architecture_glass-door-of-the-library-at-amantaka-luxury-resort-hotel-in-luang-pra.jpg,File:Glass door of the library at Amantaka luxury Resort & Hotel in Luang Prabang Laos.jpg,https://commons.wikimedia.org/wiki/File:Glass_door_of_the_library_at_Amantaka_luxury_Resort_%26_Hotel_in_Luang_Prabang_Laos.jpg,https://upload.wikimedia.org/wikipedia/commons/thumb/0/0f/Glass_door_of_the_library_at_Amantaka_luxury_Resort_%26_Hotel_in_Luang_Prabang_Laos.jpg/1920px-Glass_door_of_the_library_at_Amantaka_luxury_Resort_%26_Hotel_in_Luang_Prabang_Laos.jpg,Basile Morin,CC BY-SA 4.0,https://creativecommons.org/licenses/by-sa/4.0,"Glass door of the library given to the terrasse at Amantaka luxury resort and hotel in Luang Prabang , Laos . Amantaka is one of the 34 properties operated by Aman Resorts , hospitality company founded by Indonesian hotelier Adrian Zecha in 1988, present in more than 20 countries. The hotel, located in a French colonial building, opened in September 2009. A boutique hotel, it contains 24 lavish suites, encircling a central courtyard and is designed with a mixture of traditional Lao furnishings and modern. The suites range in size from 70 to 120 square metres and include eight suites, four pool suites, eight Khan pool suites, two Mekong pool suites and two Amantaka pool suites. All of the rooms have a king-sized bed centre of the suites beneath a traditional high ceiling. They are painted in white and have mahogany or dark wood furnishings and windows. The rooms are reported to be between 1,100 USD and 1,900 USD a night.",6048,4032,1400,933,3afa4c4645c787fed56238b6a6d6e34e6799db79ff848d41a6163b9fbd983169,c2b2ce145624dfad,49.635
luxury_motivation,64,architecture,visual-harvest-400/luxury_motivation/064_architecture_entrance-of-amantaka-luxury-resort-hotel-at-blue-hour-in-luang-prabang.jpg,File:Entrance of Amantaka luxury Resort & Hotel at blue hour in Luang Prabang Laos.jpg,https://commons.wikimedia.org/wiki/File:Entrance_of_Amantaka_luxury_Resort_%26_Hotel_at_blue_hour_in_Luang_Prabang_Laos.jpg,https://upload.wikimedia.org/wikipedia/commons/thumb/f/f3/Entrance_of_Amantaka_luxury_Resort_%26_Hotel_at_blue_hour_in_Luang_Prabang_Laos.jpg/1920px-Entrance_of_Amantaka_luxury_Resort_%26_Hotel_at_blue_hour_in_Luang_Prabang_Laos.jpg,Basile Morin,CC BY-SA 4.0,https://creativecommons.org/licenses/by-sa/4.0,"Entrance of Amantaka luxury resort and hotel, seen from outside at blue hour with candle lanterns, in Luang Prabang , Laos . Amantaka is one of the 34 properties operated by Aman Resorts , hospitality company founded by Indonesian hotelier Adrian Zecha in 1988, present in more than 20 countries. The hotel, located in a French colonial building, opened in September 2009. A boutique hotel, it contains 24 lavish suites, encircling a central courtyard and is designed with a mixture of traditional Lao furnishings and modern. The suites range in size from 70 to 120 square metres and include eight suites, four pool suites, eight Khan pool suites, two Mekong pool suites and two Amantaka pool suites. All of the rooms have a king-sized bed centre of the suites beneath a traditional high ceiling. They are painted in white and have mahogany or dark wood furnishings and windows. The rooms are reported to be between 1,100 USD and 1,900 USD a night.",6057,4038,1400,933,dd91d23273df2e724a31577e82bda2945cde4b241f3dd1290131f3b47415f22b,c371f1d9fbe00988,35.763
luxury_motivation,65,architecture,visual-harvest-400/luxury_motivation/065_architecture_lobby-lounge-of-amantaka-suite-amantaka-luxury-resort-hotel-luang-prab.jpg,File:Lobby lounge of Amantaka Suite Amantaka luxury Resort & Hotel Luang Prabang Laos.jpg,https://commons.wikimedia.org/wiki/File:Lobby_lounge_of_Amantaka_Suite_Amantaka_luxury_Resort_%26_Hotel_Luang_Prabang_Laos.jpg,https://upload.wikimedia.org/wikipedia/commons/thumb/b/b1/Lobby_lounge_of_Amantaka_Suite_Amantaka_luxury_Resort_%26_Hotel_Luang_Prabang_Laos.jpg/1920px-Lobby_lounge_of_Amantaka_Suite_Amantaka_luxury_Resort_%26_Hotel_Luang_Prabang_Laos.jpg,Basile Morin,CC BY-SA 4.0,https://creativecommons.org/licenses/by-sa/4.0,"Lobby lounge of Amantaka Suite, in Amantaka luxury resort and hotel in Luang Prabang , Laos , with comfortable armchair and couch, wooden furniture, coffee machine and lamps. Amantaka is one of the 34 properties operated by Aman Resorts , hospitality company founded by Indonesian hotelier Adrian Zecha in 1988, present in more than 20 countries. The hotel, located in a French colonial building, opened in September 2009. A boutique hotel, it contains 24 lavish suites, encircling a central courtyard and is designed with a mixture of traditional Lao furnishings and modern. The suites range in size from 70 to 120 square metres and include eight suites, four pool suites, eight Khan pool suites, two Mekong pool suites and two Amantaka pool suites. All of the rooms have a king-sized bed centre of the suites beneath a traditional high ceiling. They are painted in white and have mahogany or dark wood furnishings and windows. The rooms are reported to be between 1,100 USD and 1,900 USD a night.",5859,3906,1400,933,433a44959f3644930555e9b198941c169db1a9bcfd3476a68280d0735b3a3c0a,b9f1423e8b97924a,39.607
luxury_motivation,66,architecture,visual-harvest-400/luxury_motivation/066_architecture_hotel-ca-sagredo-grand-canal-rialto-venice-italy-venezia-creative-comm.jpg,File:Hotel Ca Sagredo - Grand Canal - Rialto - Venice Italy Venezia - Creative Commons by gnuckx (4776649596).jpg,https://commons.wikimedia.org/wiki/File:Hotel_Ca_Sagredo_-_Grand_Canal_-_Rialto_-_Venice_Italy_Venezia_-_Creative_Commons_by_gnuckx_(4776649596).jpg,https://upload.wikimedia.org/wikipedia/commons/thumb/b/b0/Hotel_Ca_Sagredo_-_Grand_Canal_-_Rialto_-_Venice_Italy_Venezia_-_Creative_Commons_by_gnuckx_%284776649596%29.jpg/1920px-Hotel_Ca_Sagredo_-_Grand_Canal_-_Rialto_-_Venice_Italy_Venezia_-_Creative_Commons_by_gnuckx_%284776649596%29.jpg,gnuckx,CC BY 2.0,https://creativecommons.org/licenses/by/2.0,"Hotel Ca' Sagredo in Venice is a masterpiece in itself! Set in an elegant, 15th century palace overlooking the Grand Canal close to the renown Rialto bridge, it features antique furnitures and original works of art in all rooms. From the most important Venetian painters of the 17th and 18th century: Nicolò Bambini, Giambattista Tiepolo, Sebastiano Ricci, Pietro Longhi, amongst many others. This wonderfull 5 star hotel in Venice is near the Rialto Bridge. Its original architecture and impressive collection of art make this hotel really special. If you dream of Venice you will dream of Ca’ Sagredo: romantic, mysterious, unforgettable. A Private Palazzo, a Noble Residence, a Museum, a Luxury Hotel and much more… this all is Ca’ Sagredo. The water streets of Venice are canals which are navigated by gondolas and other small boats. During daylight hours the canals, bridges, and streets of Venice are full of tourists eager to experience the romance of this great travel destination. As night engulfs the town, tourists enjoy some fine dining at one of the many restaurants, leaving the waterways and streets quiet. The gondola is a traditional, flat-bottomed Venetian rowing boat, well suited to the conditions of the Venetian Lagoon. For centuries gondolas were once the chief means of transportation and most common watercraft within Venice. In modern times the iconic boats still have a role in public transport in the city, serving as ferries over the Grand Canal. They are also used in special regattas (rowing races) held amongst gondoliers. Their main role, however, is to carry tourists on rides throughout the canals. Gondolas are hand made using 8 different types of wood (fir, oak, cherry, walnut, elm, mahogany, larch and lime) and are composed of 280 pieces. The oars are made of beech wood. The left side of the gondola is longer than the right side. This asymmetry causes the gondola to resist the tendency to turn toward the left at the forward stroke.",4177,2773,1400,930,faf6eb8386a1abb541de2bfc646b4d103f6201f35b812526424b153957e5b9af,93d743ba219835d6,41.659
luxury_motivation,67,architecture,visual-harvest-400/luxury_motivation/067_architecture_pal-cio-ludovice-wine-experience-hotel-entrance-at-night-lisbon-547483.jpg,"File:Palácio Ludovice Wine Experience Hotel Entrance at Night, Lisbon (54748362902).jpg","https://commons.wikimedia.org/wiki/File:Pal%C3%A1cio_Ludovice_Wine_Experience_Hotel_Entrance_at_Night,_Lisbon_(54748362902).jpg",https://upload.wikimedia.org/wikipedia/commons/thumb/d/d6/Pal%C3%A1cio_Ludovice_Wine_Experience_Hotel_Entrance_at_Night%2C_Lisbon_%2854748362902%29.jpg/1920px-Pal%C3%A1cio_Ludovice_Wine_Experience_Hotel_Entrance_at_Night%2C_Lisbon_%2854748362902%29.jpg,"Dale Cruse - 10M views from San Francisco, CA, USA",CC BY 4.0,https://creativecommons.org/licenses/by/4.0,"The Palácio Ludovice Wine Experience Hotel glows warmly in this Lisbon night scene, its grand entrance lit against the richly colored yellow facade of the Baixa district. Once the residence of João Frederico Ludovice, the royal architect to King João V, the palace has been transformed into a boutique hotel celebrating Portugal’s wine culture. Elegant wrought-iron balconies and the sculpted archway frame the illuminated doorway, offering glimpses of the stylish interior beyond. The cobblestone street and tram tracks in the foreground anchor the scene in Lisbon’s historic rhythm, blending centuries of architectural heritage with modern luxury and a timeless urban charm.",11656,8742,1400,1050,a0ae108571f3582785bf14246c7c3dc056e85fc4ef5600e79423876f90f8cf75,9f8062cb69263776,45.16
luxury_motivation,68,architecture,visual-harvest-400/luxury_motivation/068_architecture_row-of-round-tables-and-doors-in-restaurant-of-amantaka-luxury-resort-.jpg,File:Row of round tables and doors in restaurant of Amantaka luxury Resort & Hotel in Luang Prabang Laos.jpg,https://commons.wikimedia.org/wiki/File:Row_of_round_tables_and_doors_in_restaurant_of_Amantaka_luxury_Resort_%26_Hotel_in_Luang_Prabang_Laos.jpg,https://upload.wikimedia.org/wikipedia/commons/thumb/3/39/Row_of_round_tables_and_doors_in_restaurant_of_Amantaka_luxury_Resort_%26_Hotel_in_Luang_Prabang_Laos.jpg/1920px-Row_of_round_tables_and_doors_in_restaurant_of_Amantaka_luxury_Resort_%26_Hotel_in_Luang_Prabang_Laos.jpg,Basile Morin,CC BY-SA 4.0,https://creativecommons.org/licenses/by-sa/4.0,"Row of round wooden tables and doors in the restaurant of Amantaka luxury resort and hotel in Luang Prabang , Laos , serving breakfasts, lunches and dinners . Amantaka is one of the 34 properties operated by Aman Resorts , hospitality company founded by Indonesian hotelier Adrian Zecha in 1988, present in more than 20 countries. The hotel, located in a French colonial building, opened in September 2009. A boutique hotel, it contains 24 lavish suites, encircling a central courtyard and is designed with a mixture of traditional Lao furnishings and modern. The suites range in size from 70 to 120 square metres and include eight suites, four pool suites, eight Khan pool suites, two Mekong pool suites and two Amantaka pool suites. All of the rooms have a king-sized bed centre of the suites beneath a traditional high ceiling. They are painted in white and have mahogany or dark wood furnishings and windows. The rooms are reported to be between 1,100 USD and 1,900 USD a night. Focus stacked image.",5792,4431,1400,1071,e94efc93c08c1edfe23de902f5f44103b8c24b1206304aac8d4395ece3023bde,defc09c739c0183d,47.142
luxury_motivation,69,yacht-deck,visual-harvest-400/luxury_motivation/069_yacht-deck_the-royal-clipper-at-sea-with-sails-unfurled-33345187538.jpg,File:The Royal Clipper at Sea with Sails Unfurled - 33345187538.jpg,https://commons.wikimedia.org/wiki/File:The_Royal_Clipper_at_Sea_with_Sails_Unfurled_-_33345187538.jpg,https://upload.wikimedia.org/wikipedia/commons/thumb/7/75/The_Royal_Clipper_at_Sea_with_Sails_Unfurled_-_33345187538.jpg/1920px-The_Royal_Clipper_at_Sea_with_Sails_Unfurled_-_33345187538.jpg,Corvair Owner,CC BY-SA 2.0,https://creativecommons.org/licenses/by-sa/2.0,"Rear view of the Royal Clipper at sea off the southeast coast of Italy, with all 42 sails unfurled. From the Star Clippers website: Inspired by the tall ship Preussen, the Royal Clipper has the proud distinction of being the largest and only five-masted full-rigged sailing ship built since her predecessor was launched at the beginning of the last century. With her complement of 42 sails, Royal Clipper is a splendid sight to behold. You might think she was an apparition from the grand age of sail, but Royal Clipper is as new as tomorrow, boasting state-of-the-art navigation systems and every comfort and luxury one could wish for. For connoisseurs of sail cruising, the 439 foot Royal Clipper offers the ultimate sea-going experience, balancing the grandeur, adventure and tradition of sailing with the superb service, amenities and accommodations of the finest modern yacht. Royal Clipper carries just 227 guests in luxurious style. A full 19,000 square feet of open deck and three swimming pools create a wonderfully spacious and expansive outdoor environment.",5568,3712,1400,933,ebe639466ed4894244f4f0d4750f92940fb55d2ececc662743873c2fd7fb9159,995966e6192cd91b,41.609
luxury_motivation,70,yacht-deck,visual-harvest-400/luxury_motivation/070_yacht-deck_the-royal-clipper-at-sea-with-sails-unfurled-33345185828.jpg,File:The Royal Clipper at Sea with Sails Unfurled - 33345185828.jpg,https://commons.wikimedia.org/wiki/File:The_Royal_Clipper_at_Sea_with_Sails_Unfurled_-_33345185828.jpg,https://upload.wikimedia.org/wikipedia/commons/thumb/7/73/The_Royal_Clipper_at_Sea_with_Sails_Unfurled_-_33345185828.jpg/1920px-The_Royal_Clipper_at_Sea_with_Sails_Unfurled_-_33345185828.jpg,Corvair Owner,CC BY-SA 2.0,https://creativecommons.org/licenses/by-sa/2.0,"The Royal Clipper at sea off the southeast coast of Italy, with all 42 sails unfurled. From the Star Clippers website: Inspired by the tall ship Preussen, the Royal Clipper has the proud distinction of being the largest and only five-masted full-rigged sailing ship built since her predecessor was launched at the beginning of the last century. With her complement of 42 sails, Royal Clipper is a splendid sight to behold. You might think she was an apparition from the grand age of sail, but Royal Clipper is as new as tomorrow, boasting state-of-the-art navigation systems and every comfort and luxury one could wish for. For connoisseurs of sail cruising, the 439 foot Royal Clipper offers the ultimate sea-going experience, balancing the grandeur, adventure and tradition of sailing with the superb service, amenities and accommodations of the finest modern yacht. Royal Clipper carries just 227 guests in luxurious style. A full 19,000 square feet of open deck and three swimming pools create a wonderfully spacious and expansive outdoor environment.",5568,3712,1400,933,7f7742f4fc5114ec2a6580172252cc43f73dd1be295b3978eeee9f122a421615,bdc225a552bdc139,41.714
luxury_motivation,71,yacht-deck,visual-harvest-400/luxury_motivation/071_yacht-deck_reverie-at-barcelona-imo-8975067-2928129268.jpg,File:Reverie at Barcelona - IMO 8975067 (2928129268).jpg,https://commons.wikimedia.org/wiki/File:Reverie_at_Barcelona_-_IMO_8975067_(2928129268).jpg,https://upload.wikimedia.org/wikipedia/commons/thumb/b/bc/Reverie_at_Barcelona_-_IMO_8975067_%282928129268%29.jpg/1920px-Reverie_at_Barcelona_-_IMO_8975067_%282928129268%29.jpg,"Andy Mitchell from Glasgow, UK",CC BY-SA 2.0,https://creativecommons.org/licenses/by-sa/2.0,"Luxury motor yacht ‘Reverie’ is one of the largest yachts built in Italy. Built by Benetti, she is 70m long with a 12,5m beam, has main seven decks and offers almost every conceivable luxury. Reverie is a very impressive, exclusive and unique charter yacht which cruises both the Mediterranean and Caribbean.",3072,2304,1400,1050,2963444591aaefe3c0e2b2422194dd435c73934466cdc9c925e70102233e19ba,ea96cc7b1d82186e,44.373
luxury_motivation,72,yacht-deck,visual-harvest-400/luxury_motivation/072_yacht-deck_dgj-3798-pearl-mist-sits-and-waits-interesting-reading-6053586722.jpg,File:DGJ 3798 - Pearl Mist - sits and waits...(interesting reading) (6053586722).jpg,https://commons.wikimedia.org/wiki/File:DGJ_3798_-_Pearl_Mist_-_sits_and_waits...(interesting_reading)_(6053586722).jpg,https://upload.wikimedia.org/wikipedia/commons/thumb/e/e7/DGJ_3798_-_Pearl_Mist_-_sits_and_waits...%28interesting_reading%29_%286053586722%29.jpg/1920px-DGJ_3798_-_Pearl_Mist_-_sits_and_waits...%28interesting_reading%29_%286053586722%29.jpg,Dennis G. Jarvis,CC BY-SA 2.0,https://creativecommons.org/licenses/by-sa/2.0,"This was taken at the Shelbourne Shipyard - interesting reading; In January 2008, the folks behind small-ship line American Cruise Lines announced the formation of a new cruise venture called Pearl Seas Cruises, which was to begin worldwide service in 2009 with a brand-new, all-suite ship called Pearl Mist. Hey, big news! New cruise line! Then problems began to surface. In May 2009, the ship's sea trials ended with the line claiming that deficiencies had been uncovered that required the cancellation of its planned inaugural season. The rest of 2009 came and went. Ditto for 2010. Word filtered out that Pearl Seas was engaged in a dispute with Nova Scotia–based Irving Shipbuilding, which had designed and built the 210-passenger vessel. Now today, the Halifax Chronicle Herald (newspaper) is reporting that Pearl Seas is suing Irving for some $60 million, claiming that the U.S. Coast Guard and the Republic of the Marshall Islands (where the ship is registered) have identified violations of the international Safety of Life at Sea (SOLAS) standards, which set the safety bar for merchant ships from construction through continuing operation. According to the lawsuit, Lloyd's Register, the ship's classification society (which inspects the vessel for compliance with safety regulations), has still not given Pearl Mist the green light, while the Marshall Islands declined ""'to register the vessel under the Marshall Islands flag’ due to material safety issues."" Pearl Seas' suit asks that its contract with Irving be cancelled, and seeks both the return of its $30 million investment in the vessel and an additional $30 million in damages. Meanwhile, Pearl Mist is apparently laid up in Shelbourne, Nova Scotia — and appears to be going nowhere. Ship Information: The intimacy of a yacht. The safety and comfort of a ship. Pearl Mist defines a new style of Luxury Adventure Small Ship Cruising. A brand-new luxury ships with latest technology in navigation, communication, stabilization, and speed, exceeding all of the latest international safety regulations-without sacrificing first-class appointments and meticulous attention to detail. 2010 :Year Built 2011 :Year Entered Fleet Marshall Islands :Country of Registry 6,000 Tonnage 210 Passengers (Double Occupancy) 6 Passenger Decks 65 Number of Crew American Officer's Nationality International Crew/Hotel Staff Staterooms 108 Total in all Categories 108 Oceanview w/ Balcony 2 Accessible Staterooms (all Categories)",4288,2848,1400,930,ea5475e45aeed4cece7a5231254f3859eb0ed260237f303bfa0c4617782f9c21,9d846a7f0381766e,41.744
luxury_motivation,73,yacht-deck,visual-harvest-400/luxury_motivation/073_yacht-deck_royal-clipper-at-sea.jpg,File:Royal Clipper at sea.jpg,https://commons.wikimedia.org/wiki/File:Royal_Clipper_at_sea.jpg,https://upload.wikimedia.org/wikipedia/commons/thumb/f/f7/Royal_Clipper_at_sea.jpg/1920px-Royal_Clipper_at_sea.jpg,Corvair Owner,CC BY-SA 2.0,https://creativecommons.org/licenses/by-sa/2.0,"The Royal Clipper at sea off the southeast coast of Italy, with all 42 sails unfurled. From the Star Clippers website: Inspired by the tall ship Preussen, the Royal Clipper has the proud distinction of being the largest and only five-masted full-rigged sailing ship built since her predecessor was launched at the beginning of the last century. With her complement of 42 sails, Royal Clipper is a splendid sight to behold. You might think she was an apparition from the grand age of sail, but Royal Clipper is as new as tomorrow, boasting state-of-the-art navigation systems and every comfort and luxury one could wish for. For connoisseurs of sail cruising, the 439 foot Royal Clipper offers the ultimate sea-going experience, balancing the grandeur, adventure and tradition of sailing with the superb service, amenities and accommodations of the finest modern yacht. Royal Clipper carries just 227 guests in luxurious style. A full 19,000 square feet of open deck and three swimming pools create a wonderfully spacious and expansive outdoor environment.",5023,3588,1400,1000,b4bcb2c16bfce92ffe53f71e4737b34e6a09cfa5d560022e1a68f71ab15e5bc7,efd014ef50a5d22c,42.326
luxury_motivation,74,yacht-deck,visual-harvest-400/luxury_motivation/074_yacht-deck_the-royal-clipper-at-sea-with-sails-unfurled-32278471677.jpg,File:The Royal Clipper at Sea with Sails Unfurled - 32278471677.jpg,https://commons.wikimedia.org/wiki/File:The_Royal_Clipper_at_Sea_with_Sails_Unfurled_-_32278471677.jpg,https://upload.wikimedia.org/wikipedia/commons/thumb/e/e9/The_Royal_Clipper_at_Sea_with_Sails_Unfurled_-_32278471677.jpg/1920px-The_Royal_Clipper_at_Sea_with_Sails_Unfurled_-_32278471677.jpg,Corvair Owner,CC BY-SA 2.0,https://creativecommons.org/licenses/by-sa/2.0,"The bow and anchor The Royal Clipper, at sea off the southeast coast of Italy, with all 42 sails unfurled. From the Star Clippers website: Inspired by the tall ship Preussen, the Royal Clipper has the proud distinction of being the largest and only five-masted full-rigged sailing ship built since her predecessor was launched at the beginning of the last century. With her complement of 42 sails, Royal Clipper is a splendid sight to behold. You might think she was an apparition from the grand age of sail, but Royal Clipper is as new as tomorrow, boasting state-of-the-art navigation systems and every comfort and luxury one could wish for. For connoisseurs of sail cruising, the 439 foot Royal Clipper offers the ultimate sea-going experience, balancing the grandeur, adventure and tradition of sailing with the superb service, amenities and accommodations of the finest modern yacht. Royal Clipper carries just 227 guests in luxurious style. A full 19,000 square feet of open deck and three swimming pools create a wonderfully spacious and expansive outdoor environment.",3712,5568,933,1400,0e9e2a559a9dbcb86f145754a2b8e611367726cf438825c47a4ce1043a19e32f,b1e64cb66359324e,40.38
luxury_motivation,75,yacht-deck,visual-harvest-400/luxury_motivation/075_yacht-deck_the-royal-clipper-at-sea-with-sails-unfurled.jpg,File:The Royal Clipper at Sea with Sails Unfurled.jpg,https://commons.wikimedia.org/wiki/File:The_Royal_Clipper_at_Sea_with_Sails_Unfurled.jpg,https://upload.wikimedia.org/wikipedia/commons/thumb/5/51/The_Royal_Clipper_at_Sea_with_Sails_Unfurled.jpg/1920px-The_Royal_Clipper_at_Sea_with_Sails_Unfurled.jpg,Corvair Owner,CC BY-SA 2.0,https://creativecommons.org/licenses/by-sa/2.0,"The Royal Clipper at sea off the southeast coast of Italy, with all 42 sails unfurled. From the Star Clippers website: Inspired by the tall ship Preussen, the Royal Clipper has the proud distinction of being the largest and only five-masted full-rigged sailing ship built since her predecessor was launched at the beginning of the last century. With her complement of 42 sails, Royal Clipper is a splendid sight to behold. You might think she was an apparition from the grand age of sail, but Royal Clipper is as new as tomorrow, boasting state-of-the-art navigation systems and every comfort and luxury one could wish for. For connoisseurs of sail cruising, the 439 foot Royal Clipper offers the ultimate sea-going experience, balancing the grandeur, adventure and tradition of sailing with the superb service, amenities and accommodations of the finest modern yacht. Royal Clipper carries just 227 guests in luxurious style. A full 19,000 square feet of open deck and three swimming pools create a wonderfully spacious and expansive outdoor environment.",5568,3712,1400,933,27ee90dc307add28d8b2f18c128986ede0a00be85f92659b563daba5d7901e91,bf83016a9f54d895,40.968
luxury_motivation,76,yacht-deck,visual-harvest-400/luxury_motivation/076_yacht-deck_the-royal-clipper-at-sea-with-sails-unfurled-47220703461.jpg,File:The Royal Clipper at Sea with Sails Unfurled - 47220703461.jpg,https://commons.wikimedia.org/wiki/File:The_Royal_Clipper_at_Sea_with_Sails_Unfurled_-_47220703461.jpg,https://upload.wikimedia.org/wikipedia/commons/thumb/1/11/The_Royal_Clipper_at_Sea_with_Sails_Unfurled_-_47220703461.jpg/1920px-The_Royal_Clipper_at_Sea_with_Sails_Unfurled_-_47220703461.jpg,Corvair Owner,CC BY-SA 2.0,https://creativecommons.org/licenses/by-sa/2.0,"The Royal Clipper at sea off the southeast coast of Italy, with all 42 sails unfurled. Perhaps my favorite shot of the ship. From the Star Clippers website: Inspired by the tall ship Preussen, the Royal Clipper has the proud distinction of being the largest and only five-masted full-rigged sailing ship built since her predecessor was launched at the beginning of the last century. With her complement of 42 sails, Royal Clipper is a splendid sight to behold. You might think she was an apparition from the grand age of sail, but Royal Clipper is as new as tomorrow, boasting state-of-the-art navigation systems and every comfort and luxury one could wish for. For connoisseurs of sail cruising, the 439 foot Royal Clipper offers the ultimate sea-going experience, balancing the grandeur, adventure and tradition of sailing with the superb service, amenities and accommodations of the finest modern yacht. Royal Clipper carries just 227 guests in luxurious style. A full 19,000 square feet of open deck and three swimming pools create a wonderfully spacious and expansive outdoor environment.",5004,3574,1400,1000,7b07330432654193848b493282f47924011bf1135f4c4fbd49c04ecb1adfd918,af9102bef5748c0d,41.376
luxury_motivation,77,work-focus,visual-harvest-400/luxury_motivation/077_work-focus_landowner-says-planning-and-care-essential-for-hardy-shelterbelt-86218.jpg,File:Landowner Says Planning and Care Essential for Hardy Shelterbelt (8621828547).jpg,https://commons.wikimedia.org/wiki/File:Landowner_Says_Planning_and_Care_Essential_for_Hardy_Shelterbelt_(8621828547).jpg,https://upload.wikimedia.org/wikipedia/commons/thumb/b/ba/Landowner_Says_Planning_and_Care_Essential_for_Hardy_Shelterbelt_%288621828547%29.jpg/1920px-Landowner_Says_Planning_and_Care_Essential_for_Hardy_Shelterbelt_%288621828547%29.jpg,USDA NRCS South Dakota,Public domain,,"ADVANCE PLANNING AND EXTRAORDINARY CARE ALLOW KEN MOUW TO KEEP UP A HARDY SHELTERBELT by Laurie Fritsch, Field Editor USDA Natural Resources Conservation Service NATURAL RESOURCES CONSERVATION SERVICE, Elk Point, SD, Dec. 19, 2012 - Ken Mouw spent his career crunching numbers as a certified public accountant. But the best place to find him these days is far from the corporate office out sprucing up the 3-acre shelterbelt on his farm two miles north of Elk Point, SD. Mouw retired as president and CEO of Sioux-Preme Packing Company; a small pork processer with locations in Sioux Center and Sioux City, Iowa, in 2002. And then as he’d planned, he sold his share of the company and has never looked back. Mouw said, “I was looking for a farm to get back to my roots.” He grew up on a livestock and grain farm near Sioux Center, Iowa. “As a kid we had a little of everything. We raised pigs, cattle, sheep, horses and chickens.” Just as he had desired to do, he purchased a farm from the Gordon Beermann Trust, a 160-acre grain operation located 2.5 miles north of Elk Point. When Mouw purchased his farm, he met Kevin Beermann, executor of his father, Gordon’s will. Beermann, was farming the land and working fulltime as a Soil Conservation Technician for both Clay- and Union County USDA Natural Resources Conservation Service (NRCS) field offices in Vermillion and Elk Point, SD. As the two became acquainted, Mouw asked Beermann to keep working for him as a tenant. Beermann agreed and still oversees the planting and harvest of corn and soybeans. Mouw was interested in implementing conservation practices to effectively manage his farm, but wasn’t sure where to start. Due to Beermann’s expertise in this area, Mouw decided to visit Beermann at the NRCS office in Elk Point to draw up a conservation plan for his farm. He wanted to protect the acreage from soil erosion resulting from high winds, yet do something to attract birds and other wildlife. After discussing several options with Beermann, Mouw decided to put in an L-shaped shelterbelt. Mouw said, “It gives us some privacy, and in the fall the colors of the leaves are just amazing.” The north edge of the windbreak was planted 370-ft. north of the existing driveway to the property. The trees and shrubs have become well established and protect his property from the harsh winter winds coming from the north and west, keeping snow from collecting in his driveway during a snow storm. In working with Beermann to complete his conservation plan, Mouw designated 10 acres near the barn to pasture his draft horses. He’s been involved in the horse business for years, and sold his only two draft horses this past fall. He plans to buy two young ones to break next spring. He said, “I consider this 10-acre spot my play area.” When it came to experience in putting in a shelterbelt, Mouw said, “I didn’t know much at all.” He had hand-planted trees on his acreage in South Carolina years ago, but knew this experience didn’t cut it when it came to planting in a shelterbelt. As a result, Mouw called on the expertise of Beermann, and Linda Rosenbaum, Union County Conservation Manager, who all worked together to design the 3-acre shelterbelt. They also offered Mouw advice about which tree and shrub species to plant. In 2002, with the design for the windbreak in hand, he hired Rosenbaum and Glenn Bosse, the District’s tractor operator, to machine plant his 7-row shetlerbelt. The west edge of the L-shaped windbreak measures 660-ft. long, and the north side is 550-ft. in length. Beermann continued, “Plan at least a year ahead of when you want to plant a shelterbelt. As you design a shelterbelt make sure that the trees and shrubs you pick are arranged to dump the snow away from your driveway or buildings. Design the shelterbelt so that it won’t dump snow on fences or buildings, and that water drains off in the correct direction when the snow melts. ” When you’re deciding what kinds of trees to plant in a shelterbelt, Beermann said, “You’ve got to be choosy. Don’t load up on one species or exotic trees or you’ll lose them all. Look at what you’re trying to protect and design your shelterbelt for that. For example, if the shelterbelt is going to protect buildings, livestock or work as a field windbreak, select your trees for that purpose. Linda and I recommended that Mouw plant trees suited to Union County’s weather zone; trees that would survive and do a good job in a tough soil like lamo silty clay. You also need to have the necessary equipment available to keep a weed free environment and take care of it once it’s planted.” Redosier Dogwood were strategically placed in the first row to the north and west of the white fence which runs along the perimeter of the pasture, followed by Amur Maple, Manchurian Crab Apple, Hackberry and Green Ash, with the last two rows planted to Eastern Red Cedars. Proper site preparation is highly critical in order to get a hardy tree stand, according to Rosenbaum. She advised Mouw to deep till the cornstalks and pasture in the fall to make it easier to plant his trees the following spring. In the spring, she encouraged Mouw to lightly disc the ground and apply a chemical application to kill weeds before she and Bosse arrived to plant the shelterbelt so it was free of competitive vegetation. Rosenbaum said, “Mouw had the site prepped well and that’s the most important thing he did to get at a 90% survival rate or better the first growing season.” “Trees are a lifetime investment. Once we plant a landowner’s trees, they need to take good care of their trees. You can’t just leave the trees alone,” she said. She gives Mouw high marks for the excellence in maintaining his shelterbelt including pruning trees and shrubs when needed, mowing grass and spot spraying the area to keep weeds at bay. To prevent the trees and shrubs from spreading, Mouw mows and tills the ground for row crops planted outside the perimeter of the windbreak. She also praised Mouw for his discipline to adequately water and replace dead trees and shrubs each year. Attention to even the smallest detail has been key to why Mouw’s shelterbelt has been so effective stopping soil erosion, working as a natural snow fence and providing clean air. She and Bosse planted Mouw’s shelterbelt on April 28, 2003. As Rosenbaum plants the trees, she steps them in or hand pats soil up and around the root base. She explained, “The trees can’t have air in and around the root structure or they’ll die.” The day they finished planting Mouw’s shelterbelt, it rained an inch over night, giving the trees and shrubs a perfectly-timed drink to get them off to an excellent start. To keep ahead of the weeds once the shelterbelt was in, Mouw hired Rosenbaum and Bosse to lay fabric weed barrier down each row of trees and shrubs the first week of June. Rosembaum added, “I shoveled soil on the edge of the fabric as it was laid. After this Mouw made one pass with a disc as an added precaution to keep the fabric in place. As the trees grow, the customer needs to cut a bigger hole in the fabric around the tree base so the fabric doesn’t grow into the tree. She said, “You’ve got to keep your eye on the edge of the fabric on a regular basis to make sure the fabric stays down. If you plant trees in the hills and neglect this you’re asking for a disaster. If the soil washes off the fabric weed barrier during a rain, I suggest you put it back on.” Rosenbaum is quick to mention that the way she completes a tree planting is different from other Districts. “No one touches my trees from the time they arrive from the nursery to the time I plant them in the ground. That way I don’t have to rely on anybody else to plant each tree to meet federal standards, which saves the District money, too,” she quipped. The first couple years Mouw said his shelterbelt didn’t look like much.. But he was pleased that he had to replant only a few dead trees after the first growing season; mostly Hackberry, Green Ash and Eastern Red Cedars due to over wet conditions in some spots. All things considered Mouw is extremely satisfied with how his shelterbelt has matured. Rosenbaum said, “Ken takes good care of his trees every year and replaces the dead ones as needed. When asked what she remembers most from her experience putting in Mouw’s shelterbelt, she recalls, “It was horrible! It’s heavy ground. It was a hard planting because cornstalks and lamo silty clay loam soil kept clogging the wheels of the tree planter. And in June when we put down the black paper it was even worse. We had to get down on our hands and knees to apply the paper because the soil kept sticking to the paper.” If you’re interested to put in a shelterbelt, like Mouw, find professionals like Beermann and Rosenbaum to walk you through the process from start to finish. Start the planning process now. Depending on availability at the nursery, hand plants can be ordered until early spring by calling the Union County Conservation District at (605) 356-3308, Ext. 3. USDA is an Equal Opportunity Provider and Employer",3008,2000,1400,931,506ef6b3d5e1a59e9fbe19061ecb6fac826eb4ccf02c1f754f677e3af54f8d5e,ca9a81b32524dded,37.84
luxury_motivation,78,work-focus,visual-harvest-400/luxury_motivation/078_work-focus_janitorial-services-in-frederick-md.jpg,File:Janitorial Services in Frederick MD.jpg,https://commons.wikimedia.org/wiki/File:Janitorial_Services_in_Frederick_MD.jpg,https://upload.wikimedia.org/wikipedia/commons/thumb/f/f2/Janitorial_Services_in_Frederick_MD.jpg/1920px-Janitorial_Services_in_Frederick_MD.jpg,Commercial Cleaning Maryland,CC BY-SA 2.0,https://creativecommons.org/licenses/by-sa/2.0,"Everything you need to know about hiring a commercial cleaning company So you’ve decided your company could benefit from using hired commercial cleaners rather than your own employees. Now what? The process of finding a commercial cleaning services company that’s right for your business is worth taking some time figuring out. Otherwise, you could end up in the boat you started in, with inefficient use of money and resources. First consider the needs of your business, as far as cleaning goes. It might be helpful to mentally go through a day in the life of your business, from morning to night, to see what cleaning needs will have to be met. Another method would include mentally going through the physical space of your company. Go from ceiling to floor and consider what would need cleaned and/or maintained in each area of the workplace. Using your collected observations, start making a list (it’s good to have a tangible reference point to work with). You might also want to note how often you think commercial cleaners are needed. Granted, the commercial cleaning company you contact can give you a better idea of what will be needed, but you can do the math, too. Some work places get cleaned throughout the day, seven days a week. Others are kept up by employees and given one thorough clean each week, buffing the floors for example. Next, you’ll have to figure out what your company can afford. Maybe you’ve already done this. While looking at your budget, keep in mind the areas where you’ll be saving money by hiring commercial cleaners (such as no longer paying your own employees for hours spent cleaning). Once you have a better idea of what your needs are, and what you can afford, it’s time to start seeking out a commercial cleaning company that’s right for you. Some companies cover several states while others stay local. Some specialize in various cleaning areas — office cleaners, restaurant cleaners, warehouse cleaners and of course residential and hotel cleaners — while some companies cover a wider spectrum. It’s not necessarily better to go with one or the other; again, you should choose a company that works uniquely with your own. As long as your needs are met. When looking for a company, bear in mind that they should be protected by an insurance plan. You do not want your company to be held responsible should an accident happen. You also want to make sure that you’re hiring a quality company. Because some companies have the attitude that anyone and everyone can clean, you should seek out a professional company who trains its employees thoroughly. When contacting a company, it’s OK to ask questions about their employees, to be sure you aren’t hiring people who can clean as well as the employees already working at your store. Commercial cleaning companies will have the proper cleaning equipment and products, but they need to have the skills and experience, too. When contacting commercial cleaning companies, tell them your needs, and they will assist from their end. They’re experts at knowing the finer details of commercial cleaning, such as how many cleaners will be needed for your job and how long the jobs will take, which are of course interconnected. Building and Facilities Maintenance in Frederick County Md by CBM LLC Full service janitorial company serving the Greater Washington DC Metro Area since 1985. Offering daily facilities maintenance services including janitorial cleaning, short term labor for assembly tasks, after construction cleanup and one off hauling away of junk",3264,1840,1400,789,e5946d219ca9b04385154a6432e3666e923875116ad8dfefd195a4d26662b32f,c65bdbe1898cd342,31.096
luxury_motivation,79,work-focus,visual-harvest-400/luxury_motivation/079_work-focus_roscoe-lj.jpg,"File:Roscoe, LJ.jpg","https://commons.wikimedia.org/wiki/File:Roscoe,_LJ.jpg",https://upload.wikimedia.org/wikipedia/commons/thumb/9/9e/Roscoe%2C_LJ.jpg/1920px-Roscoe%2C_LJ.jpg,ThomasHill4123,CC BY-SA 4.0,https://creativecommons.org/licenses/by-sa/4.0,"LJ Roscoe is the first female Chief of Police for the City of Goose Creek, in South Carolina.",2549,3080,1159,1400,6b223f1613392376bb682711c870c9e1ef6ca5fb954d756f3bc08dc1ed9e3fb7,b3b4e337011cc99b,50.086
luxury_motivation,80,first-class,visual-harvest-400/luxury_motivation/080_first-class_business-class-cabin-of-boeing-747-400-of-cathay-pacific-25933257792.jpg,File:Business class cabin of Boeing 747-400 of Cathay Pacific (25933257792).jpg,https://commons.wikimedia.org/wiki/File:Business_class_cabin_of_Boeing_747-400_of_Cathay_Pacific_(25933257792).jpg,https://upload.wikimedia.org/wikipedia/commons/thumb/e/ee/Business_class_cabin_of_Boeing_747-400_of_Cathay_Pacific_%2825933257792%29.jpg/1920px-Business_class_cabin_of_Boeing_747-400_of_Cathay_Pacific_%2825933257792%29.jpg,Melv_L - MACASR,CC BY-SA 2.0,https://creativecommons.org/licenses/by-sa/2.0,OLYMPUS DIGITAL CAMERA,4608,3136,1400,953,34bfae4bb9e5fa94c5588c4081b5ad496c8af15e1c1f3192c54e61a9c014a0e7,90dfe8c0678edc70,47.859
luxury_motivation,81,first-class,visual-harvest-400/luxury_motivation/081_first-class_british-airways-ba-first-class-seat-boeing-747.jpg,File:British Airways BA First Class Seat Boeing 747.jpg,https://commons.wikimedia.org/wiki/File:British_Airways_BA_First_Class_Seat_Boeing_747.jpg,https://upload.wikimedia.org/wikipedia/commons/thumb/a/ab/British_Airways_BA_First_Class_Seat_Boeing_747.jpg/1920px-British_Airways_BA_First_Class_Seat_Boeing_747.jpg,"Gary Bembridge from London/ New York, UK",CC BY 2.0,https://creativecommons.org/licenses/by/2.0,British Airways BA First Class Seat Beoing 747,3648,2736,1400,1050,a79a251fc4a7cf936c4553444ab2b523f0aed0665bee9f6bdf8d2d73c1f4f38e,8babdcb424b5d05c,50.15
luxury_motivation,82,first-class,visual-harvest-400/luxury_motivation/082_first-class_sq-first-class-747-cabin.jpg,File:SQ First Class 747 cabin.jpg,https://commons.wikimedia.org/wiki/File:SQ_First_Class_747_cabin.jpg,https://upload.wikimedia.org/wikipedia/commons/thumb/7/7a/SQ_First_Class_747_cabin.jpg/1920px-SQ_First_Class_747_cabin.jpg,https://www.flickr.com/photos/richardmoross,CC BY 2.0,https://creativecommons.org/licenses/by/2.0,SQ 747,5616,3744,1400,933,b970b9cabc4d6f1bda4c288f631f67e738674b1159d81573632493c3ead7b6f8,b9810b4a5b43d7ea,53.545
luxury_motivation,83,first-class,visual-harvest-400/luxury_motivation/083_first-class_swiss-first-class-cabin.jpg,File:Swiss First Class cabin.jpg,https://commons.wikimedia.org/wiki/File:Swiss_First_Class_cabin.jpg,https://upload.wikimedia.org/wikipedia/commons/thumb/e/e3/Swiss_First_Class_cabin.jpg/1920px-Swiss_First_Class_cabin.jpg,Glide08,CC BY 4.0,https://creativecommons.org/licenses/by/4.0,The first-class cabin on board a Swiss International Air Lines Boeing 777-300ER,4032,3024,1400,1050,37f06419423bc636988661a49ee23b6557e648d5f8c6353a2f1e78d97c09a7c8,d087a9f0768f7158,40.326
luxury_motivation,84,first-class,visual-harvest-400/luxury_motivation/084_first-class_gulf-air-first-class-3.jpg,File:Gulf Air First class 3.jpg,https://commons.wikimedia.org/wiki/File:Gulf_Air_First_class_3.jpg,https://upload.wikimedia.org/wikipedia/commons/thumb/7/71/Gulf_Air_First_class_3.jpg/1920px-Gulf_Air_First_class_3.jpg,Artur Bergman,CC BY-SA 2.0,https://creativecommons.org/licenses/by-sa/2.0,Gulf Air First class,2848,2136,1400,1050,8832a697549d2cd66d279939cc233ba45cddcc45145faf7b0a5929c566811616,a7945825566bedc4,50.149
luxury_motivation,85,first-class,visual-harvest-400/luxury_motivation/085_first-class_business-class-cabin-of-b-2447-20190717162133.jpg,File:Business class cabin of B-2447 (20190717162133).jpg,https://commons.wikimedia.org/wiki/File:Business_class_cabin_of_B-2447_(20190717162133).jpg,https://upload.wikimedia.org/wikipedia/commons/thumb/1/1a/Business_class_cabin_of_B-2447_%2820190717162133%29.jpg/1920px-Business_class_cabin_of_B-2447_%2820190717162133%29.jpg,N509FZ,CC BY-SA 4.0,https://creativecommons.org/licenses/by-sa/4.0,"Air China 1896 from Shenzhen to Beijing. This is the first generation ""Capital Pavilion"" business class - the second being something before Zodiac Aura Lite, and the most common one is Rockwell Collins (B/E) Parallel Diamond (nicknamed Star Alliance group purchase). The newest ""Capital Pavilion"" is the Rockwell Collins Super Diamond used on CA's A350...",3997,2665,1400,933,d4731b64c425f3241c176a6a89e3182c48572e9681b94a3c14d0a078c7c20332,eec1c25362f4d278,44.304
luxury_motivation,86,first-class,visual-harvest-400/luxury_motivation/086_first-class_gulf-air-first-class-2.jpg,File:Gulf Air First class 2.jpg,https://commons.wikimedia.org/wiki/File:Gulf_Air_First_class_2.jpg,https://upload.wikimedia.org/wikipedia/commons/thumb/4/48/Gulf_Air_First_class_2.jpg/1920px-Gulf_Air_First_class_2.jpg,Artur Bergman,CC BY-SA 2.0,https://creativecommons.org/licenses/by-sa/2.0,Gulf Air First class,2848,2136,1400,1050,b224dc0b8ba456735a31272dce23cbe38c0a34356593d39876f1fe44e5085b91,e58b191c18dc7ea3,43.005
luxury_motivation,87,first-class,visual-harvest-400/luxury_motivation/087_first-class_qantas-first-class-suite.jpg,File:Qantas First Class Suite.jpg,https://commons.wikimedia.org/wiki/File:Qantas_First_Class_Suite.jpg,https://upload.wikimedia.org/wikipedia/commons/thumb/5/56/Qantas_First_Class_Suite.jpg/1920px-Qantas_First_Class_Suite.jpg,"David Lytle from San Francisco, CA, USA",CC BY 2.0,https://creativecommons.org/licenses/by/2.0,QF First,2816,2112,1400,1050,0eaa272aac5a1f01eba95ca6274980100d6da0e6cdc1affdcbbac313fa0fea4d,b38e6ce91e676860,40.678
luxury_motivation,88,penthouse,visual-harvest-400/luxury_motivation/088_penthouse_state-office-building-wilson-street-madison-wi-52745305284.jpg,"File:State Office Building, Wilson Street, Madison, WI (52745305284).jpg","https://commons.wikimedia.org/wiki/File:State_Office_Building,_Wilson_Street,_Madison,_WI_(52745305284).jpg",https://upload.wikimedia.org/wikipedia/commons/thumb/9/9e/State_Office_Building%2C_Wilson_Street%2C_Madison%2C_WI_%2852745305284%29.jpg/1920px-State_Office_Building%2C_Wilson_Street%2C_Madison%2C_WI_%2852745305284%29.jpg,"Warren LeMay from Covington, KY, United States",CC BY-SA 2.0,https://creativecommons.org/licenses/by-sa/2.0,"Built in 1930 and expanded in 1938 and 1959, this Art Deco-style 11-story office building was designed by Arthur Peabody to house various government offices for the State of Wisconsin. The building’s north wing was constructed first, with the central wing being completed in 1938-1939, utilizing funds from the New Deal-era Public Works Administration (PWA), and the south wing in 1956-1959. Despite the long time span from the building’s origins to its completion, very few of the decorative details were changed and remained remarkably consistent despite the rise of the modernist movement and the Art Deco style falling out of favor by the time the south wing was completed, which in most circumstances led to buildings with portions that did not match the original vision. The building was apparently despised by Frank Lloyd Wright, whom called it a “monstrosity to anyone who thinks” and went on to call the City of Madison a “provincial capitol” that was “neither scholarly or gentlemanly.” Nevertheless, the building is a popular and generally well-liked building by the citizens of Madison. The building is the tallest office building in Downtown Madison, owing to its location close to Lake Monona, which includes a two-story podium that has a parking area on the roof, and the building sits right at the 187-foot height limit imposed throughout Downtown Madison to not block views of the State Capitol dome. The building is faced with gray granite blocks and is E-shaped, with a tall 11-story tower in the center flanked by two wings of six and seven stories that are at equal height, with the adjacent street sloping downwards along the width of the building’s facade. The stone blocks are mostly unadorned, but the building’s east and west wings feature intricately carved reliefs on the spandrel between the first and second floors, in the spandrel between the fourth and fifth floor, in a ribbon on the sixth floor between window openings, and on the parapet, with additional decorative reliefs over the entrance doors and decorative pilasters with acroterions at the top that run between the paired windows on the second, third, and fourth floors. The eleven-story central wing features a band of decorative carved reliefs at the spandrel between the second and third floors, at the spandrel between the sixth and seventh floors, at the spandrel between the eighth and ninth floors, between window openings on the tenth floor, and around the top of the parapet on the tower and on the penthouse, with decorative Egyptian-inspired columns flanking the front entrance, and pilasters between paired windows on the third through eighth floors that terminate at acroterions on the ninth floor. The tower tapers at the eleventh floor to a narrower parapet, with the windows arranged in pairs at recessed portions of the facade that align with the smaller parapet above rather than the larger structure below. The building’s entrance doors are made of bronze with bronze Art Deco-style sconces on the east and west wings and an art deco chandelier at the main entrance at the base of the tower. The main entrance in the tower features a large transom with decorative bronze trim and a carved decorative stone trim surround, decorative lamppost fixtures flanking the window bays on either side of the doorway, featuring shields with the state motto, “Forward,” emblazoned on them, and is somewhat repeated on the west wing, though simplified, with the original entrance in the east wing being the smallest of the three entrances, with only a pair of doors in an unadorned recessed opening The windows on the “shaft” portion of the building’s design composition often feature recessed black-painted spandrel panels, with the windows at the top and bottom not including this feature. The decorative trim work continues around the side of the building and onto the rear facade facing Lake Monona, but is absent from the two light wells that flank the central tower, where portions of the facade are instead faced with buff brick, though still featuring the same fenestration pattern. The two wings also feature recessed penthouses faced in buff brick, with the east wing’s penthouse being added with the 1938-1939 construction of the tower wing and being smaller than the penthouse atop the later west wing. The interior of the building is mostly modernized and relatively unremarkable office space that has been modified in multiple renovations. However, the main lobby features beautiful and colorful terrazzo floors, multi-colored marble wall cladding, bronze railings, fixtures, doors, and trim, decorative trim on the ceiling, including shell and floral motifs, and geometric chevron motifs. The space has been extensively described in publications and articles, but it appears that no images of it exist or are available, which sadly makes this treasure something that the public is unable to enjoy or appreciate. The building was listed on the National Register of Historic Places in 1982, and today houses the offices for multiple departments of the State of Wisconsin. The building has undergone renovations and restorations in the past four decades, which have retained its beautiful exterior and most notable interior spaces, while allowing it to meet the needs of the state’s office workers.",2964,3952,1050,1400,449650df5db97be99c8097ede9e60141dbb8f4e7ccea171572e57c4517838ed3,fb31ac54957a816a,43.729
luxury_motivation,89,penthouse,visual-harvest-400/luxury_motivation/089_penthouse_chicago-ill-river-north-marina-city-1964.jpg,"File:Chicago (ILL) River North, Marina city, 1964.jpg","https://commons.wikimedia.org/wiki/File:Chicago_(ILL)_River_North,_Marina_city,_1964.jpg",https://upload.wikimedia.org/wikipedia/commons/thumb/0/0e/Chicago_%28ILL%29_River_North%2C_Marina_city%2C_1964.jpg/1920px-Chicago_%28ILL%29_River_North%2C_Marina_city%2C_1964.jpg,"Vincent Desjardins from Paris, France",CC BY 2.0,https://creativecommons.org/licenses/by/2.0,"Marina City is a mixed-use residential/commercial building complex occupying an entire city block on State Street in Chicago, Illinois. It lies on the north bank of the Chicago River, directly across from Chicago's Loop district. The complex consists of two corncob-shaped 65-story (including 5-story elevator & physical plant penthouse), 587 foot (179 m) tall residential towers, a saddle-shaped auditorium building, and a mid-rise hotel building all contained on a raised platform cantilevered over defunct railroad tracks adjacent to the river. Beneath the raised platform at river level is a small marina for pleasure craft. HISTORY: The Marina City complex was designed in 1959 by architect Bertrand Goldberg and completed in 1964 at a cost of $36 million financed to a large extent by the union of building janitors and elevator operators, who sought to reverse the pattern of white flight from the city's downtown area. When finished, the two towers were both the tallest residential buildings and the tallest reinforced concrete structures in the world. The complex was billed as a city within a city, featuring numerous on-site facilities including a theatre, gym, swimming pool, ice rink, bowling alley, several stores and restaurants, and of course, a marina. Marina City was built by general contractor James McHugh Construction Co. which subsequently built Water Tower Place in 1976 and Trump Tower in 2009, both also tallest reinforced concrete structures in the world at the time. Local television station WFLD, (FOX Channel 32) operated from Marina City for eighteen years until they were bought by Metromedia. WLS-TV (ABC Channel 7), WMAQ-TV (NBC Channel 5) and WBBM-TV (CBS Channel 2) had their transmitters atop Marina City until the John Hancock (and later WIllis (née Sears)) Tower was built. Marina City was the first urban post-war high-rise residential complex in the United States and is widely credited with beginning the residential renaissance of American inner cities. Its model of mixed residential and office uses and high-rise towers with a base of parking has become a primary model for urban development in the United States, and has been widely copied throughout downtown Chicago. Marina City construction employed the first tower crane used in the United States. ARCHITECTURE: The two towers contain identical floor plans. The bottom 19 floors form an exposed spiral parking ramp operated by valet with 896 parking spaces per building. The 20th floor of each contains a laundry room with panoramic views of the Loop, while floors 21 through 60 contain apartments (450 per tower). A 360-degree open-air roof deck lies on the 61st and top story. The buildings are accessed from separate lobbies that share a common below-grade mezzanine level as well as ground-level plaza entrances beside the House of Blues. Originally rental apartments, the complex converted to condominiums in 1977. Marina City apartments are unique in containing almost no interior right angles. On each residential floor, a circular hallway surrounds the elevator core, which is 32 feet (10 m) in diameter, with 16 pie-shaped wedges arrayed around the hallway. Apartments are composed of these triangular wedges. Bathrooms and kitchens are located nearer to the point of each wedge, towards the inside of the building. Living areas occupy the outermost areas of each wedge. Each wedge terminates in a 175-square-foot (16.3 square meter) semi-circular balcony, separated from living areas by a floor-to-ceiling window wall. Because of this arrangement, every single living room and bedroom in Marina City has a balcony. The apartments are also unusual in that they function solely on electricity; neither natural gas nor propane serves any function. The apartments are not provided with hot water, air conditioning, or heat from a central source, as was the common practice at the time the towers were built. Instead, each unit contains individual water heaters, heating and cooling units, and electric stoves; residents pay individually for the electricity needed to run these appliances. This may have been a financial decision on the part of the building owners; at the time these towers were constructed, local electric utility Commonwealth Edison provided expensive building transformers at little or no charge provided the buildings were made all-electric. In addition, the residential towers are noted for the high speed of their elevators. It takes approximately 35 seconds to travel from the lower-level lobby to the 61st-floor roofdecks. The towers were awarded a prize by the New York Chapter of the American Institute of Architects in 1965 for their innovation. The corn-cob appearance of the towers is said to have inspired a similar design for the Corinthian Tower in New York. In 2007, the condominium board controversially claimed to own common law copyright and trademark rights to the name and image of the buildings, although they do not own the parking garage portion of the buildings located below the 20th floor. They claim that any commercial use (such as in movies or Web sites) of pictures of the buildings or of the name ""Marina City"" without permission is a violation of their intellectual property rights.",4368,2912,1400,933,f54290d01833363b5aff8b46d3184cd00f8c6c7a6ae0d2d18f6a54542d91bd07,91e813cfcf0d13e8,45.796
luxury_motivation,90,penthouse,visual-harvest-400/luxury_motivation/090_penthouse_state-office-building-wilson-street-madison-wi-52745547623.jpg,"File:State Office Building, Wilson Street, Madison, WI (52745547623).jpg","https://commons.wikimedia.org/wiki/File:State_Office_Building,_Wilson_Street,_Madison,_WI_(52745547623).jpg",https://upload.wikimedia.org/wikipedia/commons/thumb/1/15/State_Office_Building%2C_Wilson_Street%2C_Madison%2C_WI_%2852745547623%29.jpg/1920px-State_Office_Building%2C_Wilson_Street%2C_Madison%2C_WI_%2852745547623%29.jpg,"Warren LeMay from Covington, KY, United States",CC BY-SA 2.0,https://creativecommons.org/licenses/by-sa/2.0,"Built in 1930 and expanded in 1938 and 1959, this Art Deco-style 11-story office building was designed by Arthur Peabody to house various government offices for the State of Wisconsin. The building’s north wing was constructed first, with the central wing being completed in 1938-1939, utilizing funds from the New Deal-era Public Works Administration (PWA), and the south wing in 1956-1959. Despite the long time span from the building’s origins to its completion, very few of the decorative details were changed and remained remarkably consistent despite the rise of the modernist movement and the Art Deco style falling out of favor by the time the south wing was completed, which in most circumstances led to buildings with portions that did not match the original vision. The building was apparently despised by Frank Lloyd Wright, whom called it a “monstrosity to anyone who thinks” and went on to call the City of Madison a “provincial capitol” that was “neither scholarly or gentlemanly.” Nevertheless, the building is a popular and generally well-liked building by the citizens of Madison. The building is the tallest office building in Downtown Madison, owing to its location close to Lake Monona, which includes a two-story podium that has a parking area on the roof, and the building sits right at the 187-foot height limit imposed throughout Downtown Madison to not block views of the State Capitol dome. The building is faced with gray granite blocks and is E-shaped, with a tall 11-story tower in the center flanked by two wings of six and seven stories that are at equal height, with the adjacent street sloping downwards along the width of the building’s facade. The stone blocks are mostly unadorned, but the building’s east and west wings feature intricately carved reliefs on the spandrel between the first and second floors, in the spandrel between the fourth and fifth floor, in a ribbon on the sixth floor between window openings, and on the parapet, with additional decorative reliefs over the entrance doors and decorative pilasters with acroterions at the top that run between the paired windows on the second, third, and fourth floors. The eleven-story central wing features a band of decorative carved reliefs at the spandrel between the second and third floors, at the spandrel between the sixth and seventh floors, at the spandrel between the eighth and ninth floors, between window openings on the tenth floor, and around the top of the parapet on the tower and on the penthouse, with decorative Egyptian-inspired columns flanking the front entrance, and pilasters between paired windows on the third through eighth floors that terminate at acroterions on the ninth floor. The tower tapers at the eleventh floor to a narrower parapet, with the windows arranged in pairs at recessed portions of the facade that align with the smaller parapet above rather than the larger structure below. The building’s entrance doors are made of bronze with bronze Art Deco-style sconces on the east and west wings and an art deco chandelier at the main entrance at the base of the tower. The main entrance in the tower features a large transom with decorative bronze trim and a carved decorative stone trim surround, decorative lamppost fixtures flanking the window bays on either side of the doorway, featuring shields with the state motto, “Forward,” emblazoned on them, and is somewhat repeated on the west wing, though simplified, with the original entrance in the east wing being the smallest of the three entrances, with only a pair of doors in an unadorned recessed opening The windows on the “shaft” portion of the building’s design composition often feature recessed black-painted spandrel panels, with the windows at the top and bottom not including this feature. The decorative trim work continues around the side of the building and onto the rear facade facing Lake Monona, but is absent from the two light wells that flank the central tower, where portions of the facade are instead faced with buff brick, though still featuring the same fenestration pattern. The two wings also feature recessed penthouses faced in buff brick, with the east wing’s penthouse being added with the 1938-1939 construction of the tower wing and being smaller than the penthouse atop the later west wing. The interior of the building is mostly modernized and relatively unremarkable office space that has been modified in multiple renovations. However, the main lobby features beautiful and colorful terrazzo floors, multi-colored marble wall cladding, bronze railings, fixtures, doors, and trim, decorative trim on the ceiling, including shell and floral motifs, and geometric chevron motifs. The space has been extensively described in publications and articles, but it appears that no images of it exist or are available, which sadly makes this treasure something that the public is unable to enjoy or appreciate. The building was listed on the National Register of Historic Places in 1982, and today houses the offices for multiple departments of the State of Wisconsin. The building has undergone renovations and restorations in the past four decades, which have retained its beautiful exterior and most notable interior spaces, while allowing it to meet the needs of the state’s office workers.",3746,3007,1400,1124,ce0c51bcff66159bfa028b8f0a5719b4ea5f01335a89608a34f746e61b7ecd7a,d7a84c257c811d77,47.458
luxury_motivation,91,penthouse,visual-harvest-400/luxury_motivation/091_penthouse_state-office-building-wilson-street-madison-wi-52745056311.jpg,"File:State Office Building, Wilson Street, Madison, WI (52745056311).jpg","https://commons.wikimedia.org/wiki/File:State_Office_Building,_Wilson_Street,_Madison,_WI_(52745056311).jpg",https://upload.wikimedia.org/wikipedia/commons/thumb/4/4e/State_Office_Building%2C_Wilson_Street%2C_Madison%2C_WI_%2852745056311%29.jpg/1920px-State_Office_Building%2C_Wilson_Street%2C_Madison%2C_WI_%2852745056311%29.jpg,"Warren LeMay from Covington, KY, United States",CC BY-SA 2.0,https://creativecommons.org/licenses/by-sa/2.0,"Built in 1930 and expanded in 1938 and 1959, this Art Deco-style 11-story office building was designed by Arthur Peabody to house various government offices for the State of Wisconsin. The building’s north wing was constructed first, with the central wing being completed in 1938-1939, utilizing funds from the New Deal-era Public Works Administration (PWA), and the south wing in 1956-1959. Despite the long time span from the building’s origins to its completion, very few of the decorative details were changed and remained remarkably consistent despite the rise of the modernist movement and the Art Deco style falling out of favor by the time the south wing was completed, which in most circumstances led to buildings with portions that did not match the original vision. The building was apparently despised by Frank Lloyd Wright, whom called it a “monstrosity to anyone who thinks” and went on to call the City of Madison a “provincial capitol” that was “neither scholarly or gentlemanly.” Nevertheless, the building is a popular and generally well-liked building by the citizens of Madison. The building is the tallest office building in Downtown Madison, owing to its location close to Lake Monona, which includes a two-story podium that has a parking area on the roof, and the building sits right at the 187-foot height limit imposed throughout Downtown Madison to not block views of the State Capitol dome. The building is faced with gray granite blocks and is E-shaped, with a tall 11-story tower in the center flanked by two wings of six and seven stories that are at equal height, with the adjacent street sloping downwards along the width of the building’s facade. The stone blocks are mostly unadorned, but the building’s east and west wings feature intricately carved reliefs on the spandrel between the first and second floors, in the spandrel between the fourth and fifth floor, in a ribbon on the sixth floor between window openings, and on the parapet, with additional decorative reliefs over the entrance doors and decorative pilasters with acroterions at the top that run between the paired windows on the second, third, and fourth floors. The eleven-story central wing features a band of decorative carved reliefs at the spandrel between the second and third floors, at the spandrel between the sixth and seventh floors, at the spandrel between the eighth and ninth floors, between window openings on the tenth floor, and around the top of the parapet on the tower and on the penthouse, with decorative Egyptian-inspired columns flanking the front entrance, and pilasters between paired windows on the third through eighth floors that terminate at acroterions on the ninth floor. The tower tapers at the eleventh floor to a narrower parapet, with the windows arranged in pairs at recessed portions of the facade that align with the smaller parapet above rather than the larger structure below. The building’s entrance doors are made of bronze with bronze Art Deco-style sconces on the east and west wings and an art deco chandelier at the main entrance at the base of the tower. The main entrance in the tower features a large transom with decorative bronze trim and a carved decorative stone trim surround, decorative lamppost fixtures flanking the window bays on either side of the doorway, featuring shields with the state motto, “Forward,” emblazoned on them, and is somewhat repeated on the west wing, though simplified, with the original entrance in the east wing being the smallest of the three entrances, with only a pair of doors in an unadorned recessed opening The windows on the “shaft” portion of the building’s design composition often feature recessed black-painted spandrel panels, with the windows at the top and bottom not including this feature. The decorative trim work continues around the side of the building and onto the rear facade facing Lake Monona, but is absent from the two light wells that flank the central tower, where portions of the facade are instead faced with buff brick, though still featuring the same fenestration pattern. The two wings also feature recessed penthouses faced in buff brick, with the east wing’s penthouse being added with the 1938-1939 construction of the tower wing and being smaller than the penthouse atop the later west wing. The interior of the building is mostly modernized and relatively unremarkable office space that has been modified in multiple renovations. However, the main lobby features beautiful and colorful terrazzo floors, multi-colored marble wall cladding, bronze railings, fixtures, doors, and trim, decorative trim on the ceiling, including shell and floral motifs, and geometric chevron motifs. The space has been extensively described in publications and articles, but it appears that no images of it exist or are available, which sadly makes this treasure something that the public is unable to enjoy or appreciate. The building was listed on the National Register of Historic Places in 1982, and today houses the offices for multiple departments of the State of Wisconsin. The building has undergone renovations and restorations in the past four decades, which have retained its beautiful exterior and most notable interior spaces, while allowing it to meet the needs of the state’s office workers.",3847,2885,1400,1050,8bca9dfa6e6cde35650c7d31cc1bc6bd7baa4af96d8a5a1df010e3a1835d3625,abf4f0e0b429f494,43.56
luxury_motivation,92,penthouse,visual-harvest-400/luxury_motivation/092_penthouse_entrance-state-office-building-wilson-street-madison-wi-52744538087.jpg,"File:Entrance, State Office Building, Wilson Street, Madison, WI (52744538087).jpg","https://commons.wikimedia.org/wiki/File:Entrance,_State_Office_Building,_Wilson_Street,_Madison,_WI_(52744538087).jpg",https://upload.wikimedia.org/wikipedia/commons/thumb/3/30/Entrance%2C_State_Office_Building%2C_Wilson_Street%2C_Madison%2C_WI_%2852744538087%29.jpg/1920px-Entrance%2C_State_Office_Building%2C_Wilson_Street%2C_Madison%2C_WI_%2852744538087%29.jpg,"Warren LeMay from Covington, KY, United States",CC BY-SA 2.0,https://creativecommons.org/licenses/by-sa/2.0,"Built in 1930 and expanded in 1938 and 1959, this Art Deco-style 11-story office building was designed by Arthur Peabody to house various government offices for the State of Wisconsin. The building’s north wing was constructed first, with the central wing being completed in 1938-1939, utilizing funds from the New Deal-era Public Works Administration (PWA), and the south wing in 1956-1959. Despite the long time span from the building’s origins to its completion, very few of the decorative details were changed and remained remarkably consistent despite the rise of the modernist movement and the Art Deco style falling out of favor by the time the south wing was completed, which in most circumstances led to buildings with portions that did not match the original vision. The building was apparently despised by Frank Lloyd Wright, whom called it a “monstrosity to anyone who thinks” and went on to call the City of Madison a “provincial capitol” that was “neither scholarly or gentlemanly.” Nevertheless, the building is a popular and generally well-liked building by the citizens of Madison. The building is the tallest office building in Downtown Madison, owing to its location close to Lake Monona, which includes a two-story podium that has a parking area on the roof, and the building sits right at the 187-foot height limit imposed throughout Downtown Madison to not block views of the State Capitol dome. The building is faced with gray granite blocks and is E-shaped, with a tall 11-story tower in the center flanked by two wings of six and seven stories that are at equal height, with the adjacent street sloping downwards along the width of the building’s facade. The stone blocks are mostly unadorned, but the building’s east and west wings feature intricately carved reliefs on the spandrel between the first and second floors, in the spandrel between the fourth and fifth floor, in a ribbon on the sixth floor between window openings, and on the parapet, with additional decorative reliefs over the entrance doors and decorative pilasters with acroterions at the top that run between the paired windows on the second, third, and fourth floors. The eleven-story central wing features a band of decorative carved reliefs at the spandrel between the second and third floors, at the spandrel between the sixth and seventh floors, at the spandrel between the eighth and ninth floors, between window openings on the tenth floor, and around the top of the parapet on the tower and on the penthouse, with decorative Egyptian-inspired columns flanking the front entrance, and pilasters between paired windows on the third through eighth floors that terminate at acroterions on the ninth floor. The tower tapers at the eleventh floor to a narrower parapet, with the windows arranged in pairs at recessed portions of the facade that align with the smaller parapet above rather than the larger structure below. The building’s entrance doors are made of bronze with bronze Art Deco-style sconces on the east and west wings and an art deco chandelier at the main entrance at the base of the tower. The main entrance in the tower features a large transom with decorative bronze trim and a carved decorative stone trim surround, decorative lamppost fixtures flanking the window bays on either side of the doorway, featuring shields with the state motto, “Forward,” emblazoned on them, and is somewhat repeated on the west wing, though simplified, with the original entrance in the east wing being the smallest of the three entrances, with only a pair of doors in an unadorned recessed opening The windows on the “shaft” portion of the building’s design composition often feature recessed black-painted spandrel panels, with the windows at the top and bottom not including this feature. The decorative trim work continues around the side of the building and onto the rear facade facing Lake Monona, but is absent from the two light wells that flank the central tower, where portions of the facade are instead faced with buff brick, though still featuring the same fenestration pattern. The two wings also feature recessed penthouses faced in buff brick, with the east wing’s penthouse being added with the 1938-1939 construction of the tower wing and being smaller than the penthouse atop the later west wing. The interior of the building is mostly modernized and relatively unremarkable office space that has been modified in multiple renovations. However, the main lobby features beautiful and colorful terrazzo floors, multi-colored marble wall cladding, bronze railings, fixtures, doors, and trim, decorative trim on the ceiling, including shell and floral motifs, and geometric chevron motifs. The space has been extensively described in publications and articles, but it appears that no images of it exist or are available, which sadly makes this treasure something that the public is unable to enjoy or appreciate. The building was listed on the National Register of Historic Places in 1982, and today houses the offices for multiple departments of the State of Wisconsin. The building has undergone renovations and restorations in the past four decades, which have retained its beautiful exterior and most notable interior spaces, while allowing it to meet the needs of the state’s office workers.",2926,3902,1050,1400,468aa837aa6f641218152f37b98a05609225a94ad536d021a12a99333208ebda,bbee19e51aa53828,42.554
luxury_motivation,93,penthouse,visual-harvest-400/luxury_motivation/093_penthouse_state-office-building-wilson-street-madison-wi-52744534792.jpg,"File:State Office Building, Wilson Street, Madison, WI (52744534792).jpg","https://commons.wikimedia.org/wiki/File:State_Office_Building,_Wilson_Street,_Madison,_WI_(52744534792).jpg",https://upload.wikimedia.org/wikipedia/commons/thumb/a/a4/State_Office_Building%2C_Wilson_Street%2C_Madison%2C_WI_%2852744534792%29.jpg/1920px-State_Office_Building%2C_Wilson_Street%2C_Madison%2C_WI_%2852744534792%29.jpg,"Warren LeMay from Covington, KY, United States",CC BY-SA 2.0,https://creativecommons.org/licenses/by-sa/2.0,"Built in 1930 and expanded in 1938 and 1959, this Art Deco-style 11-story office building was designed by Arthur Peabody to house various government offices for the State of Wisconsin. The building’s north wing was constructed first, with the central wing being completed in 1938-1939, utilizing funds from the New Deal-era Public Works Administration (PWA), and the south wing in 1956-1959. Despite the long time span from the building’s origins to its completion, very few of the decorative details were changed and remained remarkably consistent despite the rise of the modernist movement and the Art Deco style falling out of favor by the time the south wing was completed, which in most circumstances led to buildings with portions that did not match the original vision. The building was apparently despised by Frank Lloyd Wright, whom called it a “monstrosity to anyone who thinks” and went on to call the City of Madison a “provincial capitol” that was “neither scholarly or gentlemanly.” Nevertheless, the building is a popular and generally well-liked building by the citizens of Madison. The building is the tallest office building in Downtown Madison, owing to its location close to Lake Monona, which includes a two-story podium that has a parking area on the roof, and the building sits right at the 187-foot height limit imposed throughout Downtown Madison to not block views of the State Capitol dome. The building is faced with gray granite blocks and is E-shaped, with a tall 11-story tower in the center flanked by two wings of six and seven stories that are at equal height, with the adjacent street sloping downwards along the width of the building’s facade. The stone blocks are mostly unadorned, but the building’s east and west wings feature intricately carved reliefs on the spandrel between the first and second floors, in the spandrel between the fourth and fifth floor, in a ribbon on the sixth floor between window openings, and on the parapet, with additional decorative reliefs over the entrance doors and decorative pilasters with acroterions at the top that run between the paired windows on the second, third, and fourth floors. The eleven-story central wing features a band of decorative carved reliefs at the spandrel between the second and third floors, at the spandrel between the sixth and seventh floors, at the spandrel between the eighth and ninth floors, between window openings on the tenth floor, and around the top of the parapet on the tower and on the penthouse, with decorative Egyptian-inspired columns flanking the front entrance, and pilasters between paired windows on the third through eighth floors that terminate at acroterions on the ninth floor. The tower tapers at the eleventh floor to a narrower parapet, with the windows arranged in pairs at recessed portions of the facade that align with the smaller parapet above rather than the larger structure below. The building’s entrance doors are made of bronze with bronze Art Deco-style sconces on the east and west wings and an art deco chandelier at the main entrance at the base of the tower. The main entrance in the tower features a large transom with decorative bronze trim and a carved decorative stone trim surround, decorative lamppost fixtures flanking the window bays on either side of the doorway, featuring shields with the state motto, “Forward,” emblazoned on them, and is somewhat repeated on the west wing, though simplified, with the original entrance in the east wing being the smallest of the three entrances, with only a pair of doors in an unadorned recessed opening The windows on the “shaft” portion of the building’s design composition often feature recessed black-painted spandrel panels, with the windows at the top and bottom not including this feature. The decorative trim work continues around the side of the building and onto the rear facade facing Lake Monona, but is absent from the two light wells that flank the central tower, where portions of the facade are instead faced with buff brick, though still featuring the same fenestration pattern. The two wings also feature recessed penthouses faced in buff brick, with the east wing’s penthouse being added with the 1938-1939 construction of the tower wing and being smaller than the penthouse atop the later west wing. The interior of the building is mostly modernized and relatively unremarkable office space that has been modified in multiple renovations. However, the main lobby features beautiful and colorful terrazzo floors, multi-colored marble wall cladding, bronze railings, fixtures, doors, and trim, decorative trim on the ceiling, including shell and floral motifs, and geometric chevron motifs. The space has been extensively described in publications and articles, but it appears that no images of it exist or are available, which sadly makes this treasure something that the public is unable to enjoy or appreciate. The building was listed on the National Register of Historic Places in 1982, and today houses the offices for multiple departments of the State of Wisconsin. The building has undergone renovations and restorations in the past four decades, which have retained its beautiful exterior and most notable interior spaces, while allowing it to meet the needs of the state’s office workers.",3806,2854,1400,1050,500cb50f47bbdef595f653b5efe3ce0c57fa85311a5fb5c0bb79b5bfc7c4112d,cd02da25f32b3356,49.88
luxury_motivation,94,penthouse,visual-harvest-400/luxury_motivation/094_penthouse_entrance-state-office-building-wilson-street-madison-wi-52745054826.jpg,"File:Entrance, State Office Building, Wilson Street, Madison, WI (52745054826).jpg","https://commons.wikimedia.org/wiki/File:Entrance,_State_Office_Building,_Wilson_Street,_Madison,_WI_(52745054826).jpg",https://upload.wikimedia.org/wikipedia/commons/thumb/7/7f/Entrance%2C_State_Office_Building%2C_Wilson_Street%2C_Madison%2C_WI_%2852745054826%29.jpg/1920px-Entrance%2C_State_Office_Building%2C_Wilson_Street%2C_Madison%2C_WI_%2852745054826%29.jpg,"Warren LeMay from Covington, KY, United States",CC BY-SA 2.0,https://creativecommons.org/licenses/by-sa/2.0,"Built in 1930 and expanded in 1938 and 1959, this Art Deco-style 11-story office building was designed by Arthur Peabody to house various government offices for the State of Wisconsin. The building’s north wing was constructed first, with the central wing being completed in 1938-1939, utilizing funds from the New Deal-era Public Works Administration (PWA), and the south wing in 1956-1959. Despite the long time span from the building’s origins to its completion, very few of the decorative details were changed and remained remarkably consistent despite the rise of the modernist movement and the Art Deco style falling out of favor by the time the south wing was completed, which in most circumstances led to buildings with portions that did not match the original vision. The building was apparently despised by Frank Lloyd Wright, whom called it a “monstrosity to anyone who thinks” and went on to call the City of Madison a “provincial capitol” that was “neither scholarly or gentlemanly.” Nevertheless, the building is a popular and generally well-liked building by the citizens of Madison. The building is the tallest office building in Downtown Madison, owing to its location close to Lake Monona, which includes a two-story podium that has a parking area on the roof, and the building sits right at the 187-foot height limit imposed throughout Downtown Madison to not block views of the State Capitol dome. The building is faced with gray granite blocks and is E-shaped, with a tall 11-story tower in the center flanked by two wings of six and seven stories that are at equal height, with the adjacent street sloping downwards along the width of the building’s facade. The stone blocks are mostly unadorned, but the building’s east and west wings feature intricately carved reliefs on the spandrel between the first and second floors, in the spandrel between the fourth and fifth floor, in a ribbon on the sixth floor between window openings, and on the parapet, with additional decorative reliefs over the entrance doors and decorative pilasters with acroterions at the top that run between the paired windows on the second, third, and fourth floors. The eleven-story central wing features a band of decorative carved reliefs at the spandrel between the second and third floors, at the spandrel between the sixth and seventh floors, at the spandrel between the eighth and ninth floors, between window openings on the tenth floor, and around the top of the parapet on the tower and on the penthouse, with decorative Egyptian-inspired columns flanking the front entrance, and pilasters between paired windows on the third through eighth floors that terminate at acroterions on the ninth floor. The tower tapers at the eleventh floor to a narrower parapet, with the windows arranged in pairs at recessed portions of the facade that align with the smaller parapet above rather than the larger structure below. The building’s entrance doors are made of bronze with bronze Art Deco-style sconces on the east and west wings and an art deco chandelier at the main entrance at the base of the tower. The main entrance in the tower features a large transom with decorative bronze trim and a carved decorative stone trim surround, decorative lamppost fixtures flanking the window bays on either side of the doorway, featuring shields with the state motto, “Forward,” emblazoned on them, and is somewhat repeated on the west wing, though simplified, with the original entrance in the east wing being the smallest of the three entrances, with only a pair of doors in an unadorned recessed opening The windows on the “shaft” portion of the building’s design composition often feature recessed black-painted spandrel panels, with the windows at the top and bottom not including this feature. The decorative trim work continues around the side of the building and onto the rear facade facing Lake Monona, but is absent from the two light wells that flank the central tower, where portions of the facade are instead faced with buff brick, though still featuring the same fenestration pattern. The two wings also feature recessed penthouses faced in buff brick, with the east wing’s penthouse being added with the 1938-1939 construction of the tower wing and being smaller than the penthouse atop the later west wing. The interior of the building is mostly modernized and relatively unremarkable office space that has been modified in multiple renovations. However, the main lobby features beautiful and colorful terrazzo floors, multi-colored marble wall cladding, bronze railings, fixtures, doors, and trim, decorative trim on the ceiling, including shell and floral motifs, and geometric chevron motifs. The space has been extensively described in publications and articles, but it appears that no images of it exist or are available, which sadly makes this treasure something that the public is unable to enjoy or appreciate. The building was listed on the National Register of Historic Places in 1982, and today houses the offices for multiple departments of the State of Wisconsin. The building has undergone renovations and restorations in the past four decades, which have retained its beautiful exterior and most notable interior spaces, while allowing it to meet the needs of the state’s office workers.",4032,3024,1400,1050,ee8ee102bd8ee9fedcaeac5e29511b1443ca1e6fdc6ae3ab416c0c67c2e38cad,ab832b2b29c79927,44.172
luxury_motivation,95,penthouse,visual-harvest-400/luxury_motivation/095_penthouse_entrance-state-office-building-wilson-street-madison-wi-52745310529.jpg,"File:Entrance, State Office Building, Wilson Street, Madison, WI (52745310529).jpg","https://commons.wikimedia.org/wiki/File:Entrance,_State_Office_Building,_Wilson_Street,_Madison,_WI_(52745310529).jpg",https://upload.wikimedia.org/wikipedia/commons/thumb/d/d6/Entrance%2C_State_Office_Building%2C_Wilson_Street%2C_Madison%2C_WI_%2852745310529%29.jpg/1920px-Entrance%2C_State_Office_Building%2C_Wilson_Street%2C_Madison%2C_WI_%2852745310529%29.jpg,"Warren LeMay from Covington, KY, United States",CC BY-SA 2.0,https://creativecommons.org/licenses/by-sa/2.0,"Built in 1930 and expanded in 1938 and 1959, this Art Deco-style 11-story office building was designed by Arthur Peabody to house various government offices for the State of Wisconsin. The building’s north wing was constructed first, with the central wing being completed in 1938-1939, utilizing funds from the New Deal-era Public Works Administration (PWA), and the south wing in 1956-1959. Despite the long time span from the building’s origins to its completion, very few of the decorative details were changed and remained remarkably consistent despite the rise of the modernist movement and the Art Deco style falling out of favor by the time the south wing was completed, which in most circumstances led to buildings with portions that did not match the original vision. The building was apparently despised by Frank Lloyd Wright, whom called it a “monstrosity to anyone who thinks” and went on to call the City of Madison a “provincial capitol” that was “neither scholarly or gentlemanly.” Nevertheless, the building is a popular and generally well-liked building by the citizens of Madison. The building is the tallest office building in Downtown Madison, owing to its location close to Lake Monona, which includes a two-story podium that has a parking area on the roof, and the building sits right at the 187-foot height limit imposed throughout Downtown Madison to not block views of the State Capitol dome. The building is faced with gray granite blocks and is E-shaped, with a tall 11-story tower in the center flanked by two wings of six and seven stories that are at equal height, with the adjacent street sloping downwards along the width of the building’s facade. The stone blocks are mostly unadorned, but the building’s east and west wings feature intricately carved reliefs on the spandrel between the first and second floors, in the spandrel between the fourth and fifth floor, in a ribbon on the sixth floor between window openings, and on the parapet, with additional decorative reliefs over the entrance doors and decorative pilasters with acroterions at the top that run between the paired windows on the second, third, and fourth floors. The eleven-story central wing features a band of decorative carved reliefs at the spandrel between the second and third floors, at the spandrel between the sixth and seventh floors, at the spandrel between the eighth and ninth floors, between window openings on the tenth floor, and around the top of the parapet on the tower and on the penthouse, with decorative Egyptian-inspired columns flanking the front entrance, and pilasters between paired windows on the third through eighth floors that terminate at acroterions on the ninth floor. The tower tapers at the eleventh floor to a narrower parapet, with the windows arranged in pairs at recessed portions of the facade that align with the smaller parapet above rather than the larger structure below. The building’s entrance doors are made of bronze with bronze Art Deco-style sconces on the east and west wings and an art deco chandelier at the main entrance at the base of the tower. The main entrance in the tower features a large transom with decorative bronze trim and a carved decorative stone trim surround, decorative lamppost fixtures flanking the window bays on either side of the doorway, featuring shields with the state motto, “Forward,” emblazoned on them, and is somewhat repeated on the west wing, though simplified, with the original entrance in the east wing being the smallest of the three entrances, with only a pair of doors in an unadorned recessed opening The windows on the “shaft” portion of the building’s design composition often feature recessed black-painted spandrel panels, with the windows at the top and bottom not including this feature. The decorative trim work continues around the side of the building and onto the rear facade facing Lake Monona, but is absent from the two light wells that flank the central tower, where portions of the facade are instead faced with buff brick, though still featuring the same fenestration pattern. The two wings also feature recessed penthouses faced in buff brick, with the east wing’s penthouse being added with the 1938-1939 construction of the tower wing and being smaller than the penthouse atop the later west wing. The interior of the building is mostly modernized and relatively unremarkable office space that has been modified in multiple renovations. However, the main lobby features beautiful and colorful terrazzo floors, multi-colored marble wall cladding, bronze railings, fixtures, doors, and trim, decorative trim on the ceiling, including shell and floral motifs, and geometric chevron motifs. The space has been extensively described in publications and articles, but it appears that no images of it exist or are available, which sadly makes this treasure something that the public is unable to enjoy or appreciate. The building was listed on the National Register of Historic Places in 1982, and today houses the offices for multiple departments of the State of Wisconsin. The building has undergone renovations and restorations in the past four decades, which have retained its beautiful exterior and most notable interior spaces, while allowing it to meet the needs of the state’s office workers.",2907,3877,1050,1400,9f61ac64e37e96f591fcd39f4db01b96aaafdbd977e62f78629e49d9c728573a,a2a22719a7d719a7,42.017
luxury_motivation,96,grand-tourer,visual-harvest-400/luxury_motivation/096_grand-tourer_1951-nash-healey-luxury-sports-gran-turismo-car-at-rambler-ranch-4of6.jpg,File:1951 Nash-Healey luxury sports gran turismo car at Rambler Ranch 4of6.jpg,https://commons.wikimedia.org/wiki/File:1951_Nash-Healey_luxury_sports_gran_turismo_car_at_Rambler_Ranch_4of6.jpg,https://upload.wikimedia.org/wikipedia/commons/thumb/4/4f/1951_Nash-Healey_luxury_sports_gran_turismo_car_at_Rambler_Ranch_4of6.jpg/1920px-1951_Nash-Healey_luxury_sports_gran_turismo_car_at_Rambler_Ranch_4of6.jpg,"CZmarlin — Christopher Ziemnowicz, a photo credit would be appreciated if this image is used anywhere other than Wikipedia. Please also include the location of the image: the Rambler Ranch collection in Elizabeth, Colorado. See: https://www.ramblerranch.com",CC BY-SA 4.0,https://creativecommons.org/licenses/by-sa/4.0,"1951 Nash-Healey a luxury sports gran turismo car. It has a Nash Ambassador drivetrain (inline six-cylinder OHV 234.8 cu in (3.85 L) engine and a three-speed manual transmission with overdrive) and a handmade European chassis and body. Marketed in the United States by Nash-Kelvinator as a halo vehicle to promote sales of the other Nash models in North America. One of the hundreds of historic cars at the Rambler Ranch. The collection is located at 36370 Forest Trail, Elizabeth, CO 80107 -- see: https://www.ramblerranch.com -- The visit was part of the 2021 American Motors Owners (AMO) convention held in Colorado Springs, Colorado.",4032,3024,1400,1050,b093b97d08473807bb2799cace582d0ab7ce43d56d85c38de6214281e36018a4,f789cbe982492738,55.197
luxury_motivation,97,grand-tourer,visual-harvest-400/luxury_motivation/097_grand-tourer_2018-cadillac-ct6-premium-luxury-awd-super-cruise-front-right-cropped.jpg,"File:2018 Cadillac CT6 Premium Luxury AWD Super Cruise, front right (cropped).jpg","https://commons.wikimedia.org/wiki/File:2018_Cadillac_CT6_Premium_Luxury_AWD_Super_Cruise,_front_right_(cropped).jpg",https://upload.wikimedia.org/wikipedia/commons/thumb/b/ba/2018_Cadillac_CT6_Premium_Luxury_AWD_Super_Cruise%2C_front_right_%28cropped%29.jpg/1920px-2018_Cadillac_CT6_Premium_Luxury_AWD_Super_Cruise%2C_front_right_%28cropped%29.jpg,Mr.choppers,CC BY-SA 3.0,https://creativecommons.org/licenses/by-sa/3.0,"A 2018 Cadillac CT6 Premium Luxury AWD Super Cruise in Dark Adriatic Blue Metallic with Platinum interior. 3.6-liter V6, 8-speed auto, model code 6KL69.",5045,2229,1400,618,04ddd26ac85be13a1b70c54b296b2ea354c3906379bcc452ca634fc7e58bf376,bb99c966a6334a62,43.701
luxury_motivation,98,grand-tourer,visual-harvest-400/luxury_motivation/098_grand-tourer_1966-amc-ambassador-990-convertible-in-balboa-aqua-and-aqua-interior-a.jpg,File:1966 AMC Ambassador 990 convertible in Balboa Aqua and aqua interior at Rambler Ranch 4of5.jpg,https://commons.wikimedia.org/wiki/File:1966_AMC_Ambassador_990_convertible_in_Balboa_Aqua_and_aqua_interior_at_Rambler_Ranch_4of5.jpg,https://upload.wikimedia.org/wikipedia/commons/thumb/1/11/1966_AMC_Ambassador_990_convertible_in_Balboa_Aqua_and_aqua_interior_at_Rambler_Ranch_4of5.jpg/1920px-1966_AMC_Ambassador_990_convertible_in_Balboa_Aqua_and_aqua_interior_at_Rambler_Ranch_4of5.jpg,"CZmarlin — Christopher Ziemnowicz, a photo credit would be appreciated if this image is used anywhere other than Wikipedia. Please also include the location of the image: the Rambler Ranch collection in Elizabeth, Colorado. See: https://www.ramblerranch.com",CC BY-SA 4.0,https://creativecommons.org/licenses/by-sa/4.0,"1966 AMC Ambassador 990 convertible in finished in Balboa Aqua with a matching aqua interior. This car has the standard 50-50 individually adjustable and reclining front seats, AMC's 327 cu in (5.4 L) V8 engine, factory air conditioning, power windows, wire wheel covers, and an AM/FM radio among its luxury features. Built by American Motors Corporation (AMC), the 1966 Ambassadors received minor design changes and additional convenience options compared to the previous year. A new convertible model was introduced for 1966. However, the Ambassador line dropped the historic Rambler nameplate as the luxurious full-sized models were now marketed as the ""AMC Ambassador"". Photographed at the Rambler Ranch collection (address: 36370 Forest Trail, Elizabeth, CO 80107) that was on a tour as part of the 2021 American Motors Owners (AMO) convention held in Colorado Springs, Colorado, USA.",4032,3024,1400,1050,f74f5f928cbea6492e24c9601a104c6de2a0a2d5256ec95a207c353ccfb9c3c3,9f60813e7e3e34e0,48.346
luxury_motivation,99,grand-tourer,visual-harvest-400/luxury_motivation/099_grand-tourer_2018-cadillac-ct6-premium-luxury-awd-super-cruise-rear-right.jpg,"File:2018 Cadillac CT6 Premium Luxury AWD Super Cruise, rear right.jpg","https://commons.wikimedia.org/wiki/File:2018_Cadillac_CT6_Premium_Luxury_AWD_Super_Cruise,_rear_right.jpg",https://upload.wikimedia.org/wikipedia/commons/thumb/b/b3/2018_Cadillac_CT6_Premium_Luxury_AWD_Super_Cruise%2C_rear_right.jpg/1920px-2018_Cadillac_CT6_Premium_Luxury_AWD_Super_Cruise%2C_rear_right.jpg,Mr.choppers,CC BY-SA 3.0,https://creativecommons.org/licenses/by-sa/3.0,"A 2018 Cadillac CT6 Premium Luxury AWD Super Cruise in Dark Adriatic Blue Metallic with Platinum interior. 3.6-liter V6, 8-speed auto, model code 6KL69.",5432,3240,1400,835,7f67b1b6af6212b3dd7571f3772800969089cd9bd5056ee36588a96c5536e616,efc7972c6067c013,41.714
luxury_motivation,100,grand-tourer,visual-harvest-400/luxury_motivation/100_grand-tourer_2018-cadillac-ct6-premium-luxury-awd-super-cruise-rear-right-cropped.jpg,"File:2018 Cadillac CT6 Premium Luxury AWD Super Cruise, rear right (cropped).jpg","https://commons.wikimedia.org/wiki/File:2018_Cadillac_CT6_Premium_Luxury_AWD_Super_Cruise,_rear_right_(cropped).jpg",https://upload.wikimedia.org/wikipedia/commons/thumb/f/f0/2018_Cadillac_CT6_Premium_Luxury_AWD_Super_Cruise%2C_rear_right_%28cropped%29.jpg/1920px-2018_Cadillac_CT6_Premium_Luxury_AWD_Super_Cruise%2C_rear_right_%28cropped%29.jpg,Mr.choppers,CC BY-SA 3.0,https://creativecommons.org/licenses/by-sa/3.0,"A 2018 Cadillac CT6 Premium Luxury AWD Super Cruise in Dark Adriatic Blue Metallic with Platinum interior. 3.6-liter V6, 8-speed auto, model code 6KL69.",5292,2496,1400,661,b6e8f71343e00add854c850a736389c2c3a0a8facd427193fe6f37822a3da0c3,efc3972c744d5320,42.135
luxury_motivation,101,grand-tourer,visual-harvest-400/luxury_motivation/101_grand-tourer_lexus-lx-600-ultra-luxury-j310-interior-2.jpg,File:LEXUS LX 600 ULTRA LUXURY (J310) INTERIOR (2).jpg,https://commons.wikimedia.org/wiki/File:LEXUS_LX_600_ULTRA_LUXURY_(J310)_INTERIOR_(2).jpg,https://upload.wikimedia.org/wikipedia/commons/thumb/c/c9/LEXUS_LX_600_ULTRA_LUXURY_%28J310%29_INTERIOR_%282%29.jpg/1920px-LEXUS_LX_600_ULTRA_LUXURY_%28J310%29_INTERIOR_%282%29.jpg,Dinkun Chen,CC BY-SA 4.0,https://creativecommons.org/licenses/by-sa/4.0,LEXUS LX 600 ULTRA LUXURY (J310) INTERIOR,5464,8192,934,1400,1600bb69768d66d78964b7b8f585a2ad058cd2bc921a5af0338484fa185fb85d,cb563dc9748b50c5,38.976
luxury_motivation,102,grand-tourer,visual-harvest-400/luxury_motivation/102_grand-tourer_1964-rambler-ambassador-990-h-in-black-and-white-with-red-interior-at-.jpg,File:1964 Rambler Ambassador 990 H in black and white with red interior at 2017 AMO meet 14of16.jpg,https://commons.wikimedia.org/wiki/File:1964_Rambler_Ambassador_990_H_in_black_and_white_with_red_interior_at_2017_AMO_meet_14of16.jpg,https://upload.wikimedia.org/wikipedia/commons/thumb/0/0f/1964_Rambler_Ambassador_990_H_in_black_and_white_with_red_interior_at_2017_AMO_meet_14of16.jpg/1920px-1964_Rambler_Ambassador_990_H_in_black_and_white_with_red_interior_at_2017_AMO_meet_14of16.jpg,"CZmarlin — Christopher Ziemnowicz, a photo credit would be appreciated if this image is used anywhere other than Wikipedia.",CC0,http://creativecommons.org/publicdomain/zero/1.0/deed.en,"1964 Rambler Ambassador 990-H finished in black with a white roof and a red interior. The 990-H model was the top-of-the-line Ambassador built by American Motors Corporation (AMC). This is a two-door hardtop (no B-pillar) luxury car. Standard on all 99-H models was AMC's 327 cu in (5.4 L) V8 engine and a premium interior with reclining front bucket seats as well as front and rear center armrests. This car has the factory console-mounted automatic transmission gear shifter, adjustable tilting steering wheel, and an AM-FM radio with a ""Vibra Tone"" rear speaker control. Photographs were taken during the American Motors Owners (AMO) convention and car show that was held in Gettysburg, Pennsylvania, that was organized by the Potomac Ramblers Club.",3264,2448,1400,1050,c83729db67a5f34a2590dcd933579716bf95dbfd37fe644138b6bf1434f01a91,bce0e38d9990a7c9,44.869
luxury_motivation,103,grand-tourer,visual-harvest-400/luxury_motivation/103_grand-tourer_2026-lexus-rx-450h-interior.jpg,File:2026 Lexus RX 450h+ Interior.jpg,https://commons.wikimedia.org/wiki/File:2026_Lexus_RX_450h%2B_Interior.jpg,https://upload.wikimedia.org/wikipedia/commons/thumb/3/34/2026_Lexus_RX_450h%2B_Interior.jpg/1920px-2026_Lexus_RX_450h%2B_Interior.jpg,Szeremeta,CC BY 4.0,https://creativecommons.org/licenses/by/4.0,A 2026 Lexus RX 450h+ Luxury trim with a Macadamia semi-aniline leather and Ash Bamboo trim interior,8256,5504,1400,933,a100e1d785605771f98940cb6736efd548da6a53bc1857596d73a68709801dfa,99e7d02bdc1cca85,44.733
luxury_motivation,104,hotel,visual-harvest-400/luxury_motivation/104_hotel_lobby-royal-hawaiian-hotel-kalakaua-avenue-waikiki-honolulu-hi.jpg,"File:Lobby, Royal Hawaiian Hotel, Kalakaua Avenue, Waikiki, Honolulu, HI.jpg","https://commons.wikimedia.org/wiki/File:Lobby,_Royal_Hawaiian_Hotel,_Kalakaua_Avenue,_Waikiki,_Honolulu,_HI.jpg",https://upload.wikimedia.org/wikipedia/commons/thumb/3/3e/Lobby%2C_Royal_Hawaiian_Hotel%2C_Kalakaua_Avenue%2C_Waikiki%2C_Honolulu%2C_HI.jpg/1920px-Lobby%2C_Royal_Hawaiian_Hotel%2C_Kalakaua_Avenue%2C_Waikiki%2C_Honolulu%2C_HI.jpg,w_lemay,CC BY-SA 2.0,https://creativecommons.org/licenses/by-sa/2.0,"Opened in 1927, this Spanish Colonial Revival-style hotel was designed by Warren & Wetmore for the Territorial Hotel Company as a luxury resort hotel for tourists, and was heavily inspired by the work of Rudolph Valentino. One of the most iconic buildings on Waikiki, the hotel has evolved over time due to changes in social attitudes, expectations, and economic conditions, but the original building in the complex is very well preserved. Replacing the previous Honolulu Seaside Hotel, which opened around the turn of the 20th Century, and was originally surrounded by a 15-acre garden, with the H-shaped hotel featuring 400 rooms with bathrooms and balconies, and opened to great fanfare on February 1, 1927, with a black tie gala attended by 1,200 guests commemorating the occasion. The Territorial Hotel Company went bankrupt during the Great Depression, with ownership then coming under the Matson Navigation Company in 1932. The hotel continued to serve well-heeled visitors until World War II, when it was utilized as an R&R Center by the United States Military, and was surrounded by a Concertina wire barricade during this time. Following the end of the war, the hotel resumed its normal service, and regained its status as a popular accommodation for wealthy and well-to-do travelers. In 1959, the hotel was sold to Sheraton Hotels and Resorts by Matson, which divested itself from its Waikiki hotels at this time. The hotel features a picturesquely asymmetrical pink stucco-clad exterior with a low-slope roof enclosed by a low parapet wall at the perimeter, green tile hipped roofs on some of the towers, lanais with arched openings and orthogonal columns, decorative trimwork at the towers, corners, and gable parapets of the building, a large Spanish Mission belfry atop a tower at the center of the building, a smaller belfry on a corner tower on the land side of the building, and potted plants in curved notches in the rooftop parapets. The building’s interior features a long corridor on the first floor open to the ocean with decorative pilasters, textured plaster walls and ceilings, arches, and tile floors, a lobby with arches, columns, pilasters, and wainscoting, staircases with quarry tile risers and treads, decorative painted Spanish-style ceilings with decorative beams in the lounge on the ocean side of the hotel, and beautiful stone floors on the lanais around the building’s exterior. The building was extended in the mid-20th Century with the addition of a series of one-story wings housing the monarch room and additional service and amenity space on the ocean side of the hotel, as well as the addition of the modern Royal Hawaiian Tower Wing in 1969 immediately Diamond Head of the historic hotel, which features a small pool in the courtyard between it and the older hotel building. The hotel was purchased in 1974 by Kyo-ya Company Ltd, led by Japanese businessmen Kenji Osano and Masakuni Osano, and was later inherited by Takamasa Osano. In 1980, the Royal Hawaiian Center was opened along the Kalakaua Avenue frontage of the hotel property, housing various retail and restaurant offerings in the increasingly built-up Waikiki. The hotel was extensively renovated between 2008 and 2010, restoring the exterior and common spaces, and updating the guest accommodations. One of the most iconic hotel properties in Hawaii and in the United States as a whole, the Royal Hawaiian is a member of the Historic Hotels of America, though it is not listed on the National Register of Historic Places. The hotel remains one of the most prestigious hotels in Hawaii, and has been nicknamed the ""The Pink Palace of the Pacific"" for its color and distinctive architecture.",4032,3024,1400,1050,e29e21d9b96201fa2346aa1ca4e886203605cb49ea01d289e9a487e58353e1ab,ef94618aa9df2621,45.526
luxury_motivation,105,hotel,visual-harvest-400/luxury_motivation/105_hotel_lobby-arizona-biltmore-hotel-missouri-ave-biltmore-area-phoenix-az-544.jpg,"File:Lobby, Arizona Biltmore Hotel, Missouri Ave, Biltmore Area, Phoenix, AZ - 54437952319.jpg","https://commons.wikimedia.org/wiki/File:Lobby,_Arizona_Biltmore_Hotel,_Missouri_Ave,_Biltmore_Area,_Phoenix,_AZ_-_54437952319.jpg",https://upload.wikimedia.org/wikipedia/commons/thumb/f/f8/Lobby%2C_Arizona_Biltmore_Hotel%2C_Missouri_Ave%2C_Biltmore_Area%2C_Phoenix%2C_AZ_-_54437952319.jpg/1920px-Lobby%2C_Arizona_Biltmore_Hotel%2C_Missouri_Ave%2C_Biltmore_Area%2C_Phoenix%2C_AZ_-_54437952319.jpg,w_lemay,CC BY-SA 2.0,https://creativecommons.org/licenses/by-sa/2.0,"Built in 1927-1929, this Mayan Revival-style building was designed by Albert Chase McArthur for his brothers, Warren McArthur, Jr., and Charles McArthur, along with John McEntee Bowman to serve as a winter resort hotel in Arizona, part of the Biltmore chain of hotels. The hotel operated until 1973, when it suffered a fire, which required it to close for repairs. Following its reopening, the hotel underwent several expansions with the addition of new buildings between 1975 and 1982, designed by Taliesin Associated Architects. The buildings are built of custom patterned cast concrete blocks, known as “textile blocks,” a system developed by Frank Lloyd Wright in the 1920s, which Wright consulted on during the construction of the hotel in 1928. The hotel consists of multiple buildings surrounding a series of grassy, landscaped courtyards, ranging in size from small cottages to larger guest room wings, with the largest wings being the main wing, which houses guest rooms in addition to the hotel’s lobby, lounges, meeting rooms, and restaurants, and the conference center, which sits west of the main wing. The buildings feature textured concrete block facades with metal-frame casement windows, bronze roofs and trim, and boxy, geometric forms. The interior of the main wing features concrete block walls with decorative metal accents, boxy light fixtures, a fountain in the front section of the lobby, vaulted ceilings in the meeting rooms, a two-story main lobby ringed by a second-story balcony, and stained glass panels designed by Frank Lloyd Wright and installed during renovations after the 1973 fire. Today, the building complex remains in use as a luxury resort hotel.",5372,4029,1400,1050,ae8565b12028f08d91c1996ecc7b4e809875f5a1ee36c66465151b1468508daa,a2319ddd2b0aba2d,32.899
luxury_motivation,106,hotel,visual-harvest-400/luxury_motivation/106_hotel_lobby-arizona-biltmore-hotel-missouri-ave-biltmore-area-phoenix-az-544.jpg,"File:Lobby, Arizona Biltmore Hotel, Missouri Ave, Biltmore Area, Phoenix, AZ - 54437763806.jpg","https://commons.wikimedia.org/wiki/File:Lobby,_Arizona_Biltmore_Hotel,_Missouri_Ave,_Biltmore_Area,_Phoenix,_AZ_-_54437763806.jpg",https://upload.wikimedia.org/wikipedia/commons/thumb/3/36/Lobby%2C_Arizona_Biltmore_Hotel%2C_Missouri_Ave%2C_Biltmore_Area%2C_Phoenix%2C_AZ_-_54437763806.jpg/1920px-Lobby%2C_Arizona_Biltmore_Hotel%2C_Missouri_Ave%2C_Biltmore_Area%2C_Phoenix%2C_AZ_-_54437763806.jpg,w_lemay,CC BY-SA 2.0,https://creativecommons.org/licenses/by-sa/2.0,"Built in 1927-1929, this Mayan Revival-style building was designed by Albert Chase McArthur for his brothers, Warren McArthur, Jr., and Charles McArthur, along with John McEntee Bowman to serve as a winter resort hotel in Arizona, part of the Biltmore chain of hotels. The hotel operated until 1973, when it suffered a fire, which required it to close for repairs. Following its reopening, the hotel underwent several expansions with the addition of new buildings between 1975 and 1982, designed by Taliesin Associated Architects. The buildings are built of custom patterned cast concrete blocks, known as “textile blocks,” a system developed by Frank Lloyd Wright in the 1920s, which Wright consulted on during the construction of the hotel in 1928. The hotel consists of multiple buildings surrounding a series of grassy, landscaped courtyards, ranging in size from small cottages to larger guest room wings, with the largest wings being the main wing, which houses guest rooms in addition to the hotel’s lobby, lounges, meeting rooms, and restaurants, and the conference center, which sits west of the main wing. The buildings feature textured concrete block facades with metal-frame casement windows, bronze roofs and trim, and boxy, geometric forms. The interior of the main wing features concrete block walls with decorative metal accents, boxy light fixtures, a fountain in the front section of the lobby, vaulted ceilings in the meeting rooms, a two-story main lobby ringed by a second-story balcony, and stained glass panels designed by Frank Lloyd Wright and installed during renovations after the 1973 fire. Today, the building complex remains in use as a luxury resort hotel.",4284,5712,1050,1400,e7c96a75b8a5e0bcb1091a651f6345582a5d855106b0e1ec7275ed28bf2b4a88,d3ecb38258d68599,53.611
luxury_motivation,107,hotel,visual-harvest-400/luxury_motivation/107_hotel_lobby-royal-hawaiian-hotel-kalakaua-avenue-waikiki-honolulu-hi-5227317.jpg,"File:Lobby, Royal Hawaiian Hotel, Kalakaua Avenue, Waikiki, Honolulu, HI - 52273170078.jpg","https://commons.wikimedia.org/wiki/File:Lobby,_Royal_Hawaiian_Hotel,_Kalakaua_Avenue,_Waikiki,_Honolulu,_HI_-_52273170078.jpg",https://upload.wikimedia.org/wikipedia/commons/thumb/e/e1/Lobby%2C_Royal_Hawaiian_Hotel%2C_Kalakaua_Avenue%2C_Waikiki%2C_Honolulu%2C_HI_-_52273170078.jpg/1920px-Lobby%2C_Royal_Hawaiian_Hotel%2C_Kalakaua_Avenue%2C_Waikiki%2C_Honolulu%2C_HI_-_52273170078.jpg,w_lemay,CC BY-SA 2.0,https://creativecommons.org/licenses/by-sa/2.0,"Opened in 1927, this Spanish Colonial Revival-style hotel was designed by Warren & Wetmore for the Territorial Hotel Company as a luxury resort hotel for tourists, and was heavily inspired by the work of Rudolph Valentino. One of the most iconic buildings on Waikiki, the hotel has evolved over time due to changes in social attitudes, expectations, and economic conditions, but the original building in the complex is very well preserved. Replacing the previous Honolulu Seaside Hotel, which opened around the turn of the 20th Century, and was originally surrounded by a 15-acre garden, with the H-shaped hotel featuring 400 rooms with bathrooms and balconies, and opened to great fanfare on February 1, 1927, with a black tie gala attended by 1,200 guests commemorating the occasion. The Territorial Hotel Company went bankrupt during the Great Depression, with ownership then coming under the Matson Navigation Company in 1932. The hotel continued to serve well-heeled visitors until World War II, when it was utilized as an R&R Center by the United States Military, and was surrounded by a Concertina wire barricade during this time. Following the end of the war, the hotel resumed its normal service, and regained its status as a popular accommodation for wealthy and well-to-do travelers. In 1959, the hotel was sold to Sheraton Hotels and Resorts by Matson, which divested itself from its Waikiki hotels at this time. The hotel features a picturesquely asymmetrical pink stucco-clad exterior with a low-slope roof enclosed by a low parapet wall at the perimeter, green tile hipped roofs on some of the towers, lanais with arched openings and orthogonal columns, decorative trimwork at the towers, corners, and gable parapets of the building, a large Spanish Mission belfry atop a tower at the center of the building, a smaller belfry on a corner tower on the land side of the building, and potted plants in curved notches in the rooftop parapets. The building’s interior features a long corridor on the first floor open to the ocean with decorative pilasters, textured plaster walls and ceilings, arches, and tile floors, a lobby with arches, columns, pilasters, and wainscoting, staircases with quarry tile risers and treads, decorative painted Spanish-style ceilings with decorative beams in the lounge on the ocean side of the hotel, and beautiful stone floors on the lanais around the building’s exterior. The building was extended in the mid-20th Century with the addition of a series of one-story wings housing the monarch room and additional service and amenity space on the ocean side of the hotel, as well as the addition of the modern Royal Hawaiian Tower Wing in 1969 immediately Diamond Head of the historic hotel, which features a small pool in the courtyard between it and the older hotel building. The hotel was purchased in 1974 by Kyo-ya Company Ltd, led by Japanese businessmen Kenji Osano and Masakuni Osano, and was later inherited by Takamasa Osano. In 1980, the Royal Hawaiian Center was opened along the Kalakaua Avenue frontage of the hotel property, housing various retail and restaurant offerings in the increasingly built-up Waikiki. The hotel was extensively renovated between 2008 and 2010, restoring the exterior and common spaces, and updating the guest accommodations. One of the most iconic hotel properties in Hawaii and in the United States as a whole, the Royal Hawaiian is a member of the Historic Hotels of America, though it is not listed on the National Register of Historic Places. The hotel remains one of the most prestigious hotels in Hawaii, and has been nicknamed the ""The Pink Palace of the Pacific"" for its color and distinctive architecture.",3024,4032,1050,1400,858d864b19b2a0afdaae304ca99ee4fdf204856f56eddc104fb72693e29ceb55,87f80a5722e89f65,40.005
luxury_motivation,108,hotel,visual-harvest-400/luxury_motivation/108_hotel_elevator-lobby-arizona-biltmore-hotel-missouri-ave-biltmore-area-phoen.jpg,"File:Elevator Lobby, Arizona Biltmore Hotel, Missouri Ave, Biltmore Area, Phoenix, AZ - 54438129470.jpg","https://commons.wikimedia.org/wiki/File:Elevator_Lobby,_Arizona_Biltmore_Hotel,_Missouri_Ave,_Biltmore_Area,_Phoenix,_AZ_-_54438129470.jpg",https://upload.wikimedia.org/wikipedia/commons/thumb/2/20/Elevator_Lobby%2C_Arizona_Biltmore_Hotel%2C_Missouri_Ave%2C_Biltmore_Area%2C_Phoenix%2C_AZ_-_54438129470.jpg/1920px-Elevator_Lobby%2C_Arizona_Biltmore_Hotel%2C_Missouri_Ave%2C_Biltmore_Area%2C_Phoenix%2C_AZ_-_54438129470.jpg,w_lemay,CC BY-SA 2.0,https://creativecommons.org/licenses/by-sa/2.0,"Built in 1927-1929, this Mayan Revival-style building was designed by Albert Chase McArthur for his brothers, Warren McArthur, Jr., and Charles McArthur, along with John McEntee Bowman to serve as a winter resort hotel in Arizona, part of the Biltmore chain of hotels. The hotel operated until 1973, when it suffered a fire, which required it to close for repairs. Following its reopening, the hotel underwent several expansions with the addition of new buildings between 1975 and 1982, designed by Taliesin Associated Architects. The buildings are built of custom patterned cast concrete blocks, known as “textile blocks,” a system developed by Frank Lloyd Wright in the 1920s, which Wright consulted on during the construction of the hotel in 1928. The hotel consists of multiple buildings surrounding a series of grassy, landscaped courtyards, ranging in size from small cottages to larger guest room wings, with the largest wings being the main wing, which houses guest rooms in addition to the hotel’s lobby, lounges, meeting rooms, and restaurants, and the conference center, which sits west of the main wing. The buildings feature textured concrete block facades with metal-frame casement windows, bronze roofs and trim, and boxy, geometric forms. The interior of the main wing features concrete block walls with decorative metal accents, boxy light fixtures, a fountain in the front section of the lobby, vaulted ceilings in the meeting rooms, a two-story main lobby ringed by a second-story balcony, and stained glass panels designed by Frank Lloyd Wright and installed during renovations after the 1973 fire. Today, the building complex remains in use as a luxury resort hotel.",4284,5712,1050,1400,71101f3724e19bcf92a711c2039559867592fe4982c6897dc5dbc3a1a72d51e4,847fa3177e6a5700,40.287
luxury_motivation,109,hotel,visual-harvest-400/luxury_motivation/109_hotel_lobby-arizona-biltmore-hotel-missouri-ave-biltmore-area-phoenix-az-544.jpg,"File:Lobby, Arizona Biltmore Hotel, Missouri Ave, Biltmore Area, Phoenix, AZ - 54437951694.jpg","https://commons.wikimedia.org/wiki/File:Lobby,_Arizona_Biltmore_Hotel,_Missouri_Ave,_Biltmore_Area,_Phoenix,_AZ_-_54437951694.jpg",https://upload.wikimedia.org/wikipedia/commons/thumb/3/34/Lobby%2C_Arizona_Biltmore_Hotel%2C_Missouri_Ave%2C_Biltmore_Area%2C_Phoenix%2C_AZ_-_54437951694.jpg/1920px-Lobby%2C_Arizona_Biltmore_Hotel%2C_Missouri_Ave%2C_Biltmore_Area%2C_Phoenix%2C_AZ_-_54437951694.jpg,w_lemay,CC BY-SA 2.0,https://creativecommons.org/licenses/by-sa/2.0,"Built in 1927-1929, this Mayan Revival-style building was designed by Albert Chase McArthur for his brothers, Warren McArthur, Jr., and Charles McArthur, along with John McEntee Bowman to serve as a winter resort hotel in Arizona, part of the Biltmore chain of hotels. The hotel operated until 1973, when it suffered a fire, which required it to close for repairs. Following its reopening, the hotel underwent several expansions with the addition of new buildings between 1975 and 1982, designed by Taliesin Associated Architects. The buildings are built of custom patterned cast concrete blocks, known as “textile blocks,” a system developed by Frank Lloyd Wright in the 1920s, which Wright consulted on during the construction of the hotel in 1928. The hotel consists of multiple buildings surrounding a series of grassy, landscaped courtyards, ranging in size from small cottages to larger guest room wings, with the largest wings being the main wing, which houses guest rooms in addition to the hotel’s lobby, lounges, meeting rooms, and restaurants, and the conference center, which sits west of the main wing. The buildings feature textured concrete block facades with metal-frame casement windows, bronze roofs and trim, and boxy, geometric forms. The interior of the main wing features concrete block walls with decorative metal accents, boxy light fixtures, a fountain in the front section of the lobby, vaulted ceilings in the meeting rooms, a two-story main lobby ringed by a second-story balcony, and stained glass panels designed by Frank Lloyd Wright and installed during renovations after the 1973 fire. Today, the building complex remains in use as a luxury resort hotel.",4284,5712,1050,1400,4ba2e7abecdd9ee29f34723e203e547a70c027025ce834896e179956f5c5014a,fab10b5ba48ed40e,48.851
luxury_motivation,110,hotel,visual-harvest-400/luxury_motivation/110_hotel_lobby-arizona-biltmore-hotel-missouri-ave-biltmore-area-phoenix-az-544.jpg,"File:Lobby, Arizona Biltmore Hotel, Missouri Ave, Biltmore Area, Phoenix, AZ - 54437764361.jpg","https://commons.wikimedia.org/wiki/File:Lobby,_Arizona_Biltmore_Hotel,_Missouri_Ave,_Biltmore_Area,_Phoenix,_AZ_-_54437764361.jpg",https://upload.wikimedia.org/wikipedia/commons/thumb/1/1a/Lobby%2C_Arizona_Biltmore_Hotel%2C_Missouri_Ave%2C_Biltmore_Area%2C_Phoenix%2C_AZ_-_54437764361.jpg/1920px-Lobby%2C_Arizona_Biltmore_Hotel%2C_Missouri_Ave%2C_Biltmore_Area%2C_Phoenix%2C_AZ_-_54437764361.jpg,w_lemay,CC BY-SA 2.0,https://creativecommons.org/licenses/by-sa/2.0,"Built in 1927-1929, this Mayan Revival-style building was designed by Albert Chase McArthur for his brothers, Warren McArthur, Jr., and Charles McArthur, along with John McEntee Bowman to serve as a winter resort hotel in Arizona, part of the Biltmore chain of hotels. The hotel operated until 1973, when it suffered a fire, which required it to close for repairs. Following its reopening, the hotel underwent several expansions with the addition of new buildings between 1975 and 1982, designed by Taliesin Associated Architects. The buildings are built of custom patterned cast concrete blocks, known as “textile blocks,” a system developed by Frank Lloyd Wright in the 1920s, which Wright consulted on during the construction of the hotel in 1928. The hotel consists of multiple buildings surrounding a series of grassy, landscaped courtyards, ranging in size from small cottages to larger guest room wings, with the largest wings being the main wing, which houses guest rooms in addition to the hotel’s lobby, lounges, meeting rooms, and restaurants, and the conference center, which sits west of the main wing. The buildings feature textured concrete block facades with metal-frame casement windows, bronze roofs and trim, and boxy, geometric forms. The interior of the main wing features concrete block walls with decorative metal accents, boxy light fixtures, a fountain in the front section of the lobby, vaulted ceilings in the meeting rooms, a two-story main lobby ringed by a second-story balcony, and stained glass panels designed by Frank Lloyd Wright and installed during renovations after the 1973 fire. Today, the building complex remains in use as a luxury resort hotel.",5712,4284,1400,1050,517ed2b0b76d35f1e5a5c3229577287e13a508eef5efe599f09b75c68b693761,e6199bb631a4b623,35.497
luxury_motivation,111,hotel,visual-harvest-400/luxury_motivation/111_hotel_lounge-at-amantaka-luxury-resort-hotel-at-blue-hour-in-luang-prabang-l.jpg,File:Lounge at Amantaka luxury Resort & Hotel at blue hour in Luang Prabang Laos.jpg,https://commons.wikimedia.org/wiki/File:Lounge_at_Amantaka_luxury_Resort_%26_Hotel_at_blue_hour_in_Luang_Prabang_Laos.jpg,https://upload.wikimedia.org/wikipedia/commons/thumb/2/23/Lounge_at_Amantaka_luxury_Resort_%26_Hotel_at_blue_hour_in_Luang_Prabang_Laos.jpg/1920px-Lounge_at_Amantaka_luxury_Resort_%26_Hotel_at_blue_hour_in_Luang_Prabang_Laos.jpg,Basile Morin,CC BY-SA 4.0,https://creativecommons.org/licenses/by-sa/4.0,"Lounge at Amantaka luxury resort and hotel in Luang Prabang , Laos , with couch, armchairs and low table. Amantaka is one of the 34 properties operated by Aman Resorts , hospitality company founded by Indonesian hotelier Adrian Zecha in 1988, present in more than 20 countries. The hotel, located in a French colonial building, opened in September 2009. A boutique hotel, it contains 24 lavish suites, encircling a central courtyard and is designed with a mixture of traditional Lao furnishings and modern. The suites range in size from 70 to 120 square metres and include eight suites, four pool suites, eight Khan pool suites, two Mekong pool suites and two Amantaka pool suites. All of the rooms have a king-sized bed centre of the suites beneath a traditional high ceiling. They are painted in white and have mahogany or dark wood furnishings and windows. The rooms are reported to be between 1,100 USD and 1,900 USD a night.",5922,4230,1400,1000,924b0828d88ad9665dd6b43e144bf9b005f80f75ef0dc0dc7233f90126ce929e,e287dca8a170555f,43.943
luxury_motivation,112,superyacht,visual-harvest-400/luxury_motivation/112_superyacht_luxury-yacht-destination-fox-harbr-too-15051106001.jpg,File:Luxury Yacht Destination Fox Harbr Too (15051106001).jpg,https://commons.wikimedia.org/wiki/File:Luxury_Yacht_Destination_Fox_Harbr_Too_(15051106001).jpg,https://upload.wikimedia.org/wikipedia/commons/thumb/1/17/Luxury_Yacht_Destination_Fox_Harbr_Too_%2815051106001%29.jpg/1920px-Luxury_Yacht_Destination_Fox_Harbr_Too_%2815051106001%29.jpg,Peter Kudlacz,CC BY 2.0,https://creativecommons.org/licenses/by/2.0,"Destination Fox Harbr Too, luxury yacht from Cayman Islands docked at Toronto harbour, at Harbourfront.",2000,1500,1400,1050,fc6264cb390cdc149ff9c67fd9e755306bf64628f56310031965a78b974e2eb4,8ae3f51c8a923771,52.673
luxury_motivation,113,superyacht,visual-harvest-400/luxury_motivation/113_superyacht_luxury-yacht-octopus-7893770776.jpg,File:Luxury yacht Octopus (7893770776).jpg,https://commons.wikimedia.org/wiki/File:Luxury_yacht_Octopus_(7893770776).jpg,https://upload.wikimedia.org/wikipedia/commons/thumb/5/5b/Luxury_yacht_Octopus_%287893770776%29.jpg/1920px-Luxury_yacht_Octopus_%287893770776%29.jpg,"Helgi Halldórsson from Reykjavík, Iceland",CC BY-SA 2.0,https://creativecommons.org/licenses/by-sa/2.0,"Luxury yacht Octopus is now at the outer harbor in Reykjavik. It´s owned by the millionaires Paul Allen, a co-founder of Microsoft. Octopus is one of the most exalted yacht world, it is 126 meters long and contains two helicopters, remote-controlled submersibles and submarines.",4898,3237,1400,925,cbd510b07cdb6a3b8e32c8b3d620e35520b863a925473ff8952b7d339931babe,d3b1790f8fe46403,35.363
luxury_motivation,114,superyacht,visual-harvest-400/luxury_motivation/114_superyacht_luxury-yacht-northern-light-helsinki-4.jpg,File:Luxury yacht Northern Light Helsinki 4.JPG,https://commons.wikimedia.org/wiki/File:Luxury_yacht_Northern_Light_Helsinki_4.JPG,https://upload.wikimedia.org/wikipedia/commons/thumb/5/57/Luxury_yacht_Northern_Light_Helsinki_4.JPG/1920px-Luxury_yacht_Northern_Light_Helsinki_4.JPG,MKFI,Public domain,,Luxury yacht Northern Light in Helsinki South Harbour.,5184,3456,1400,933,d639677e572baf230cebc382559e70a290215198588259d86bee26e5db6b18e9,cfb02b8d345b4ae4,38.466
luxury_motivation,115,superyacht,visual-harvest-400/luxury_motivation/115_superyacht_mega-yacht-al-said-owned-by-sultan-qaboos-47954066317.jpg,"File:Mega yacht ""Al Said"" owned by Sultan Qaboos (47954066317).jpg",https://commons.wikimedia.org/wiki/File:Mega_yacht_%22Al_Said%22_owned_by_Sultan_Qaboos_(47954066317).jpg,https://upload.wikimedia.org/wikipedia/commons/thumb/9/9b/Mega_yacht_%22Al_Said%22_owned_by_Sultan_Qaboos_%2847954066317%29.jpg/1920px-Mega_yacht_%22Al_Said%22_owned_by_Sultan_Qaboos_%2847954066317%29.jpg,Eduard Marmet,CC BY-SA 2.0,https://creativecommons.org/licenses/by-sa/2.0,"Muttrah, Oman.",4820,3219,1400,935,c87a42aa2ab42f6268b436e536ef8333a0f25d35afbf365ef7224a5f094edc29,9fe0609f97686585,35.193
luxury_motivation,116,superyacht,visual-harvest-400/luxury_motivation/116_superyacht_luxury-yacht-lipari-islands-midnight-2015-08-14.jpg,"File:Luxury yacht, Lipari Islands, midnight, 2015-08-14.JPG","https://commons.wikimedia.org/wiki/File:Luxury_yacht,_Lipari_Islands,_midnight,_2015-08-14.JPG",https://upload.wikimedia.org/wikipedia/commons/thumb/7/76/Luxury_yacht%2C_Lipari_Islands%2C_midnight%2C_2015-08-14.JPG/1920px-Luxury_yacht%2C_Lipari_Islands%2C_midnight%2C_2015-08-14.JPG,Nicolas Völcker,CC BY-SA 4.0,https://creativecommons.org/licenses/by-sa/4.0,"A luxury yacht in Lipari, photographed in the night",4928,3264,1400,928,f72a48ac5ddbcbe713893966125680695fe8194ff7c3b238d9a0aeb92c0e8167,cc3333cccc3033cf,16.739
luxury_motivation,117,superyacht,visual-harvest-400/luxury_motivation/117_superyacht_reverie-luxury-yacht-anchor-2927273357.jpg,File:Reverie Luxury Yacht anchor (2927273357).jpg,https://commons.wikimedia.org/wiki/File:Reverie_Luxury_Yacht_anchor_(2927273357).jpg,https://upload.wikimedia.org/wikipedia/commons/thumb/4/46/Reverie_Luxury_Yacht_anchor_%282927273357%29.jpg/1920px-Reverie_Luxury_Yacht_anchor_%282927273357%29.jpg,"Andy Mitchell from Glasgow, UK",CC BY-SA 2.0,https://creativecommons.org/licenses/by-sa/2.0,"Luxury motor yacht ‘Reverie’ is one of the largest yachts built in Italy. Built by Benetti, she is 70m long with a 12,5m beam, has main seven decks and offers almost every conceivable luxury. Reverie is a very impressive, exclusive and unique charter yacht which cruises both the Mediterranean and Caribbean.",3072,2304,1400,1050,20d1c60aad4cbac6f68404eb6cc94a7fbc6eb5ba32892f9c9df5bd73e6336a98,df07613c075096d7,44.375
luxury_motivation,118,superyacht,visual-harvest-400/luxury_motivation/118_superyacht_luxury-yacht-northern-light-helsinki-1.jpg,File:Luxury yacht Northern Light Helsinki 1.JPG,https://commons.wikimedia.org/wiki/File:Luxury_yacht_Northern_Light_Helsinki_1.JPG,https://upload.wikimedia.org/wikipedia/commons/thumb/7/7d/Luxury_yacht_Northern_Light_Helsinki_1.JPG/1920px-Luxury_yacht_Northern_Light_Helsinki_1.JPG,MKFI,Public domain,,Luxury yacht Northern Light in Helsinki South Harbour.,2859,4296,932,1400,dde5d1e7a83dbd0e5935161584f47a08d35885013f16522fe3ab7873f1ae777d,da81a554c97db686,44.196
luxury_motivation,119,superyacht,visual-harvest-400/luxury_motivation/119_superyacht_luxury-yacht-a-2-sept-2011.jpg,File:Luxury yacht A - 2 Sept. 2011.jpg,https://commons.wikimedia.org/wiki/File:Luxury_yacht_A_-_2_Sept._2011.jpg,https://upload.wikimedia.org/wikipedia/commons/thumb/2/2a/Luxury_yacht_A_-_2_Sept._2011.jpg/1920px-Luxury_yacht_A_-_2_Sept._2011.jpg,"martinvarsavsky from Madrid, Spain",CC BY 2.0,https://creativecommons.org/licenses/by/2.0,summer 2011 (42 of 42),5616,3744,1400,933,8d680190551e4b35d6a7afef58ce003fa93eda18318fe72dbee93b574b0cf97f,c17d3803fdc807f8,23.064
luxury_motivation,120,private-jet,visual-harvest-400/luxury_motivation/120_private-jet_beechcraft-king-air-65-90-dpla-080fc286c7edfb58f2b85f348e76cad7-page-2.jpg,File:Beechcraft King Air 65-90 - DPLA - 080fc286c7edfb58f2b85f348e76cad7 (page 2).jpg,https://commons.wikimedia.org/wiki/File:Beechcraft_King_Air_65-90_-_DPLA_-_080fc286c7edfb58f2b85f348e76cad7_(page_2).jpg,https://upload.wikimedia.org/wikipedia/commons/thumb/6/6a/Beechcraft_King_Air_65-90_-_DPLA_-_080fc286c7edfb58f2b85f348e76cad7_%28page_2%29.jpg/1920px-Beechcraft_King_Air_65-90_-_DPLA_-_080fc286c7edfb58f2b85f348e76cad7_%28page_2%29.jpg,Beech Aircraft Corporation,CC0,http://creativecommons.org/publicdomain/zero/1.0/deed.en,"Seven/ten place, low-wing, twin-turboprop business aircraft; white with red and gray trim. Pratt and Whitney Canada PT6A-6 engines. The Beechcraft King Air is the world's most popular turboprop aircraft. Beech Aircraft developed the King Air in 1964 as a compromise between piston-engine and jet aircraft; it could fly farther and higher than piston-engine aircraft yet land on the short runways of most small airports. The design remains the primary business aircraft for small to mid-size companies and part of the flight inventories of larger corporations. Rather than investing in new and expensive technology, Beech built an improved and marketable business aircraft from its existing production line. The aircraft displayed here, LJ-34, began as a Queen Air that was upgraded with Pratt and Whitney PT6A-6 turboprop engines, a design that soon became the C-90. Several companies operated it for a total of more than 7,000 hours of service. The Beech King Air is the world's most popular turboprop aircraft. Beech Aircraft Corporation developed the King Air in 1964 as a compromise between piston-engine and jet aircraft and the design quickly found success. The King Air can fly farther and higher than piston-engine aircraft, and, unlike many jets, it can land on the short runways of most small airports. With the three different models, including the C90B, still in production in 2001, this aircraft remains the primary business aircraft for small to mid-size companies, and it is an integral part of the flight inventories of many larger corporations. Since its incorporation in 1932, Beech Aircraft was a successful builder of civil and military aircraft. After Walter Beech's death in 1950, his wife and co-founder, Olive Ann, became president and chairman of Beech, and she continued the profitable aircraft production lines while also diversifying into other aerospace endeavors. In 1959, Beech Aircraft introduced the Model 65 Queen Air to fill the gap between the six-seat twin-Bonanza, a derivative of the single-engine Bonanza introduced in 1947, and the Super 18, a deluxe version of the classic Beech 18. The Queen Air featured the low-wing, all-metal, tricycle design typical of Beech's post-war aircraft, carried seven to nine passengers, and featured two horizontally-opposed 340-hp Lycoming engines. Subsequent improvements included a swept tail and a pressurized fuselage, but when turboprop engines were added to a Queen Air 88 in 1964, it was re-designated the King Air 90. In August 1963, Beech Aircraft announced the King Air design to meet the requirements of executive and corporate business travel for six to nine passengers, using turboprop engines to bridge the gap between piston-power and jet aircraft. The first King Air, powered by Pratt & Whitney Canada PT6A-6 engines, flew on January 20, 1964 and, after the prototype completed a 230-hour test program, the design received its type certificate on May 27, 1964. The first production aircraft deliveries began in late 1964. The design was a low-wing cantilever monoplane of aluminum construction with retractable tricycle landing gear. To improve its utility and safety in changing flight conditions, standard equipment, that had been optional on the Queen Air, included de-icing boots on the leading edges of the wings, fin, and tailplane. Flight instruments allowed for all-weather capabilities and various communications and navigation packages included autopilot, radio, and radar systems. The Model 90 had two seats in the cockpit and four reclining passenger seats facing each other in the cabin, with options for a two or three-place couch for passengers. Air conditioning and soundproofing also improved passenger comfort in the cabin. Two 500-hp P&W Canada PT6A-6 turboprop engines with three-blade Hartzell propellers gave the King Air a top ceiling of 27,400 feet and a range of 1,565 miles at 270 mph. Piston-powered aircraft could not match this performance while emerging jet aircraft of the 1960s used turbojet engines that were high-priced, noisy, and had high fuel consumption. Rather than investing in a completely new and expensive technology, Beech built a vastly improved and marketable business aircraft from its existing production line. After the King Air's initial success, Beech concentrated on continuous upgrades to appeal to a range of executive and corporate needs. Sophisticated electronics packages, increased cabin space, and finer interior amenities in Models 90, 100, 200, 300, and 350 provided comfortable working and transport environments for business travelers. Newer models are longer and sport T-tails, but the basic configuration remains the same and continues to appeal as a new or previously owned medium-range aircraft. In addition to the airframe, the Pratt & Whitney Canada PT6A turboprop engine family consistently provides a high level of performance and reliability. Nearly 40 years since its introduction, the King Air series is still the king of the turboprops and fills a significant niche in the business aviation marketplace. The Museum's aircraft, LJ-34, is an early model with both the Queen Air and King Air designations, 65-90, meaning it was a Queen Air 88 design upgraded with P&W Canada PT6A-6 engines. One hundred and twelve of these models were built. The aircraft received its airworthiness certificate on April 16, 1965 and was registered as N1920H. The exterior was white with Morning Glory Blue and Jubilee Gold trim and the interior was Frontier Green, Black and Arctic Beige. On April 23, 1965, the Aviation Department of Helmerich and Payne, Inc., of Tulsa, Oklahoma, purchased the aircraft and the company flew the aircraft almost every other day for many years, mostly around the Central Plains states. The aircraft's registration changed to N10LE on October 8, 1973 and it flew in California, until May 20, 1976, when the registration was changed to N275DP. I FLY SOUTH of Wilmington, Delaware, owned the aircraft by 1994 and it then returned to Raytheon's Beech Aircraft Corporation in March 1998. Stevens Aviation, of Vandalia, Ohio, performed general maintenance and painted it white with red and gray trim before Raytheon flew it to National Airport near Washington, DC, in April 1998. There, its flight career ended with 7,164.5 hours on the airframe. It was disassembled and trucked across the Potomac River to the Museum for installation in the Business Wings exhibit. In July of 2000, when the exhibit closed, Raytheon donated the aircraft to the Museum.",1999,1328,1400,930,a01127eff72bbd2c11b95e235b5c6aebfa0ce659e339ee317f27566d4c02413e,c01a37e4c99fbe24,32.73
luxury_motivation,121,private-jet,visual-harvest-400/luxury_motivation/121_private-jet_paris-air-show-2019-le-bourget-siae1097.jpg,"File:Paris Air Show 2019, Le Bourget (SIAE1097).jpg","https://commons.wikimedia.org/wiki/File:Paris_Air_Show_2019,_Le_Bourget_(SIAE1097).jpg",https://upload.wikimedia.org/wikipedia/commons/thumb/1/17/Paris_Air_Show_2019%2C_Le_Bourget_%28SIAE1097%29.jpg/1920px-Paris_Air_Show_2019%2C_Le_Bourget_%28SIAE1097%29.jpg,Matti Blume,CC BY-SA 4.0,https://creativecommons.org/licenses/by-sa/4.0,Interior of a HondaJet at Paris Air Show 2019,6720,4480,1400,933,ae232e78a7ef50bb9a920244e7883218b9f6dcf7f6352100932f9fbbbb850c7e,e095defa88579621,39.393
luxury_motivation,122,private-jet,visual-harvest-400/luxury_motivation/122_private-jet_hawker-4000-cabin-interior-facing-aft.jpg,File:Hawker 4000 cabin interior facing aft.jpg,https://commons.wikimedia.org/wiki/File:Hawker_4000_cabin_interior_facing_aft.jpg,https://upload.wikimedia.org/wikipedia/commons/thumb/0/0d/Hawker_4000_cabin_interior_facing_aft.jpg/1920px-Hawker_4000_cabin_interior_facing_aft.jpg,JetRequest.com,CC BY-SA 3.0,https://creativecommons.org/licenses/by-sa/3.0,Hawker 4000 cabin interior facing aft,4000,2664,1400,933,ac56e3e389a5a2d8199a4bcc708c93c4eba5697079c5f364e007cd46b306b4b0,b3b174836acfd40c,41.709
luxury_motivation,123,private-jet,visual-harvest-400/luxury_motivation/123_private-jet_piaggio-p180-avanti-cabin-interior-facing-forward.jpg,File:Piaggio P180 Avanti cabin interior facing forward.jpg,https://commons.wikimedia.org/wiki/File:Piaggio_P180_Avanti_cabin_interior_facing_forward.jpg,https://upload.wikimedia.org/wikipedia/commons/thumb/7/77/Piaggio_P180_Avanti_cabin_interior_facing_forward.jpg/1920px-Piaggio_P180_Avanti_cabin_interior_facing_forward.jpg,JetRequest.com,CC BY-SA 3.0,https://creativecommons.org/licenses/by-sa/3.0,Piaggio P180 Avanti cabin interior facing forward,4000,2664,1400,933,0f4db3aa3dc4e2a0824eb84aa69f9f9747aad4603732dd2956fbc5e1fe394b74,bc9b01174236eb79,37.369
luxury_motivation,124,private-jet,visual-harvest-400/luxury_motivation/124_private-jet_eclipse-500-interior.jpg,File:Eclipse 500 interior.jpg,https://commons.wikimedia.org/wiki/File:Eclipse_500_interior.jpg,https://upload.wikimedia.org/wikipedia/commons/thumb/4/40/Eclipse_500_interior.jpg/1920px-Eclipse_500_interior.jpg,JetRequest.com,CC BY-SA 3.0,https://creativecommons.org/licenses/by-sa/3.0,Eclipse 500 cabin interior,4000,2664,1400,933,de53d87c4193afcc0173519ddc0857307558007b7b02787e52b5cfe9b744471e,e29b6592ca13ba65,31.02
luxury_motivation,125,private-jet,visual-harvest-400/luxury_motivation/125_private-jet_packard-120-convertible-coupe-1939-50072477626.jpg,File:PACKARD 120 CONVERTIBLE COUPE (1939) (50072477626).jpg,https://commons.wikimedia.org/wiki/File:PACKARD_120_CONVERTIBLE_COUPE_(1939)_(50072477626).jpg,https://upload.wikimedia.org/wikipedia/commons/thumb/a/a0/PACKARD_120_CONVERTIBLE_COUPE_%281939%29_%2850072477626%29.jpg/1920px-PACKARD_120_CONVERTIBLE_COUPE_%281939%29_%2850072477626%29.jpg,"Pedro Ribeiro Simões from Lisboa, Portugal",CC BY 2.0,https://creativecommons.org/licenses/by/2.0,"Belem, Lisbon, Portugal DESCRIPTION Packard was an American luxury automobile marque built by the Packard Motor Car Company of Detroit, Michigan, United States. The first Packard automobiles were produced in 1899, and the last Detroit-built Packard in 1956, when they built the Packard Predictor, their last concept car. Packard bought Studebaker in 1953 and formed the Studebaker-Packard Corporation of South Bend, Indiana. The 1957 and 1958 Packards were actually badge engineered Studebakers, built in South Bend. HISTORY 1899–1905 Packard was founded by James Ward Packard, his brother William and their partner, George Lewis Weiss, in the city of Warren, Ohio, where 400 Packard automobiles were built at their factory on Dana Street Northeast, from 1899 to 1903. A mechanical engineer, James Packard believed they could build a better horseless carriage than the Winton cars owned by Weiss, an important Winton stockholder, after Packard complained to Alexander Winton and offered suggestions for improvement, which were ignored. Packard's first car was built in Warren, Ohio, on November 6, 1899. Henry Bourne Joy, a member of one of Detroit's oldest and wealthiest families, bought a Packard. Impressed by its reliability, he visited the Packards and soon enlisted a group of investors—including Truman Handy Newberry and Russell A. Alger Jr. On October 2, 1902, this group refinanced and renamed the New York and Ohio Automobile Company as the Packard Motor Car Company, with James Packard as president. Alger later served as vice president. Packard moved operations to Detroit soon after, and Joy became general manager (and later chairman of the board). An original Packard, reputedly the first manufactured, was donated by a grateful James Packard to his alma mater, Lehigh University, and is preserved there in the Packard Laboratory.Another is on display at the Packard Museum in Warren, Ohio. In the beginning, all Packards had a single-cylinder engine until 1903. Packard vehicles featured innovations, including the modern steering wheel and, years later, the first production 12-cylinder engine, adapted from developing the Liberty L-12, and air-conditioning in a passenger car. Packard produced its ""Twin Six"" model series of 12-cylinder cars from 1915 to 1923. While the Black Motor Company's Black went as low as $375, Western Tool Works' Gale Model A roadster was $500, the high-volume Oldsmobile Runabout went for $650, and the Cole 30 and Cole Runabout were US$1,500,Packard concentrated on cars with prices starting at $2,600. The marque developed a following among wealthy purchasers both in the United States and abroad, competing with European marques like Rolls-Royce and Mercedes Benz. The 3,500,000-square-foot (330,000 m2) Packard plant on East Grand Boulevard in Detroit was located on over 40 acres (16 ha) of land. Designed by Albert Kahn Associates, it included an early use of reinforced concrete for an automotive factory when building #10 opened in early 1906. Its skilled craftsmen practiced over 80 trades. The dilapidated plant still stands,despite repeated fires. The factory is in close proximity to the current General Motors Detroit/Hamtramck Assembly, which was the former site of the Dodge Vehicle factory from 1910 until 1980. Architect Kahn also designed the Packard Proving Grounds in Shelby Township, Michigan. 1906–1930 From this beginning, through and beyond the 1930s, Packard-built vehicles were perceived as highly competitive among high-priced luxury American automobiles. The company was commonly referred to as being one of the ""Three Ps"" of American motordom royalty, along with Pierce-Arrow of Buffalo, New York, and Peerless of Cleveland, Ohio. For most of its history, Packard was guided by its President and General Manager James Alvan Macauley, who also served as President of the National Automobile Manufacturers Association. Inducted into the Automobile Hall of Fame, Macauley made Packard the number one designer and producer of luxury automobiles in the United States. The marque was also highly competitive abroad, with markets in 61 countries. Gross income for the company was $21,889,000 in 1928. Macauley was also responsible for the iconic Packard slogan, ""Ask the Man Who Owns One"". In the 1920s, Packard exported more cars than any other in its price class, and in 1930, sold almost twice as many abroad as any other marque priced over $2000. In 1931, 10 Packards were owned by Japan's royal family. Between 1924 and 1930, Packard was also the top-selling luxury brand. In addition to excellent luxury cars, Packard built trucks. A Packard truck carrying a three-ton load drove from New York City to San Francisco between 8 July and 24 August 1912. The same year, Packard had service depots in 104 cities. The Packard Motor Corporation Building at Philadelphia, also designed by Albert Kahn, was built in 1910-1911. It was added to the National Register of Historic Places in 1980. By 1931, Packards were also being produced in Canada. 1931–1936 Entering the 1930s, Packard attempted to beat the stock market crash and subsequent Great Depression by manufacturing ever more opulent and expensive cars than it had prior to October 1929. While the Eight five-seater sedan had been the company's top-seller for years, the Twin Six, designed by Vincent,[23] was introduced for 1932, with prices starting at $3,650 (equal to $68397 today) at the factory gate;] in 1933, it would be renamed the Packard Twelve, a name it retained for the remainder of its run (through 1939). Also in 1931, Packard pioneered a system it called Ride Control, which made the hydraulic shock absorbers adjustable from within the car. For one year only, 1932, Packard fielded an upper-medium-priced car, the Light Eight, at a base price of $1,750, or $735 less than the standard Eight. Rivals Cadillac and Lincoln benefited from the huge support structure of GM and Ford. Packard could not match the two automotive giants for resources, however the 1920s had proven extremely profitable for the company and it had assets of approximately $20 million in 1932 while many luxury car manufacturers were almost broke. Peerless ceased production in 1932, changing the Cleveland manufacturing plant from producing cars to brewing beer for Carling Black Label Beer. By 1938, Franklin, Marmon, Ruxton, Stearns-Knight, Stutz, Duesenberg, and Pierce-Arrow had all closed. Packard also had one other advantage that some other luxury automakers did not: a single production line. By maintaining a single line and interchangeability between models, Packard was able to keep its costs down. Packard did not change cars as often as other manufacturers did at the time. Rather than introducing new models annually, Packard began using its own ""Series"" formula for differentiating its model changeovers in 1923. New model series did not debut on a strictly annual basis, with some series lasting nearly two years, and others lasting as short a time as seven months. In the long run, though, Packard averaged around one new series per year. By 1930, Packard automobiles were considered part of its Seventh Series. By 1942, Packard was in its Twentieth Series. The ""Thirteenth Series"" was omitted. To address the Depression, Packard started producing more affordable cars in the medium price range. This was a necessary step as the demand for hand-built luxury cars had diminished sharply and even people who could afford such vehicles were reluctant to be seen in them at a time when unemployment was higher than 20%. In 1935, the company introduced its first car under $1000, the 120. Sales more than tripled that year and doubled again in 1936. To produce the 120, Packard built and equipped an entirely separate factory. By 1936, Packard's labor force was divided nearly evenly between the high-priced ""Senior"" lines (Twelve, Super Eight, and Eight) and the medium-priced ""Junior"" models, although more than 10 times more Juniors were produced than Seniors. This was because the 120 models were built using thoroughly modern mass production techniques, while the senior Packards used a great deal more hand labor and traditional craftsmanship. Although Packard almost certainly could not have survived the Depression without the highly successful Junior models, they did have the effect of diminishing the Senior models' exclusive image among those few who could still afford an expensive luxury car. The 120 models were more modern in basic design than the Senior models; for example, the 1935 Packard 120 featured independent front suspension and hydraulic brakes, features that would not appear on the Senior Packards until 1937. During this time, Packards were built in Windsor, Ontario by the Packard Motor Company of Canada Ltd. Production started in 1931, with the best year being 1937, with just over 2,500 cars built.Parts manufactured in Canada included tires, upholstery, radiator cores, headlamps, springs, wheels, while the engines were locally assembled. Production ended in 1939, although the company maintained an office in Windsor for many years. 1937–1941 1939 (17th series) Twelve Packard was still the premier luxury automobile, even though the majority of cars being built were the 120 and Super Eight model ranges. Hoping to catch still more of the market, Packard decided to issue the Packard 115C in 1937, which was powered by Packard's first six-cylinder engine since the Fifth Series cars in 1928. The decision to introduce the ""Packard Six"", priced at around $1200, was in time for the 1938 recession. This model also tagged Packards as something less exclusive than they had been in the public's mind and in the long run hurt Packard's reputation of building some of America's finest luxury cars. The Six, redesignated 110 in 1940–41, continued for three years after the war. In 1939, Packard introduced Econo-Drive, a kind of overdrive, claimed able to reduce engine speed 27.8%; it could be engaged at any speed over 30 mph (48 km/h). The same year, the company introduced a fifth, transverse shock absorber and made column shift (known as Handishift) available on the 120 and Six. 1941 A new body shape was introduced for the 1941 the Packard Clipper. It was available only as a four-door model on the 127 in (3,226 mm) wheelbase of the 160, but powered by 125 hp (93 kW; 127 PS) version of straight-8 engine used the 120. 1942–1945 In 1942, the Packard Motor Car Company converted to 100% war production. During World War II, Packard again built airplane engines, licensing the Merlin engine from Rolls-Royce as the V-1650, which powered the famous P-51 Mustang fighter, ironically known as the ""Cadillac of the Skies"" by GIs in WWII. Packard also built 1350-, 1400-, and 1500-hp V-12 marine engines for American PT boats (each boat used three) and some of Britain's patrol boats. Packard ranked 18th among United States corporations in the value of wartime production contracts. By the end of the war in Europe, Packard Motor Car Company had produced over 55,000 combat engines. Sales in 1944 were $455,118,600. By May 6, 1945, Packard had a backlog on war orders of $568,000,000.[37] 1946–1956 By the end of World War II, Packard was in excellent financial condition with assets of around $33 million, but several management mistakes became ever more visible as time went on. Like other US automobile companies, Packard resumed civilian car production in late 1945, labelling them as 1946 models by modestly updating their 1942 models. As only tooling for the Clipper was at hand, the Senior-series cars were not rescheduled. One version of the story is that the Senior dies were left out in the elements to rust and were no longer usable. Another long-rumored tale is that Roosevelt gave Stalin the dies to the Senior series, but the ZiS-110 state limousines were a separate design.[41] 1949 Packard convertible coupé 1950 Packard Eight Club Sedan The Clipper became outdated as the new envelope bodies started appearing, led by Studebaker and Kaiser-Frazer. Had they been a European car maker, this would have meant nothing; they could have continued to offer the classic shape not so different from the later Rolls-Royce with its vertical grill. Although Packard was in solid financial shape as the war ended, they had not sold enough cars to pay the cost of tooling for the 1941 design. While most automakers were able to come out with new vehicles for 1948–49, Packard could not until 1951. They therefore updated by adding sheet metal to the existing body (which added 200 lb (91 kg) of curb weight). Six-cylinder cars were dropped for the home market, and a convertible was added. These new designs hid their relationship to the Clipper. Even that name was dropped—for a while. The design chosen was a ""bathtub"" type. While this was considered futuristic during the war and the concept was taken further with the 1949 Nash—and survived for decades in the Saab 92-96 in Europe—the 1948–1950 Packard styling was polarizing. To some it was sleek and blended classic with modern; others nicknamed it the ""pregnant elephant"". Test driver for Modern Mechanix, Tom McCahill, referred to the newly designed Packard as ""a goat"" and ""a dowager in a Queen Mary hat"". Packard sold 92,000 vehicles for 1948 and 116,000 of the 1949 models, however in the early post-WWII years, the demand for new cars was extremely high and nearly any vehicle would sell. Attempting to maintain strong sales beyond this point would prove far more problematic. Cadillac's new 1948 cars had sleek, aircraft-inspired styling that immediately made Packard's ""bathtub"" styling seem old-fashioned. Moreover, Cadillac also debuted a brand-new OHV V8 engine in 1949 which gave their cars a reputation for performance that Packard's dependable, but aging inline eight engine couldn't match. The lack of a modern powerplant would prove an increasing liability for Packard as the 1950s unfolded. Packard outsold Cadillac until about 1950; most sales were the midrange volume models. During this time, Cadillac was among the earliest U.S. makers to offer an automatic transmission (the Hydramatic in 1941), but Packard caught up with the Ultramatic,[42] offered on top models in 1949 and all models from 1950 onward. Designed and built by Packard, the Ultramatic featured a lockup torque converter with two speeds. Early Ultramatics normally operated only in ""high"", with ""low"" having to be selected manually. Beginning in late 1954, it could be set to operate only in ""high"" or to start in ""low"" and automatically shift into ""high"". ""High"" was intended for normal driving and ""Low"" mainly for navigating hills. The Ultramatic made Packard the only American automotive manufacturer other than GM to develop an automatic transmission completely in-house, as even Ford had chosen to outsource the design of theirs to Borg-Warner (Ford had initially attempted to purchase Ultramatics from Packard to install in Lincolns, but ended up buying Hydramatics until Lincoln got its own automatic transmission a few years later). However, Ultramatic did not compare to GM's Hydramatic for smoothness of shifting, acceleration, or reliability. The resources spent on Ultramatic deprived Packard of the chance to develop a badly needed modern V8 engine. Also, when a new body style was added in addition to standard sedans, coupes, and convertibles, Packard introduced a station wagon instead of a two-door hardtop in response to Cadillac's Coupe DeVille. The Station Sedan, a wagon-like body that was mostly steel, with good deal of decorative wood in the back; only 3864 were sold over its three years of production. Although the Packards of the late 1940s and early 1950s were built in its old tradition with craftsmanship and the best materials, all was not well. The combination of the lower priced Packards leading sales and impacting the prestige of their higher end brethren and some questionable marketing decisions, Packard's crown as ""king"" of the luxury car market was at risk — and it would eventually be stolen by a rising Cadillac. In 1950, sales dropped to 42,000 cars for the model year. When Packard's president George T. Christopher set course for an evolutionary styling approach with a facelift for 1951, others wanted a radical new design. In the end, Christopher resigned and Packard treasurer Hugh Ferry became president - he demanded a new direction. Ferry, who had spent his career at Packard in the accounting department, did not want the job and quickly made it clear that he was serving on a temporary basis until a permanent company president could be found. The 1951 Packards were completely redesigned. Designer John Reinhart introduced a high-waisted, more squared-off profile fitting the contemporary styling trends — very different from the traditional flowing design of the immediate postwar era. New styling features included a one-piece windshield, a wrap-around rear window, small tailfins on the long-wheelbase models, a full-width grill (replacing the traditional Packard upright design), and blunt ""guideline fenders"" with the hood and front fenders at the same height. The 122-inch (3,099 mm) wheelbase supported low-end 200-series standard and Deluxe two- and four-doors, and 250-series Mayfair hardtop coupes (Packard's first), and convertibles. Upmarket 300 and Patrician 400 models rode a 127-inch (3,226 mm) wheelbase. The 200-series models were again low-end models and now included a business coupe. The 250, 300, and 400/Patricians were Packard's flagship models and comprised the majority of production for that year. The Patrician was now the top-shelf Packard, replacing the Custom Eight line. Original plans were to equip it with a 356 cu in (5.8 L) engine, but the company decided that sales would probably not be high enough to justify producing the larger, more expensive power plant, and so the debored 327 cu in (5.4 L) (previously the middle engine) was used instead. While the smaller powerplant offered nearly equal performance in the new Packards to that of the 356, the move was seen by some as further denigrating Packard's image as a luxury car. Since 1951 was a quiet year with little new from the other auto manufacturers, Packard's redesigned lineup sold nearly 101,000 cars. The 1951 Packards were a quirky mixture of the modern (the automatic transmissions) and aging (still using flathead inline eights when OHV V8 engines were rapidly becoming the norm). No domestic car lines had OHV V8s in 1948, but by 1955, every car line offered a version. The Packard inline eight, despite being an older design that lacked the power of Cadillac's engines, was very smooth. When combined with an Ultramatic transmission, the drivetrain made for a nearly quiet and smooth experience on the road. However, it struggled to keep pace with the horsepower race, which was increasingly moving to high compression, short stroke engines capable of sustained driving at speeds greater than 55 MPH. Packard's image was increasingly seen as dowdy and old-fashioned, unappealing to younger customers. Surveys found that nearly 75% of Packard customers were repeats who had owned previous Packards and few new buyers were being attracted to the make. Compounding this problem was the company's geriatric leadership. The Packard board of directors by the early 1950s had an average age of 67 and younger executives with a fresher approach to running the company were badly needed--in 1948, Alvin Macauley, born during the Grant Administration, had stepped down as chairman. Hugh Ferry therefore decided that there was no choice but to hire an outsider to take over as president. To that end, he recruited James Nance from appliance manufacturer Hotpoint. At 52, Nance was more than a decade younger than the youngest Packard executive. One of the main reasons for the aged leadership of Packard was the company's lack of a pension plan for executives (the rank-and-file workers had a pension plan per their UAW contract). As a result, Packard executives were reluctant to retire and be left with no source of income other than a Social Security payment, thus blocking younger men from coming to power in the company. One of James Nance's first actions as president was creating a pension plan to induce Packard executives to retire. Nance worked to snag Korean War military contracts and turn around Packard's badly diluted image. He declared that from now on, Packard would cease producing midpriced cars and build only luxury models to compete with Cadillac. As part of this strategy, Nance unveiled a low-production (only 750 made) glamor model for 1953, the Caribbean convertible. Competing directly with the other novelty ragtops of that year (Buick Skylark, Oldsmobile Fiesta, and Cadillac Eldorado), it was equally well received, and outsold its competition. However, overall sales declined in 1953. While the limited edition luxury models as the Caribbean convertible and the Patrician 400 Sedan, and the Derham custom formal sedan brought back some of the lost prestige from better days, the ""high pocket"" styling that had looked new two years earlier was no longer bringing people into the showrooms for the bread and butter Packards. Packard's build quality, which had once been second-to-none, also began slipping during this period as employee morale decreased. 1953 Packard Caribbean convertible While American independent manufacturers like Packard did well during the early postwar period, supply had caught up with demand and by the early 1950s they were increasingly challenged as the ""Big Three""—General Motors, Ford, and Chrysler—battled intensely for sales in the economy, medium-priced, and luxury markets.[43] Those independents that remained alive in the early '50s, merged. In 1953, Kaiser merged with Willys to become Kaiser-Willys. Nash and Hudson became American Motors Corporation (AMC). The strategy for these mergers included cutting costs and strengthening their sales organizations to meet the intense competition from the Big Three.[44] In 1953–54, Ford and GM waged a brutal sales war, cutting prices and forcing cars on dealers. While this had little effect on either company, it gravely damaged the independent automakers. Nash president George W. Mason thus proposed that the four major independents (Nash, Hudson, Packard, and Studebaker) all merge into one large outfit to be named American Motors Corporation (AMC). Mason held informal discussions with Nance to outline his strategic vision, and an agreement was reached for AMC to buy Packard's Ultramatic transmissions and V8 engines. They were used in 1955 Hudsons and Nashes. Although Korean War defense contracts brought in badly-needed revenue, the war ended in 1953 and new Secretary of Defense Charles E. Wilson began cutting off defense contracts from all automotive manufacturers other than GM, which he had formerly been president of. Chrysler and Ford during the early 1950s also waged a campaign of ""stealing"" Packard dealerships, consequently Packard's dealer network became steadily smaller and more scattered. Packard's last major development was the Bill Allison–invented Torsion-Level suspension, an electronically controlled four-wheel torsion-bar suspension that balanced the car's height front to rear and side to side, having electric motors to compensate each spring independently. Contemporary American competitors had serious difficulties with this suspension concept, trying to accomplish the same with air-bag springs before dropping the idea. Studebaker-Packard Corporation[edit] Main article: Studebaker-Packard Corporation As of October 1, 1954 Packard Motor Car Company bought the failing Studebaker Corporation to form America's fourth largest automobile company but without full knowledge of their circumstances or consideration of the financial implications.[45] However, SPC's Nance refused to consider merging with AMC unless he could take the top command position (Mason and Nance were former competitors as heads of the Kelvinator and Hotpoint appliance companies, respectively), but Mason's grand vision of a Big Four American auto industry ended on October 8, 1954 with his sudden death from acute pancreatitis and pneumonia. A week after the death of Mason, the new president of AMC, George W. Romney, announced ""there are no mergers under way either directly or indirectly"".[46] Nevertheless, Romney continued with Mason's commitment to buy components from SPC. Although Mason and Nance had previously agreed that SPC would purchase parts from AMC, it did not do so. Moreover, Packard's engines and transmissions were comparatively expensive, so AMC began development of its own V8 engine, and replaced the outsourced unit by mid-1956.[47] Although Nash and Hudson merged along with Studebaker and Packard joining, The four-way merger Mason had hoped for, which would have joined Nash, Hudson, Studebaker and Packard, did not materialize. The S-P marriage (really a Packard buyout) proved to be a crippling mistake. Although Packard was still in fair financial shape, Studebaker was not, struggling with high overhead and production costs and needing the impossible figure of 250,000 cars a year to break even. Due diligence was placed behind ""merger fever"", and the deal was rushed. It became clear after the merger that Studebaker's deteriorating financial situation put Packard's survival at risk. Nance had hoped for a total redesign in 1954, but the necessary time and money were lacking. Packard that year (total production 89,796) comprised the bread-and-butter Clipper line (the 250 series was dropped), Mayfair hardtop coupes and convertibles, and a new entry level long-wheelbase sedan named Cavalier. Among the Clippers was a novelty pillared coupe, the Sportster, styled to resemble a hardtop. With time and money again lacking, 1954 styling was unchanged except for modified headlights and taillights, essentially trim items. A new hardtop named Pacific was added to the flagship Patrician series and all higher-end Packards sported a bored-out 359-cid engine. Air conditioning became available for the first time since 1942. Packard had introduced air conditioning in the 1930s. Clippers (which comprised over 80% of production) also got a hardtop model, Super Panama, but sales tanked, falling to only 31,000 cars. 1955 Packard Patrician The revolutionary new model Nance hoped for was delayed until 1955, partially because of Packard's merger with Studebaker. Packard stylist Richard A. Teague was called upon by Nance to design the 1955 line, and to Teague's credit, the 1955 Packard was indeed a sensation when it appeared. Not only was the body completely updated and modernized, but the suspension also was totally new, with torsion bars front and rear, along with an electric control that kept the car level regardless of load or road conditions. Crowning this stunning new design was Packard's brand new ultra-modern overhead-valve V8, displacing 352 cu in (5.8 l), replacing the old, heavy, cast-iron side-valve straight-eight that had been used for decades. In addition, Packard offered a variety of power, comfort, and convenience features, such as power steering and brakes as well as electric window lifts. But air conditioning was an anomaly. Although available on all makes by the mid-1950s, it was installed on only a handful of cars in 1955 and 1956 despite Packard's status as a luxury car. Model year sales only climbed back to 55,000 units in 1955, including Clipper, in what was a very strong year across the industry. As the 1955 models went into production, an old problem flared up. Back in 1941, Packard had outsourced its bodies to Briggs Manufacturing Company. Briggs founder Walter Briggs had died in early 1952 and his family decided to sell the company off to pay for estate taxes. Chrysler promptly purchased Briggs and notified Packard that they would cease supplying bodies after Packard's contract with Briggs expired at the end of 1953. Packard was forced to move body production to an undersized plant on Connor Avenue in Detroit. The facility proved too small and caused endless tie-ups and quality problems.[citation needed] Bad quality control hurt the company's image and caused sales to plummet for 1956, though the problems had largely been resolved by that point.[citation needed] Additionally, a ""brain drain"" of talent away from Packard was underway, most notably John Z. DeLorean.[citation needed] 1956 Packard Clipper For 1956, the Clipper became a separate make, with Clipper Custom and Deluxe models available. Now the Packard-Clipper business model was a mirror to Lincoln-Mercury. ""Senior"" Packards were built in four body styles, each with a unique model name. Patrician was used for the four-door top of the line sedans, Four Hundred for the hardtop coupes, and Caribbean for the convertible and vinyl-roof two-door hardtop. In the spring of 1956, the Executive was introduced. Coming in a four-door sedan and a two-door hardtop, the Executive was aimed at the buyer who wanted a luxury car but could not justify Packard's pricing. It was an intermediate model using the Packard name and the Senior models' front end, but using the Clipper platform and rear fenders. This was to some confusing and went against what James Nance had been attempting for several years to accomplish, the separation of the Clipper line from Packard. However, as late as the cars' introduction to the market, was there was reasoning for in 1957 this car was to be continued. It then became a baseline Packard on the all-new 1957 Senior shell. Clippers would share bodies with Studebaker from 1957. Despite the new 1955/56 design, Cadillac continued to lead the luxury market, followed by Lincoln, Packard, and Imperial. Reliability problems with the automatic transmission and all electrical accessories further eroded the public's opinion of Packard. Sales were good for 1955 compared to 1954. The year was also an industry banner year. Packard's sales slid in 1956 due to the fit and finish of the 1955 models, and mechanical issues relating to the new engineering features. These defects cost Packard millions in recalls and tarnished a newly won image just in its infancy. For 1956, Teague kept the basic 1955 design, and added more styling touches to the body such as then−fashionable three toning. Headlamps hooded in a more radical style in the front fenders and a slight shuffling of chrome distinguished the 1956 models. ""Electronic Push-button Ultramatic"", which located transmission push buttons on a stalk on the steering column, proved trouble-prone, adding to the car's negative reputation, possibly soon to become an orphan. Model series remained the same, but the V8 was now enlarged to 374 cu in (6.1 L) for Senior series, the largest in the industry. In the top-of-the-line Caribbean, that engine produced 310 hp (230 kW). Clippers continued to use the 352 engine. There were plans for an all−new 1957 line of Senior Packards based on the showcar Predictor. Clippers and Studebakers would also share many inner and outer body panels. (A private presentation of this 1957 new-car program was made to Wall Street's investment bankers at the Waldorf-Astoria Hotel in New York in January 1956.) These models were in many ways far advanced from what would be produced by any automaker other at the time, save Chrysler, which would soon feel public wrath for its own poor quality issues after rushing its all−new 1957 lines into production. Nance was dismissed and moved to Ford as the head of the new Mercury-Edsel-Lincoln division. Although Nance tried everything, the company failed to secure funding for new retooling, forcing Packard to share Studebaker platforms and body designs. With no funding to retool for the advanced new models envisioned, SPC's fate was sealed; the large Packard was effectively dead in an executive decision to kill ""the car we could not afford to lose"". The last fully Packard-designed vehicle, a Patrician four-door sedan, rolled off the Conner Avenue assembly line on June 25, 1956.[48] 1957–1958[edit] 1958 Packard In 1957, no more Packards were built in Detroit and the Clipper disappeared as a separate brand name. Instead, a Studebaker President–based car bearing the Packard Clipper nameplate appeared on the market, but sales were slow. Available in just two body styles, Town Sedan (four-door sedan) and Country Sedan (four-door station wagon), they were powered by Studebaker's 289 cu in (4.7 l) V8 with a McCulloch supercharger, delivering the same 275 hp (205 kW) as the 1956 Clipper Custom, although at higher revolutions. Borrowing design cues from the 1956 Clipper (visual in the grille and dash), with wheel covers, tail lamps, and dials from 1956 along with the Packard cormorant hood mascot and trunk chrome trim from 1955 senior Packards, the 1957 Packard Clipper was more than a badge-engineered Studebaker—but also far from a Patrician. Had the company been able to invest more money to finish the transformation and position the car under a senior line of ""true Packards"", it might have been a successful Clipper. However, standing alone the cars sold in very limited numbers—and a number of Packard dealers dropped their franchises while customers stayed away, despite huge price discounts, fearful of buying a car that could soon be an orphaned make. With the market flooded by inexpensive cars, minor automakers struggled to sell vehicles at loss leader prices to keep up with Ford and GM.[49] Also, a general decline in demand for large cars heralded an industry switch to compact cars such as the Studebaker Lark. Predictably, many Packard devotees were disappointed by the marque's perceived further loss of exclusivity and what they perceived as a reduction in quality. They joined competitors and media critics in christening the new models as ""Packardbakers"". The 1958 models were launched with no series name, simply as ""Packard"". New body styles were introduced, a two-door hardtop joined the four-door sedan. A new premier model appeared with a sporting profile: the Packard Hawk was based on the Studebaker Golden Hawk and featured a new nose and a fake spare wheel molded in the trunk lid reminiscent of the concurrent Imperial. The 1958 Packards were amongst the first in the industry to be ""facelifted"" with plastic parts. The housing for the new dual headlights and the complete fins were fiberglass parts grafted on Studebaker bodies. Very little chrome was on the lower front clip. Designer Duncan McRae managed to include the 1956 Clipper tail lights for one last time, this time in a fin, and under a canted fin, a wild—or to some bizarre—mixture. Added to the front of all but the Hawk were tacked on pods for dual headlights, in a desperate attempt to keep up with late-1950s styling cues. All Packards were given 14 in (36 cm) wheels to lower the profile. The public reaction was predictable and sales were almost nonexistent. The Studebaker factory was older than Packard's Detroit plant, with higher production requirements, which added to dipping sales. A new compact car on which the company staked its survival, the Lark, was a year away, and failed to sell in sufficient numbers to keep the marque afloat. Several makes were discontinued around this time: Packard, Edsel, Hudson, Nash, DeSoto, and Kaiser. Not since the 1930s had so many makes disappeared, and it wouldn't be until the automotive industry crisis of 2008–10 that so many makes would be dropped at the same time again. CONCEPT PACKARDS 1956 Predictor concept, at the Studebaker National Museum During the 1950s, a number of ""dream cars"" were built by Packard in an attempt to keep the marque alive in the imaginations of the American car-buying public. Included in this category are the 1952 Pan American that led to the production Caribbean and the Panther (also known as Daytona), based on a 1954 platform. Shortly after the introduction of the Caribbean, Packard showed a prototype hardtop called the Balboa.[50] It featured a reverse-slanted rear window that could be lowered for ventilation, a feature introduced in a production car by Mercury in 1957 and still in production in 1966. The Request was based on the 1955 Four Hundred hardtop, but featured a classic upright Packard fluted grille reminiscent of the prewar models. In addition, the 1957 engineering mule ""Black Bess"" was built to test new features for a future car. This car had a resemblance to the 1958 Edsel. It featured Packard's return to a vertical grill. This grill was very narrow with the familiar ox-yoke shape that was characteristic for Packard, and with front fenders with dual headlights resembling Chrysler products from that era. The engineering mule Black Bess was destroyed by the company shortly after the Packard plant was shuttered. Of the 10 Requests built, only four were sold off the showroom floor. Richard A. Teague also designed the last Packard show car, the Predictor. This hardtop coupe's design followed the lines of the planned 1957 cars. It had many unusual features, among them a roof section that opened either by opening a door or activating a switch, well ahead of later T-tops. The car had seats that rotated out, allowing the passenger easy access, a feature later used on some Chrysler and GM products. The Predictor also had the opera windows, or portholes, found on concurrent Thunderbirds. Other novel ideas were overhead switches—these were in the production Avanti—and a dash design that followed the hood profile, centering dials in the center console area. This feature has only recently been used on production cars. The Predictor survives and is on display at the Studebaker National Museum section of the Center for History in South Bend, Indiana. Astral[edit] One unusual prototype, the Studebaker-Packard Astral, was made in 1957 and first unveiled at the South Bend Art Centre on January 12, 1958, and then at the March 1958 Geneva Motor Show.[51] It had a single gyroscopic balanced wheel and the publicity data suggested it could be nuclear powered or have what the designers described as an ionic engine. No working prototype was ever made, nor was it likely that one was ever intended.[52][53] The Astral was designed by Edward E. Herrmann, Studebaker-Packard's director of interior design,[54] as a project to give his team experience in working with glass-reinforced plastic. It was put on show at various Studebaker dealerships before being put into storage. Rediscovered 30 years later, the car was restored and put on display by the Studebaker museum. The end[edit] Studebaker-Packard pulled the Packard nameplate from the marketplace in 1959. In 1962, ""Packard"" was dropped off the corporation's name at a time when it was introducing the all new Avanti, and a less anachronistic image was being sought, thus finishing the story of the American Packard marque. The Packard name (as well as Pierce-Arrow) had been considered for the Avanti, but this wasn't done. In the late 1950s, Studebaker-Packard was approached by enthusiasts to rebadge the French car maker Facel-Vega's Excellence four-door hardtop as a Packard for sale in North America, using stock Packard V8s and identifying trim including red hexagonal wheel covers, cormorant hood ornament, and classic vertical ox-yoke grille.[citation needed] The proposition was rejected when Daimler-Benz threatened to pull out of its 1957 marketing and distribution agreement, which would have cost Studebaker-Packard more in revenue than they could have made from the badge-engineered Packard. Daimler-Benz had little of its own dealer network at the time and used this agreement to enter and become more established in the American market through SPC's dealer network, and felt this car was a threat to their models. Aborted revival[edit] In the late 1990s, Roy Gullickson revived the Packard nameplate by buying the trademark and developing a Packard Twelve for the 1999 model year. His goal was annual production of 2,000 cars, but lack of investment funds stalled that plan indefinitely. The only prototype Twelve made was sold at an auto auction in Plymouth, MI, in July 2014 for $143,000.[55] Packard engines[edit] Automobile[edit] Packard's engineering staff designed and built excellent, reliable engines. Packard offered a 12-cylinder engine—the ""Twin Six""—as well as a low-compression straight-eight, but never a 16-cylinder engine. After WWII, Packard continued with their successful straight-eight-cylinder flathead engines. While as fast as the new GM and Chrysler OHV V8s, they were perceived as obsolete by buyers. By waiting until 1955, Packard was almost the last U.S. automaker to introduce a high-compression V8 engine. The design was physically large and entirely conventional, copying many of the first-generation Cadillac, Buick, Oldsmobile, Pontiac, and Studebaker Kettering features. It was produced in 320 cu in (5.2 L) and 352 cu in (5.8 L) displacements. The Caribbean version had two four-barrel carburetors and produced 275 hp (205 kW). For 1956, a 374 cu in (6.1 L) version was used in the Senior cars and the Caribbean two four-barrels produced 305 hp (227 kW).[clarification needed] Other Packard engines[edit] Gar Wood's Miss America 2, winner of the 1921 Harmsworth Trophy, was powered by four Packard-built Liberty L-12 engines. Later variants of the North American P-51 Mustang were powered by a Packard V-1650 Merlin, a license-built version of the Rolls-Royce Merlin. PT boats were powered by a trio of Packard 4M-2500 engines, and later models featured the improved 5M-2500. Packard also made large aeronautical and marine engines. Chief engineer Jesse G. Vincent developed a V12 airplane engine called the ""Liberty engine"" that was used widely in Entente air corps during World War I. After the war the Liberty was adapted for marine use, becoming a multiple world record setter under inventor and boating pioneer Gar Wood from the late 1910s through the 1930s. In the interbellum, Packard built one of the world's first diesel aviation engines, the 225-hp DR-980 radial. It powered the Stinson SM-8D, among others. It also powered a Bellanca CH-300 on a record endurance flight of over 84 hours, a mark that stood for more than 50 years. Other Packard-powered airplanes set several records during the 1920s. During WWII, Packard license-built Rolls-Royce Merlin engines under the Packard V-1650 designation, used with great success in the famed P-51 Mustang fighter. A marine version of the successor to the V12 Liberty was adapted in three versions – M3-2500, M4-2500, and M5-2500 – to power the war's iconic PT boats. After WWII, Packard produced a new line of flathead design six (model 1M-245) and eight (model 1M-356) cylinder marine engines based on the automobile versions and the experience gained from the war production. Of the 1M-245 type engines, only 1,865 were produced between Spring 1947 and January 1951, with only a handful survivors.[56] Of the 1M-356 type engines, approximately 1,525 were produced between 1947 and 1950.[57] Even more rare is the experimental ""R"" type racing versions (1M-245 ""R""), of which only 10 were produced with currently only one known survivor, a 1M-245 R six-cylinder engine powering today a 1936 Gar Wood Speedster.[58] Packard also developed two turbine aircraft engines for the US Air Force, the XJ41 an XJ49. This was one reason for the Curtiss-Wright take-over in 1956: Packard wanted to sell their own jet.[59] Packard automobile models[edit] 1907 Packard, The New York Times, November 6, 1907 Packard single-cylinder models: Packard Model A (1899–1900) Packard Model B (1900) Packard Model C (1901) Packard Model E (1901) Packard Model F (1901–1903) Packard Model M (1904) Packard twin-cylinder model: Packard Model G (1902) Packard four-cylinder models: Packard Model K (1903) Packard Model K Gray Wolf (1903) Packard Model L (1904) Packard Model N (1905) Packard Model 24 (Series S) (1906) Packard Model 18 (Series NA-NC) (1905–1907) Packard Model 30 (Series U) (1907–1912) Packard six-cylinder models: Packard Dominant Six (1912–1915) Packard Single Six (1921–1924) Packard Six (1925–1929) Packard One-Ten Packard 115 (1937) Packard Six (1937–1949) Packard Eight Packard Single Eight & Eight (1924-) Packard Custom Eight Packard Light Eight Packard One-Twenty (1935–1942) Packard 160 Packard 180 Packard Super Eight Packard V-12: Packard Twin Six (1916–1923) Packard 905 (1916–1923) Packard Twin Six (1932) Packard Twelve (1932–1939) Postwar Packards (including Clipper) Packard 400, see Packard Four Hundred Packard Caribbean Packard Cavalier Packard Clipper Packard Clipper Constellation Packard 200 Packard 250, see Packard 200 Packard 300 Packard Executive Packard Four Hundred Packard Hawk (1958) Packard Mayfair Packard Pacific Packard Patrician (including Patrician 400) Packard Station Sedan (1949–1950) Packard Super Panama 1957 and 1958 Packards SOURCE: <a href="" https://en.wikipedia.org/wiki/Packard "" rel=""noreferrer nofollow"">en.wikipedia.org/wiki/Packard</a>",3845,2423,1400,882,2300cc1eddb8fa1e5b2a418ea4d9eab7e6d23e283ea7ca38f183840d892b3fee,c6807b696553d90f,51.087
luxury_motivation,126,private-jet,visual-harvest-400/luxury_motivation/126_private-jet_ha420-hondajet-n719sj-cabin.jpg,File:HA420 HondaJet N719SJ cabin.jpg,https://commons.wikimedia.org/wiki/File:HA420_HondaJet_N719SJ_cabin.jpg,https://upload.wikimedia.org/wikipedia/commons/thumb/4/4d/HA420_HondaJet_N719SJ_cabin.jpg/1920px-HA420_HondaJet_N719SJ_cabin.jpg,Matti Blume,CC BY-SA 4.0,https://creativecommons.org/licenses/by-sa/4.0,Interior of a HondaJet at Paris Air Show 2019,4580,3730,1400,1140,32555e8c382daeb88bc93b40dd70a403a69b6dd8e949c7da22ec9d711ace1365,fa8c9725ce48c13b,39.749
luxury_motivation,127,private-jet,visual-harvest-400/luxury_motivation/127_private-jet_embraer-emb-505-phenom-300-interior-with-passengers.jpg,File:Embraer EMB-505 Phenom 300 interior with passengers.jpg,https://commons.wikimedia.org/wiki/File:Embraer_EMB-505_Phenom_300_interior_with_passengers.jpg,https://upload.wikimedia.org/wikipedia/commons/thumb/6/6f/Embraer_EMB-505_Phenom_300_interior_with_passengers.jpg/1920px-Embraer_EMB-505_Phenom_300_interior_with_passengers.jpg,JetRequest.com,CC BY-SA 3.0,https://creativecommons.org/licenses/by-sa/3.0,Embraer Phenom 300 cabin interior with passengers. EMB-505 light jet.,4000,2664,1400,933,79c9f5501be01baa321d92732aa8241988f0f80daea028485672586cdc0193c1,c8941da3e87896db,34.616
luxury_motivation,128,rooftop,visual-harvest-400/luxury_motivation/128_rooftop_domkirke-cathedral-spire-and-view-of-aarhus-seen-from-salling-rooftop-.jpg,File:Domkirke cathedral spire and view of Aarhus seen from Salling rooftop 02.jpg,https://commons.wikimedia.org/wiki/File:Domkirke_cathedral_spire_and_view_of_Aarhus_seen_from_Salling_rooftop_02.jpg,https://upload.wikimedia.org/wikipedia/commons/thumb/8/8a/Domkirke_cathedral_spire_and_view_of_Aarhus_seen_from_Salling_rooftop_02.jpg/1920px-Domkirke_cathedral_spire_and_view_of_Aarhus_seen_from_Salling_rooftop_02.jpg,Ciara Ní Riain,CC BY-SA 4.0,https://creativecommons.org/licenses/by-sa/4.0,"Winter sunset view from Salling Rooftop across Aarhus city roofs, the Domkirke cathedral spire, Aarhus Ø docklands and the harbour and bay. The sky is pink and blue. The scene is framed by tall stems of grass growing in planters on the rooftop. Photo January 2025 © Ciara Ní Riain",4000,2250,1400,788,1a35f3db0a7f019fa3241577f009eed5e63258ca286a78673ac4f457c78b2a00,85d76a05bae1473c,41.931
luxury_motivation,129,rooftop,visual-harvest-400/luxury_motivation/129_rooftop_6f-20240917.jpg,File:愛買板橋南雅店的6F露天停車場 20240917.jpg,https://commons.wikimedia.org/wiki/File:%E6%84%9B%E8%B2%B7%E6%9D%BF%E6%A9%8B%E5%8D%97%E9%9B%85%E5%BA%97%E7%9A%846F%E9%9C%B2%E5%A4%A9%E5%81%9C%E8%BB%8A%E5%A0%B4_20240917.jpg,https://upload.wikimedia.org/wikipedia/commons/thumb/d/df/%E6%84%9B%E8%B2%B7%E6%9D%BF%E6%A9%8B%E5%8D%97%E9%9B%85%E5%BA%97%E7%9A%846F%E9%9C%B2%E5%A4%A9%E5%81%9C%E8%BB%8A%E5%A0%B4_20240917.jpg/1920px-%E6%84%9B%E8%B2%B7%E6%9D%BF%E6%A9%8B%E5%8D%97%E9%9B%85%E5%BA%97%E7%9A%846F%E9%9C%B2%E5%A4%A9%E5%81%9C%E8%BB%8A%E5%A0%B4_20240917.jpg,Junyu-K,CC BY-SA 4.0,https://creativecommons.org/licenses/by-sa/4.0,Rooftop outdoor parking lot didn't have crowds and vehicles on the top of hypermarket building in New Taipei City,5472,3648,1400,933,47534a239200c09ff12993c7db67ff504a9344a3e6404baff39fcc486e814e27,9aaa757583827c47,34.632
luxury_motivation,130,rooftop,visual-harvest-400/luxury_motivation/130_rooftop_view-with-christmas-lights-2025-salling-rooftop-aarhus-denmark-01.jpg,File:View with Christmas lights 2025 Salling Rooftop Aarhus Denmark 01.jpg,https://commons.wikimedia.org/wiki/File:View_with_Christmas_lights_2025_Salling_Rooftop_Aarhus_Denmark_01.jpg,https://upload.wikimedia.org/wikipedia/commons/thumb/3/36/View_with_Christmas_lights_2025_Salling_Rooftop_Aarhus_Denmark_01.jpg/1920px-View_with_Christmas_lights_2025_Salling_Rooftop_Aarhus_Denmark_01.jpg,Ciara Ní Riain,CC BY-SA 4.0,https://creativecommons.org/licenses/by-sa/4.0,"Aerial view of Aarhus mid-city seen from Salling Rooftop before Christmas. White Christmas lights deck the walkways and trees. The late afternoon sky, after sunset, is dark blue. Illuminated landmarks visible: Rådhusettårnet, the iconic City Hall clock tower; and Your Rainbow Panoroma, the rainbow-coloured walkway on top of AROS art museum. Photo December 2025 ©Ciara Ní Riain",4080,2296,1400,788,6275f15022309cd48b20654ac0408f797ce4e0033a408c879d318bb96a1e10ff,db847a4cb04f80bf,28.231
luxury_motivation,131,rooftop,visual-harvest-400/luxury_motivation/131_rooftop_on-top-of-the-city-181796621.jpg,File:On Top Of The City (181796621).jpeg,https://commons.wikimedia.org/wiki/File:On_Top_Of_The_City_(181796621).jpeg,https://upload.wikimedia.org/wikipedia/commons/thumb/0/01/On_Top_Of_The_City_%28181796621%29.jpeg/1920px-On_Top_Of_The_City_%28181796621%29.jpeg,Jeremy Levin,CC BY 3.0,https://creativecommons.org/licenses/by/3.0,"500px provided description: On Top Of The City [#sky ,#portrait ,#city ,#sunset ,#street ,#water ,#travel ,#blue ,#night ,#sun ,#light ,#clouds ,#urban ,#architecture ,#cityscape ,#building ,#bokeh ,#skyline ,#pennsylvania ,#rooftop ,#pittsburgh]",2048,1365,1400,933,7acf3731dbe250bb21eaf4fde4a821fce15a2b81a781404e3178864f7aeecb7c,c6b91824670d2bfb,26.726
luxury_motivation,132,rooftop,visual-harvest-400/luxury_motivation/132_rooftop_hazy-aerial-panorama-of-venice-rooftops-toward-the-lagoon-at-sunset-20.jpg,File:Hazy aerial panorama of Venice rooftops toward the lagoon at sunset (2023).jpg,https://commons.wikimedia.org/wiki/File:Hazy_aerial_panorama_of_Venice_rooftops_toward_the_lagoon_at_sunset_(2023).jpg,https://upload.wikimedia.org/wikipedia/commons/thumb/8/8b/Hazy_aerial_panorama_of_Venice_rooftops_toward_the_lagoon_at_sunset_%282023%29.jpg/1920px-Hazy_aerial_panorama_of_Venice_rooftops_toward_the_lagoon_at_sunset_%282023%29.jpg,Paul Colin Hennig firstdorsal.eu,CC BY-SA 4.0,https://creativecommons.org/licenses/by-sa/4.0,"Wide hazy view over the rooftops of Venice toward the lagoon and the mainland industrial skyline of Marghera at sunset, with two bell towers rising above the city.",7897,5267,1400,934,20b5979f2129b52f611c5638b1ec6bc9c444eafbcaaa042a01fb04fd36ceb992,fdd7001b0ec4653b,41.63
luxury_motivation,133,rooftop,visual-harvest-400/luxury_motivation/133_rooftop_view-with-christmas-lights-2025-salling-rooftop-aarhus-denmark-03.jpg,File:View with Christmas lights 2025 Salling Rooftop Aarhus Denmark 03.jpg,https://commons.wikimedia.org/wiki/File:View_with_Christmas_lights_2025_Salling_Rooftop_Aarhus_Denmark_03.jpg,https://upload.wikimedia.org/wikipedia/commons/thumb/3/35/View_with_Christmas_lights_2025_Salling_Rooftop_Aarhus_Denmark_03.jpg/1920px-View_with_Christmas_lights_2025_Salling_Rooftop_Aarhus_Denmark_03.jpg,Ciara Ní Riain,CC BY-SA 4.0,https://creativecommons.org/licenses/by-sa/4.0,"Aerial view of Aarhus mid-city seen from Salling Rooftop before Christmas. White Christmas lights deck the walkways and trees. The late afternoon sky, after sunset, is dark blue. Illuminated landmarks visible: Rådhusettårnet, the iconic City Hall clock tower; and Your Rainbow Panoroma, the rainbow-coloured walkway on top of AROS art museum. Photo December 2025 ©Ciara Ní Riain",4080,2296,1400,788,befc73cd205ec06079e85a6dd4da1848f72d72a4096e5c557c25764578ab02e0,c1d22758f7807fe0,29.011
luxury_motivation,134,rooftop,visual-harvest-400/luxury_motivation/134_rooftop_on-top-of-the-city-181796791.jpg,File:On Top Of The City (181796791).jpeg,https://commons.wikimedia.org/wiki/File:On_Top_Of_The_City_(181796791).jpeg,https://upload.wikimedia.org/wikipedia/commons/thumb/8/83/On_Top_Of_The_City_%28181796791%29.jpeg/1920px-On_Top_Of_The_City_%28181796791%29.jpeg,Jeremy Levin,CC BY 3.0,https://creativecommons.org/licenses/by/3.0,"500px provided description: On Top Of The City [#sky ,#portrait ,#city ,#sunset ,#street ,#water ,#travel ,#blue ,#night ,#sun ,#light ,#clouds ,#urban ,#architecture ,#cityscape ,#building ,#bokeh ,#skyline ,#pennsylvania ,#rooftop ,#pittsburgh]",2048,1365,1400,933,9c989c26fcfb9531ca74b3baac2b6d537b1038623e98959356bd9d7b45bc7881,84703b931f8c7a3b,17.947
luxury_motivation,135,rooftop,visual-harvest-400/luxury_motivation/135_rooftop_toronto-flickr-molly-des-jardin.jpg,File:Toronto - Flickr - Molly Des Jardin.jpg,https://commons.wikimedia.org/wiki/File:Toronto_-_Flickr_-_Molly_Des_Jardin.jpg,https://upload.wikimedia.org/wikipedia/commons/thumb/7/7b/Toronto_-_Flickr_-_Molly_Des_Jardin.jpg/1920px-Toronto_-_Flickr_-_Molly_Des_Jardin.jpg,Molly Des Jardin,CC BY 4.0,https://creativecommons.org/licenses/by/4.0,"View of the city from Willcocks Hall, University of Toronto",4000,2999,1400,1050,1bc400cec5bc2da7ffe6f6bf5510db33b7b69c783d4e4b019d8d3396ab36a1b8,95d16a2a1cdeb155,52.79
luxury_motivation,136,sports-car,visual-harvest-400/luxury_motivation/136_sports-car_14-hegyvid-k-olympiade-zelte-sportplatz-b-rogeb-ude-2024-n-metv-lgy.jpg,"File:14. Hegyvidék-Olympiade, Zelte, Sportplatz, Bürogebäude, 2024 Németvölgy.jpg","https://commons.wikimedia.org/wiki/File:14._Hegyvid%C3%A9k-Olympiade,_Zelte,_Sportplatz,_B%C3%BCrogeb%C3%A4ude,_2024_N%C3%A9metv%C3%B6lgy.jpg",https://upload.wikimedia.org/wikipedia/commons/thumb/f/f7/14._Hegyvid%C3%A9k-Olympiade%2C_Zelte%2C_Sportplatz%2C_B%C3%BCrogeb%C3%A4ude%2C_2024_N%C3%A9metv%C3%B6lgy.jpg/1920px-14._Hegyvid%C3%A9k-Olympiade%2C_Zelte%2C_Sportplatz%2C_B%C3%BCrogeb%C3%A4ude%2C_2024_N%C3%A9metv%C3%B6lgy.jpg,Globetrotter19,CC BY-SA 4.0,https://creativecommons.org/licenses/by-sa/4.0,"Dr. Koltai Jenő Sports Center athletic field. At back: left HillSide Office, opp. MOM Park complex, on right Alkotás Point Office. Photo taken on 14th Hegyvidéki (lit. Mountain, or Budapest District XII) Olympics. Organized by the local government and the Hegyvidék Leisure Sport Non-profit Ltd., almost 400 fifth-grade students from eight district schools competed under the flags of the 16 Greek city-states they personified. Hegyvidéki Olympic sports: Marathon run shortened to 2000 meters, small ball throw, long jump, 100 m run, 2 minutes wrestling. - The sport site (Est. ~1950s), after renewed/completly remodelled reopened in 2023. Planned by TSPC Kft., constructed by ZÁÉV Construction Ltd.. On an area of almost four hectares, - an 8 thousand square meter recortan-covered athletic field with IAAF 2 international certification was built, which includes a grassy football field. In addition, an artificial turf football field and two acrylic hard-covered tennis courts were also completed by Debrecen-based Globál Sport Kft. A multifunctional sports hall with a mobile stand for 1500 people has been completed, which can be used for handball, basketball and volleyball, gymnastics as well as competition functions, a multifunctional hall with a 200-cars underground garage with motorcycle storage and electric chargers for cars, and a 700 square meter size gym room. There is Javelin thrower by József Antal (1955 aluminum statue, relocated) - 2-4. Csörsz Street, Hegyalja Road, Németvölgy neighbourhood, 12th district of Budapest .",2272,1704,1400,1050,8b9cf817f1a253f41d48dfde8b265b52e0d912887b657902d0b7bd9f43cb87f0,8d8c72735d0d92d3,30.972
luxury_motivation,137,sports-car,visual-harvest-400/luxury_motivation/137_sports-car_14-hegyvid-k-olympiade-leichtathletik-sportplatz-novotel-2024-n-metv-l.jpg,"File:14. Hegyvidék-Olympiade, Leichtathletik-Sportplatz, Novotel, 2024 Németvölgy.jpg","https://commons.wikimedia.org/wiki/File:14._Hegyvid%C3%A9k-Olympiade,_Leichtathletik-Sportplatz,_Novotel,_2024_N%C3%A9metv%C3%B6lgy.jpg",https://upload.wikimedia.org/wikipedia/commons/thumb/d/d4/14._Hegyvid%C3%A9k-Olympiade%2C_Leichtathletik-Sportplatz%2C_Novotel%2C_2024_N%C3%A9metv%C3%B6lgy.jpg/1920px-14._Hegyvid%C3%A9k-Olympiade%2C_Leichtathletik-Sportplatz%2C_Novotel%2C_2024_N%C3%A9metv%C3%B6lgy.jpg,Globetrotter19,CC BY-SA 4.0,https://creativecommons.org/licenses/by-sa/4.0,"Dr. Koltai Jenő Sports Center, athletic field detail, opp. Hotel Novotel, on right Hillside Office Building detail. 14th Hegyvidéki (Mountain) Olympics. Organized by the local government and the Hegyvidék Leisure Sport Non-profit Ltd., almost 400 fifth-grade students from eight district schools competed under the flags of the 16 Greek city-states they personified. Hegyvidéki Olympic sports: Marathon run shortened to 2000 meters, small ball throw, long jump, 100 m run, 2 minutes wrestling. - The sport site (Est. ~1950s), after renewed/completly remodelled reopened in 2023. Planned by TSPC Kft., constructed by ZÁÉV Construction Ltd.. On an area of almost four hectares, - an 8 thousand square meter recortan-covered athletic field with IAAF 2 international certification was built, which includes a grassy football field. In addition, an artificial turf football field and two acrylic hard-covered tennis courts were also completed by Debrecen-based Globál Sport Kft. A multifunctional sports hall with a mobile stand for 1500 people has been completed, which can be used for handball, basketball and volleyball, gymnastics as well as competition functions, a multifunctional hall with a 200-cars underground garage with motorcycle storage and electric chargers for cars, and a 700 square meter size gym room. There is Javelin thrower by József Antal (1955 aluminum statue, relocated) - 2-4. Csörsz Street, Hegyalja Road, Németvölgy neighbourhood, Budapest District XII .",2272,1704,1400,1050,fd873c6ee64eb19e61dbc955e5e0683ac8f8a9f0ca0ccf0e0a6c4237bcab1d90,dc80333f00dfd1e3,32.368
luxury_motivation,138,sports-car,visual-harvest-400/luxury_motivation/138_sports-car_14-hegyvid-k-olympiade-sparta-ithaka-delphoi-zelte-2024-n-metv-lgy.jpg,"File:14. Hegyvidék-Olympiade, Sparta-, Ithaka-, Delphoi Zelte, 2024 Németvölgy.jpg","https://commons.wikimedia.org/wiki/File:14._Hegyvid%C3%A9k-Olympiade,_Sparta-,_Ithaka-,_Delphoi_Zelte,_2024_N%C3%A9metv%C3%B6lgy.jpg",https://upload.wikimedia.org/wikipedia/commons/thumb/a/a4/14._Hegyvid%C3%A9k-Olympiade%2C_Sparta-%2C_Ithaka-%2C_Delphoi_Zelte%2C_2024_N%C3%A9metv%C3%B6lgy.jpg/1920px-14._Hegyvid%C3%A9k-Olympiade%2C_Sparta-%2C_Ithaka-%2C_Delphoi_Zelte%2C_2024_N%C3%A9metv%C3%B6lgy.jpg,Globetrotter19,CC BY-SA 4.0,https://creativecommons.org/licenses/by-sa/4.0,"Dr. Koltai Jenő Sports Center, tents of the sport teams (named after Greek polis) on the athletic field. Photo taken on 14th Hegyvidéki (lit. Mountain, or Budapest District XII) Olympics. Organized by the local government and the Hegyvidék Leisure Sport Non-profit Ltd., almost 400 fifth-grade students from eight district schools competed under the flags of the 16 Greek city-states they personified. Hegyvidéki Olympic sports: Marathon run shortened to 2000 meters, small ball throw, long jump, 100 m run, 2 minutes wrestling. - The sport site (Est. ~1950s), after renewed/completly remodelled reopened in 2023. Planned by TSPC Kft., constructed by ZÁÉV Construction Ltd.. On an area of almost four hectares, - an 8 thousand square meter recortan-covered athletic field with IAAF 2 international certification was built, which includes a grassy football field. In addition, an artificial turf football field and two acrylic hard-covered tennis courts were also completed by Debrecen-based Globál Sport Kft. A multifunctional sports hall with a mobile stand for 1500 people has been completed, which can be used for handball, basketball and volleyball, gymnastics as well as competition functions, a multifunctional hall with a 200-cars underground garage with motorcycle storage and electric chargers for cars, and a 700 square meter size gym room. There is Javelin thrower by József Antal (1955 aluminum statue, relocated) - 2-4. Csörsz Street, Hegyalja Road, Németvölgy neighbourhood, Budapest District XII .",2272,1704,1400,1050,ee0d77435acff5a9a6a5f232bb7a019f06e475737ae2b2aaf6d077419d32c59e,8881c7de64e3f178,43.35
luxury_motivation,139,sports-car,visual-harvest-400/luxury_motivation/139_sports-car_ferrari-750-monza-1955-55081261991.jpg,File:Ferrari 750 Monza (1955) (55081261991).jpg,https://commons.wikimedia.org/wiki/File:Ferrari_750_Monza_(1955)_(55081261991).jpg,https://upload.wikimedia.org/wikipedia/commons/thumb/7/76/Ferrari_750_Monza_%281955%29_%2855081261991%29.jpg/1920px-Ferrari_750_Monza_%281955%29_%2855081261991%29.jpg,"Charles from Port Chester, New York",CC0,http://creativecommons.org/publicdomain/zero/1.0/deed.en,"The Ferrari 750 Monza chassis 0510M is a highly significant vintage race car with a distinguished history, including being driven by racing legends Phil Hill, Carroll Shelby, and Jim Hall. It has a successful competition history in American sports car racing during the 1950s. Racing History: - Chassis 0510M was campaigned in the United States by its first owner, Allen Guiberson, a Texas oilman. The car was originally painted a distinctive white with a blue triangle on the nose and tail. - 1955 12 Hours of Sebring: The car's debut race, driven by Phil Hill and Carroll Shelby, where they finished an impressive second overall and first in their class (though initial scoring had them first overall). - 1955 Pebble Beach Road Races (Del Monte Trophy): Phil Hill drove the car to an outright victory. - Other 1955 victories: Hill secured another win at the SCCA National at Beverly Airport. - 1956 Season: Driven primarily by Carroll Shelby after the car was acquired by Jim Hall and his brother. Shelby achieved several victories, including the Del Monte Trophy at Pebble Beach (again) and races at Dodge City and Eagle Mountain. - 1957 Season: Jim Hall took over driving duties, achieving a class victory and multiple podium finishes. Later Ownership: The car was sold for $5.225 million at RM Sotheby's Monterey auction in August 2016, after being in Jim Hall's ownership for 60 years.",6000,4000,1400,933,572d2132763e73f970fb78cae8bf00fe576f312eaa6f1eac707744a38e08831a,f70e0c29c6671adc,54.46
luxury_motivation,140,sports-car,visual-harvest-400/luxury_motivation/140_sports-car_14-hegyvid-k-olympiade-sasberg-2024-n-metv-lgy.jpg,"File:14. Hegyvidék-Olympiade, Sasberg, 2024 Németvölgy.jpg","https://commons.wikimedia.org/wiki/File:14._Hegyvid%C3%A9k-Olympiade,_Sasberg,_2024_N%C3%A9metv%C3%B6lgy.jpg",https://upload.wikimedia.org/wikipedia/commons/thumb/3/3c/14._Hegyvid%C3%A9k-Olympiade%2C_Sasberg%2C_2024_N%C3%A9metv%C3%B6lgy.jpg/1920px-14._Hegyvid%C3%A9k-Olympiade%2C_Sasberg%2C_2024_N%C3%A9metv%C3%B6lgy.jpg,Globetrotter19,CC BY-SA 4.0,https://creativecommons.org/licenses/by-sa/4.0,"Dr. Koltai Jenő Sports Center, athletic field, opening speech place, olympic flame holder (on right), Sas Hill at back. Photo taken on 14th Hegyvidéki (Mountain/Budapest District XII) Olympics. Organized by the local government and the Hegyvidék Leisure Sport Non-profit Ltd., almost 400 fifth-grade students from eight district schools competed under the flags of the 16 Greek city-states they personified. Hegyvidéki Olympic sports: Marathon run shortened to 2000 meters, small ball throw, long jump, 100 m run, 2 minutes wrestling. - The sport site (Est. ~1950s), after renewed/completly remodelled reopened in 2023. Planned by TSPC Kft., constructed by ZÁÉV Construction Ltd.. On an area of almost four hectares, - an 8 thousand square meter recortan-covered athletic field with IAAF 2 international certification was built, which includes a grassy football field. In addition, an artificial turf football field and two acrylic hard-covered tennis courts were also completed by Debrecen-based Globál Sport Kft. A multifunctional sports hall with a mobile stand for 1500 people has been completed, which can be used for handball, basketball and volleyball, gymnastics as well as competition functions, a multifunctional hall with a 200-cars underground garage with motorcycle storage and electric chargers for cars, and a 700 square meter size gym room. There is Javelin thrower by József Antal (1955 aluminum statue, relocated) - 2-4. Csörsz Street, Hegyalja Road, Németvölgy neighbourhood, Budapest District XII .",2272,1704,1400,1050,eb16d5251ddafa4b1041e87b465d473c51852787064dbfb6a2c02cea7cfc33cc,d8e3771408eba59c,33.814
luxury_motivation,141,sports-car,visual-harvest-400/luxury_motivation/141_sports-car_oppdal-stasjon-545-m-amsl-bane-nor-jernbanestasjon-tog-railway-station.jpg,File:OPPDAL STASJON 545 m AMSL Bane NOR jernbanestasjon tog Railway station Dovrebanen NSB line 1921 O Skasliens veg (E6) Parking Avis Skyssstasjon Sentrum downtown shops Coop Domus Bunnpris ski lift slopes resort NORWAY 2019-04-09 DSC02812.jpg,https://commons.wikimedia.org/wiki/File:OPPDAL_STASJON_545_m_AMSL_Bane_NOR_jernbanestasjon_tog_Railway_station_Dovrebanen_NSB_line_1921_O_Skasliens_veg_(E6)_Parking_Avis_Skyssstasjon_Sentrum_downtown_shops_Coop_Domus_Bunnpris_ski_lift_slopes_resort_NORWAY_2019-04-09_DSC02812.jpg,https://upload.wikimedia.org/wikipedia/commons/thumb/a/a7/OPPDAL_STASJON_545_m_AMSL_Bane_NOR_jernbanestasjon_tog_Railway_station_Dovrebanen_NSB_line_1921_O_Skasliens_veg_%28E6%29_Parking_Avis_Skyssstasjon_Sentrum_downtown_shops_Coop_Domus_Bunnpris_ski_lift_slopes_resort_NORWAY_2019-04-09_DSC02812.jpg/1920px-thumbnail.jpg,Wolfmann,CC BY-SA 4.0,https://creativecommons.org/licenses/by-sa/4.0,"Photo taken from Oppdal Tourist Hotel in Oppdal , Norway in April 2019, overlooking the buildings northeast of Oppdal Railway Station at 545 meters above sea level, and O. Skaslien's road (E6) running through the center; parked cars, coach station, AVIS car rental, shops (Bunnpris, Coop Domus, etc.), ski lifts, and winter sports facilities in the mountains behind, and more.",5472,3648,1400,933,7ecb7780f7f9151d9f75b162fb904484aa07dca4308cae027d9ea426025efc04,a3d19d46688eb23d,46.01
luxury_motivation,142,sports-car,visual-harvest-400/luxury_motivation/142_sports-car_the-fish-harbour-colors-at-the-end-of-the-day-50080131752.jpg,File:The fish harbour colors at the end of the day (50080131752).jpg,https://commons.wikimedia.org/wiki/File:The_fish_harbour_colors_at_the_end_of_the_day_(50080131752).jpg,https://upload.wikimedia.org/wikipedia/commons/thumb/6/6d/The_fish_harbour_colors_at_the_end_of_the_day_%2850080131752%29.jpg/1920px-The_fish_harbour_colors_at_the_end_of_the_day_%2850080131752%29.jpg,"Pedro Ribeiro Simões from Lisboa, Portugal",CC BY 2.0,https://creativecommons.org/licenses/by/2.0,"Vissermansbote met dageind vasgemeer in Cascais se hawe, Portugal",5064,3468,1400,959,32c504a306f397a06659c6c1230a9fbdb004560c89b68b0c8a44ad48b74749e3,c2fd7241aed62916,40.253
luxury_motivation,143,sports-car,visual-harvest-400/luxury_motivation/143_sports-car_ferrari-750-monza-1955-55081462358.jpg,File:Ferrari 750 Monza (1955) (55081462358).jpg,https://commons.wikimedia.org/wiki/File:Ferrari_750_Monza_(1955)_(55081462358).jpg,https://upload.wikimedia.org/wikipedia/commons/thumb/a/a4/Ferrari_750_Monza_%281955%29_%2855081462358%29.jpg/1920px-Ferrari_750_Monza_%281955%29_%2855081462358%29.jpg,"Charles from Port Chester, New York",CC0,http://creativecommons.org/publicdomain/zero/1.0/deed.en,"The Ferrari 750 Monza chassis 0510M is a highly significant vintage race car with a distinguished history, including being driven by racing legends Phil Hill, Carroll Shelby, and Jim Hall. It has a successful competition history in American sports car racing during the 1950s. Racing History: - Chassis 0510M was campaigned in the United States by its first owner, Allen Guiberson, a Texas oilman. The car was originally painted a distinctive white with a blue triangle on the nose and tail. - 1955 12 Hours of Sebring: The car's debut race, driven by Phil Hill and Carroll Shelby, where they finished an impressive second overall and first in their class (though initial scoring had them first overall). - 1955 Pebble Beach Road Races (Del Monte Trophy): Phil Hill drove the car to an outright victory. - Other 1955 victories: Hill secured another win at the SCCA National at Beverly Airport. - 1956 Season: Driven primarily by Carroll Shelby after the car was acquired by Jim Hall and his brother. Shelby achieved several victories, including the Del Monte Trophy at Pebble Beach (again) and races at Dodge City and Eagle Mountain. - 1957 Season: Jim Hall took over driving duties, achieving a class victory and multiple podium finishes. Later Ownership: The car was sold for $5.225 million at RM Sotheby's Monterey auction in August 2016, after being in Jim Hall's ownership for 60 years.",5934,3832,1400,904,0b2f71def2dfd4fb5de815945d59ae567866636f720b63a951f4ffe44d9adb08,c4396a74838f3d4e,53.051
luxury_motivation,144,champagne,visual-harvest-400/luxury_motivation/144_champagne_champagne-flutes-arranged-in-a-creative-spiral-tower-are-complemented-.jpg,File:Champagne flutes arranged in a creative spiral tower are complemented by an array of colorful desserts at a stylish celebration setup.jpg,https://commons.wikimedia.org/wiki/File:Champagne_flutes_arranged_in_a_creative_spiral_tower_are_complemented_by_an_array_of_colorful_desserts_at_a_stylish_celebration_setup.jpg,https://upload.wikimedia.org/wikipedia/commons/thumb/5/50/Champagne_flutes_arranged_in_a_creative_spiral_tower_are_complemented_by_an_array_of_colorful_desserts_at_a_stylish_celebration_setup.jpg/1920px-Champagne_flutes_arranged_in_a_creative_spiral_tower_are_complemented_by_an_array_of_colorful_desserts_at_a_stylish_celebration_setup.jpg,Shixart1985,CC BY 2.0,https://creativecommons.org/licenses/by/2.0,Champagne flutes arranged in a creative spiral tower are complemented by an array of colorful desserts at a stylish celebration setup. The setting features elegant decor and floral arrangements.,4024,6048,931,1400,0009d62aa7cae94088de13e0c9c2510d8cd02eac303768174be0d0b1df0d1bb1,86ad0ff01e6ad447,28.116
luxury_motivation,145,champagne,visual-harvest-400/luxury_motivation/145_champagne_brasero-design-metal-b2b-sculpture-de-feu-ethanol-cc-hexacraft-cave-de.jpg,File:Brasero design metal b2b Sculpture de feu ethanol cc hexacraft cave de champagne.jpg,https://commons.wikimedia.org/wiki/File:Brasero_design_metal_b2b_Sculpture_de_feu_ethanol_cc_hexacraft_cave_de_champagne.jpg,https://upload.wikimedia.org/wikipedia/commons/thumb/4/40/Brasero_design_metal_b2b_Sculpture_de_feu_ethanol_cc_hexacraft_cave_de_champagne.jpg/1280px-Brasero_design_metal_b2b_Sculpture_de_feu_ethanol_cc_hexacraft_cave_de_champagne.jpg,Camman cyril,CC BY 4.0,https://creativecommons.org/licenses/by/4.0,"Bespoke metal and fire sculpture crafted by the design studio C&C HEXACRAFT. This premium functional art piece, mimicking the elegant silhouette of a champagne flute or tasting glass, features a clean-burning ethanol fire pit protected by a borosilicate glass cylinder. Pictured inside a historic chalk wine cellar next to traditional wooden riddling racks (pupitres de remuage) filled with champagne bottles. This creation highlights French craftsmanship, luxury outdoor and indoor furniture design, and high-end metalwork tailored for prestigious wine estates in Bordeaux, Champagne, and Cognac houses.",1884,4080,646,1400,16b63ecb1fb89e0ce04c7130644b82be46d476146411b14fc8df81c3df2fd0ce,c34975371f4c960b,38.018
luxury_motivation,146,new-york,visual-harvest-400/luxury_motivation/146_new-york_sunset-by-westlight-explore-flickr-maria-eklind.jpg,File:Sunset by Westlight (explore) - Flickr - Maria Eklind.jpg,https://commons.wikimedia.org/wiki/File:Sunset_by_Westlight_(explore)_-_Flickr_-_Maria_Eklind.jpg,https://upload.wikimedia.org/wikipedia/commons/thumb/e/ee/Sunset_by_Westlight_%28explore%29_-_Flickr_-_Maria_Eklind.jpg/1920px-Sunset_by_Westlight_%28explore%29_-_Flickr_-_Maria_Eklind.jpg,Maria Eklind,CC BY-SA 2.0,https://creativecommons.org/licenses/by-sa/2.0,New York - Brooklyn,6000,4000,1400,933,0be6cb9a3f0340f81057c35e077692a951b0dc2f411a96262cf5ea85858768dd,869163687b9e8ce3,40.418
luxury_motivation,147,new-york,visual-harvest-400/luxury_motivation/147_new-york_central-park-reservoir-july-2009-nyc.jpg,"File:Central Park Reservoir, July 2009, NYC.jpg","https://commons.wikimedia.org/wiki/File:Central_Park_Reservoir,_July_2009,_NYC.jpg",https://upload.wikimedia.org/wikipedia/commons/thumb/0/08/Central_Park_Reservoir%2C_July_2009%2C_NYC.jpg/1920px-Central_Park_Reservoir%2C_July_2009%2C_NYC.jpg,"Ed Yourdon from New York City, USA",CC BY-SA 2.0,https://creativecommons.org/licenses/by-sa/2.0,"This was taken on the west side of the Central Park Reservoir, looking south toward the skyline of mid-town Manhattan. I wanted to capture the reflection of the clouds on the water (see? it's clean enough to drink! it doesn't even glow in the dark!), and I also wanted to use the HDR mechanism to highlight the rich colors and contrast between the clouds and the sky. All of this was done with 3 images, taken with a handheld camera that was resting on the iron-picket fence that prevents crazed New Yorkers and overly enthusiastic visitors and tourists from tearing off their clothes and leaping into the reservoir to frolic in wild abandon (all of which is allowed on Halloween night, but at no other time during the year). There were, consequently, no people in the scene (there's a jogging path that circumnavigates the reservoir, but none of the joggers are visible); and as a result, I was able to get a ""clean"" HDR result. Note: for reasons that make no sense to me, this photo was published as an illustration in a Jul 31,2009 Digerat blog page titled "" Digerat.com: pepacton reservoir map ."" And it was also published in an Aug 6, 2010 Gawker blog, titled "" Central Park Now Dangerous (Except Compared to Rest of City) ."" I tried an HDR (high dynamic range) photo once a year ago, but for some reason never pursued it. But it seems that more of and more of the ""interesting"" photos that I see on Flickr are HDR shots, so I decided to give it another try. The first of these HDR shots were taken from the rooftop of my apartment building at sunset, on the Sunday evening of 4th of July weekend. Subsequent shots have been taken out on the street, from the terrace of my apartment at night, and walking through Central Park at mid-day... I still have a *lot* to learn about this stuff, but even as a first attempt I'm staggered by what the tonal-mapping software programs (Photomatix, in my case) are capable of doing...",4106,2710,1400,924,afa7959fb707a691870fdc63c4877a398df8c97e3cb16e6d6cb5fe0217a19402,d590b6b57474e095,33.782
luxury_motivation,148,mountain-success,visual-harvest-400/luxury_motivation/148_mountain-success_sunrise-tree-11443054074.jpg,File:Sunrise Tree (11443054074).jpg,https://commons.wikimedia.org/wiki/File:Sunrise_Tree_(11443054074).jpg,https://upload.wikimedia.org/wikipedia/commons/thumb/8/83/Sunrise_Tree_%2811443054074%29.jpg/1920px-Sunrise_Tree_%2811443054074%29.jpg,BLM Oregon & Washington,Public domain,,"The United States Congress designated the Hells Canyon Wilderness in 1975 and it now has a total of 217,927 acres. Idaho contains approximately 83,811 acres. Oregon contains approximately 134,116 acres. It is managed by the Bureau of Land Management and the Forest Service. Hells Canyon Wilderness is a subset of the Hells Canyon National Recreation Area (HCNRA), which straddles the border of northeastern Oregon and western Idaho. Split into two distinct halves by the Wild & Scenic Snake River, approximately one-third of HCNRA is designated Wilderness. A small portion of the Wilderness in Oregon is managed by the BLM. The Idaho side of the Wilderness is smaller than the Oregon side and encompasses the Seven Devils mountain range. The Wilderness stretches South from Pittsburg Landing for approximately 31 miles along the Snake River. On the Oregon side, the higher elevation areas are characteristic of rocky slopes and grasslands laced with 'stringer canyons' and groves composed of Douglas fir and ponderosa pine. The lower elevations are dominated by grassland benches with steep canyons and ravines dissecting the isolated Oregon-side. Two National trails are found at various elevations: Western Rim/Summit Ridge Recreation Trail at the upper elevation, and Nez Perce Historic Trail near the Snake River. Species of interest are Rocky Mountain Elk, bighorn sheep, mule deer, and chukar. Additional information about the Hells Canyon Wilderness, and all the other BLM Wilderness areas in Oregon/Washington, is available online at: www.blm.gov/or/resources/recreation/wilderness2.php",5184,3456,1400,933,fa83d2ba1852d8d002b6e39840ab85ccbf4e4d1b2ec47aad75d0c49d12855bfd,cfca60603fbeb061,57.336
luxury_motivation,149,mountain-success,visual-harvest-400/luxury_motivation/149_mountain-success_morning-light-11442818823.jpg,File:Morning Light (11442818823).jpg,https://commons.wikimedia.org/wiki/File:Morning_Light_(11442818823).jpg,https://upload.wikimedia.org/wikipedia/commons/thumb/4/4b/Morning_Light_%2811442818823%29.jpg/1920px-Morning_Light_%2811442818823%29.jpg,Bureau of Land Management Oregon and Washington,Public domain,,"The United States Congress designated the Hells Canyon Wilderness in 1975 and it now has a total of 217,927 acres. Idaho contains approximately 83,811 acres. Oregon contains approximately 134,116 acres. It is managed by the Bureau of Land Management and the Forest Service. Hells Canyon Wilderness is a subset of the Hells Canyon National Recreation Area (HCNRA), which straddles the border of northeastern Oregon and western Idaho. Split into two distinct halves by the Wild & Scenic Snake River, approximately one-third of HCNRA is designated Wilderness. A small portion of the Wilderness in Oregon is managed by the BLM. The Idaho side of the Wilderness is smaller than the Oregon side and encompasses the Seven Devils mountain range. The Wilderness stretches South from Pittsburg Landing for approximately 31 miles along the Snake River. On the Oregon side, the higher elevation areas are characteristic of rocky slopes and grasslands laced with 'stringer canyons' and groves composed of Douglas fir and ponderosa pine. The lower elevations are dominated by grassland benches with steep canyons and ravines dissecting the isolated Oregon-side. Two National trails are found at various elevations: Western Rim/Summit Ridge Recreation Trail at the upper elevation, and Nez Perce Historic Trail near the Snake River. Species of interest are Rocky Mountain Elk, bighorn sheep, mule deer, and chukar. Additional information about the Hells Canyon Wilderness, and all the other BLM Wilderness areas in Oregon/Washington, is available online at: www.blm.gov/or/resources/recreation/wilderness2.php",5184,3456,1400,933,e36b6bf21aa2eb2acb517ceb21d2443bf1a9076b70435fb153441ce21455eac3,c4af1c3050ddd5e6,47.809
luxury_motivation,150,mountain-success,visual-harvest-400/luxury_motivation/150_mountain-success_winthrop-glacier-curtis-ridge-and-liberty-ridge-with-summit-8a263ebeb5.jpg,"File:Winthrop Glacier, Curtis Ridge and Liberty Ridge with summit. (8a263ebeb5ca4094bac06fabdfc5b549).JPG","https://commons.wikimedia.org/wiki/File:Winthrop_Glacier,_Curtis_Ridge_and_Liberty_Ridge_with_summit._(8a263ebeb5ca4094bac06fabdfc5b549).JPG",https://upload.wikimedia.org/wikipedia/commons/thumb/1/12/Winthrop_Glacier%2C_Curtis_Ridge_and_Liberty_Ridge_with_summit._%288a263ebeb5ca4094bac06fabdfc5b549%29.JPG/1920px-Winthrop_Glacier%2C_Curtis_Ridge_and_Liberty_Ridge_with_summit._%288a263ebeb5ca4094bac06fabdfc5b549%29.JPG,Steve Redman ( MORA ),Public domain,,"Mt Rainier Winthrop Glacier, Curtis Ridge and Liberty Ridge with summit. Keywords: glaciers; mountain",2816,2112,1400,1050,b88bac25bd003fced02880a0e594476e69966e2e28eea1b59fb44d5803a7b9aa,bcb35cca61987658,42.495
luxury_motivation,151,mountain-success,visual-harvest-400/luxury_motivation/151_mountain-success_sunrise-11407259985.jpg,File:Sunrise (11407259985).jpg,https://commons.wikimedia.org/wiki/File:Sunrise_(11407259985).jpg,https://upload.wikimedia.org/wikipedia/commons/thumb/7/7f/Sunrise_%2811407259985%29.jpg/1920px-Sunrise_%2811407259985%29.jpg,Bureau of Land Management Oregon and Washington,Public domain,,"The United States Congress designated the Wild Rogue Wilderness in 1978 and it now has a total of 35,806 acres. All of this wilderness is located in Oregon and is managed by the Bureau of Land Management and the Forest Service. Surrounding the Wild and Scenic Rogue River, the rugged and complex canyon landscape of the Wild Rogue Wilderness provides watershed protection for the Wild portion of the river. The area is characterized by steep terrain of near vertical cliffs, razor-sharp ridges and cascading mountain creeks. The lure of gold in the 1850's attracted a numbers of miners, hunters, stocker raisers and subsistence farmers. Conflicts between white settlers and Native Americans culminated in the 1855-56 Rogue River ""Indian War."" After their defeat, Native Americans were taken to reservations. For settlers, life in the Rogue Canyon was difficult and isolated. Although extensive gold mining operations took place, overall production was low. The remnants of mining, such as pipe, flumes, trestles, and stamp mills can still be found. While the Rogue River flows through the core of the Wilderness, legislation specifically directed that it be managed under Wild and Scenic River direction. Because of this, there are some activities and development, such as motorboat use and lodges, which would normally not occur in a wilderness. The Rogue River is nationally known for its salmon and steelhead fishing and whitewater rafting opportunities, both of which require permits. Approximately 15 miles of the 40 mile Rogue River Trail #1160, a National Recreation Trail, provides year-round hiker only access to the river corridor from Graves Creek down to Big Bend near Illahe. The Panther Ridge Trail #1253 follows Panther Ridge from Clay Hill to Buck Point along the upper elevation of the northern wilderness border. A side trail provides access to the unique vista of Hanging Rock, which is a large rock outcrop on a sheer vertical cliff. It provides excellent views into Eden Valley and the Rogue River Canyon. Other outstanding views can be obtained from the Mt. Bolivar Trail #1259 which provides access to the summit of Mt. Bolivar at 4,319 feet. The Mule Creek Trail #1159, located on the Bureau of Land Management portion of the wilderness, provides a steep route on an out mining trail between the river and Panther Ridge. In general cross-country travel is not advised due to steep slopes and heavy vegetation. The Forest Service administers the entire wilderness, including the Bureau of Land Management portion, so Forest Service regulations apply wilderness-wide. Along the river you may see deer and otters, or even black bears looking for a meal of salmon. Bears, grown accustomed to easy pickings from boaters, may prove a nuisance in numerous campsites. Birds abound, such as fish eating osprey and great blue heron and lizards hasten over the dry slopes above the water. Ticks and rattlesnakes are often encountered. The river corridor is also excellent habitat for poison oak, whose stems and shiny leaves in groups of three can be a problem throughout the year. Mosquitoes are present during a good part of the season and yellow jackets can be a nuisance during the typically hot, rainless summer days. The Blossom Complex Fire, which occurred in 2005, resulted in damage to the Rogue River Trail. This section of trail will be monitored and maintained on a yearly basis. Additional information about the Wild Rogue Wilderness, and all the other BLM Wilderness areas in Oregon/Washington, is available online at: www.blm.gov/or/resources/recreation/wilderness2.php",5184,3456,1400,933,e01ddbea63824b66042e2e785ebf69b10bdb17046fe3b9498526a6b0f58b58d5,85f5c2c00e237dfc,55.758
luxury_motivation,152,mountain-success,visual-harvest-400/luxury_motivation/152_mountain-success_morning-light-11442589465.jpg,File:Morning Light (11442589465).jpg,https://commons.wikimedia.org/wiki/File:Morning_Light_(11442589465).jpg,https://upload.wikimedia.org/wikipedia/commons/thumb/4/4f/Morning_Light_%2811442589465%29.jpg/1920px-Morning_Light_%2811442589465%29.jpg,Bureau of Land Management Oregon and Washington,Public domain,,"The United States Congress designated the Hells Canyon Wilderness in 1975 and it now has a total of 217,927 acres. Idaho contains approximately 83,811 acres. Oregon contains approximately 134,116 acres. It is managed by the Bureau of Land Management and the Forest Service. Hells Canyon Wilderness is a subset of the Hells Canyon National Recreation Area (HCNRA), which straddles the border of northeastern Oregon and western Idaho. Split into two distinct halves by the Wild & Scenic Snake River, approximately one-third of HCNRA is designated Wilderness. A small portion of the Wilderness in Oregon is managed by the BLM. The Idaho side of the Wilderness is smaller than the Oregon side and encompasses the Seven Devils mountain range. The Wilderness stretches South from Pittsburg Landing for approximately 31 miles along the Snake River. On the Oregon side, the higher elevation areas are characteristic of rocky slopes and grasslands laced with 'stringer canyons' and groves composed of Douglas fir and ponderosa pine. The lower elevations are dominated by grassland benches with steep canyons and ravines dissecting the isolated Oregon-side. Two National trails are found at various elevations: Western Rim/Summit Ridge Recreation Trail at the upper elevation, and Nez Perce Historic Trail near the Snake River. Species of interest are Rocky Mountain Elk, bighorn sheep, mule deer, and chukar. Additional information about the Hells Canyon Wilderness, and all the other BLM Wilderness areas in Oregon/Washington, is available online at: www.blm.gov/or/resources/recreation/wilderness2.php",5184,3456,1400,933,1d56b08755a260345cc44e5f01121f7ba444496f02910c2b0935bdd94e3dfc36,cdbd1b624394f84c,43.132
luxury_motivation,153,mountain-success,visual-harvest-400/luxury_motivation/153_mountain-success_0011-03-14-2023-05-03-peace-summit-2023.jpg,File:0011-03-14 (2023-05-03) *PEACE SUMMIT 2023.jpg,https://commons.wikimedia.org/wiki/File:0011-03-14_(2023-05-03)_*PEACE_SUMMIT_2023.jpg,https://upload.wikimedia.org/wikipedia/commons/thumb/1/1b/0011-03-14_%282023-05-03%29_%2APEACE_SUMMIT_2023.jpg/1920px-0011-03-14_%282023-05-03%29_%2APEACE_SUMMIT_2023.jpg,Katsujiro Maekawa,CC0,http://creativecommons.org/publicdomain/zero/1.0/deed.en,"Smartphone Instagram 2023-05-03,04 sunlight 🌞 Instagram 2023-05-06 moonlight 🌝 Location : 효정천원 孝情天苑 HyoJeongCheonWon -Seorak-myeon, Gapyeong-gun, Gyeonggi-do, K☯rea- 송산리 松山里 Song San Ri (pine mountain village) 송산천 松山川 Song San Cheon (pine mountain river) 송산교 松山橋 Song San Gyo (pine mountain bridge) 미사리로 彌沙里路 Misari-ro (road) YouTube - 선학 鮮鶴 SunHak History - 1972 🎥 YouTube - 선학 鮮鶴 SunHak History - 1988 🎥 YouTube - 선학 鮮鶴 SunHak History - 1988 p.m 🎥 YouTube - 선학 鮮鶴 SunHak History - 1960.03.16 (1960.04.11) 🎥 flickr 0007-01-06 - 22° solar halo 독생 子 女 🌈 flickr May 08, 2020 22° sun halo 하늘 父 母 🌈 Instagram # 愛の統一 🌈 View of ■ Mt.Cheon Seong 天聖山 천성산 ■ Cheon Jeong Gung 天正宮 천정궁 일송정 *一松亭 *Il Song Jeong *一松亭 일송정 一松亭 Il Song Jeong 일송정 一松亭 Il Song Jeong ■ FFWPU International Headquarters ■ 천승전 天勝殿 CheonSeungJeon ■ 천원궁 天苑宮 CheonWonGung 천일성전 天一聖殿 CheonIlSeongJeon (Vimeo) 2022 ■ 천원궁 天苑宮 CheonWonGung 천일성전 天一聖殿 CheonIlSeongJeon (Vimeo) 2024 View from the 清心橋 청심교 CheonShim Gyo (Bridge) - flickr May 09, 2018 light and shadow flickr May 19, 2018 prism - flickr 0009-06-05 (2021-07-14) the high temperature 33℃ 🌳 flickr 0010-10-03 (2022-10-27) autumn color 🍁 flickr 0010-11-22 (2022-12-15) white sky ⛄ flickr 0010-11-23 (2022-12-16) cold season ❄️ - - - - - - - - - - PEACE SUMMIT 2023 한국어 - 한학자 천지인참부모 성탄 80주년 기념 PEACE SUMMIT 2023 창설자 특별연설 말씀 日本語 - 韓鶴子 天地人真の父母 聖誕80周年記念 PEACE SUMMIT 2023 創設者特別演説 English - PEACE SUMMIT 2023 Opening Ceremony and Special Plenary True Mother’s Message Español - Acto de Apertura y Asamblea Especial de la Cumbre de la Paz 2023 Discurso de la Madre Verdadera Français - Plénière d'Ouverture du Sommet sur la Paix 2023 Allocution spéciale de la Vraie Mère - PeaceTV HJ Global News 한국어 PeaceTV FFWPU 2023-05-07 日本語 PeaceTV FFWPU 2023-05-07 English PeaceTV FFWPU 2023-05-07 Español PeaceTV FFWPU 2023-05-07 Français PeaceTV FFWPU 2023-05-07 Português PeaceTV FFWPU 2023-05-07 Pусский YouTube - PeaceTV FFWPU 2023-05-07 汉语 YouTube - PeaceTV FFWPU 2023-05-07 - - - - - - - - - - 韓鶴子天地人참父母 聖誕80th 聖婚63rd 한국어 - 한학자 천지인참부모 성탄 80주년 기념 산수연 및 2023 천지인참부모 효정 천주축복축제 축도 日本語 - 韓鶴子 天地人真の父母 聖誕 80 周年記念 天地人真の父母様父母 傘寿宴 および 2023 天地人真の父母 孝情 天宙祝福祝祭 真の父母様祝祷 English - True Mother’s Blessing Prayer at the 2023 Hyojeong Cosmic Blessing Festival Marking the 80th Anniversary of the Holy Birth of Hak Ja Han Moon, True Parent of Heaven, Earth and Humankind Español - Oración de Bendición de la Madre Verdadera en el Festival de la Bendición Cósmica Hyo Jeong 2023 Français - Prière de Bénédiction de la Vraie Mère lors du Festival de Bénédiction Cosmique Hyo Jeong 2023 - 한국어 YouTube - 한학자 천지인참부모 성탄 80주년 기념 천일국 경배 기념식 (2023.5.7) 한국어 YouTube - 한학자 천지인참부모 산수연, 2023 천지인참부모 효정 천주축복축제 (2023.5.7) 한국어 YouTube - 한학자 천지인참부모 성탄 80주년 축승회 (2023.5.8) - FFWPU European & Middle East Vimeo - Cheon Won Gung Dedication Ceremony 2023-05-07 - PeaceTV HJ Global News 한국어 PeaceTV FFWPU 2023-05-13 日本語 PeaceTV FFWPU 2023-05-13 English PeaceTV FFWPU 2023-05-13 Español PeaceTV FFWPU 2023-05-13 Français PeaceTV FFWPU 2023-05-13 Português PeaceTV FFWPU 2023-05-13 Pусский YouTube - PeaceTV FFWPU 2023-05-13 汉语 PeaceTV FFWPU 2023-05-13 - - - - - - - - - - 한국어 YouTube - 세계평화통일가정연합 천원궁 천원교회 평화누리 대축제 (2023.5.14) 日本語 YouTube - 世界平和統一家庭連合 天苑宮 天苑教会 平和ヌリ 大祝祭 (2023.5.14) English YouTube - FFWPU CheonWonGung CheonWonChurch Peace Nuri Grand Festival (May 14, 2023) - PeaceTV HJ Global News 한국어 PeaceTV FFWPU 2023-05-20 日本語 PeaceTV FFWPU 2023-05-20 English PeaceTV FFWPU 2023-05-20 Español PeaceTV FFWPU 2023-05-20 Français PeaceTV FFWPU 2023-05-20 Português PeaceTV FFWPU 2023-05-20 Pусский YouTube - PeaceTV FFWPU 2023-05-20 汉语 YouTube - PeaceTV FFWPU 2023-05-20 - - - - - - - - - - flickr June 27, 2017 🌄 flickr June 27, 2017 🌅 flickr June 27, 2017 ️🌉 flickr January 31, 2019 氵青♡♡聖地宀女木内図 - flickr 松山１里 봄 春 spring 🌸 flickr 松山１里 여름 夏 summer 🌳 flickr 松山１里 가을 秋 autumn 🍁 flickr 松山１里 겨울 冬 winter ⛄ Instagram 4 seasons - flickr True 🎨olors 神統一世界 - - - - - - - - - - flickr 0007-0①-0⑥ 독생 子 女 flickr May 08, 2020 하늘 父 母 - flickr 0005-0③-①⑥ - 57周 flickr 0005-0③-①⑥ - 57Th flickr 0008-0③-①⑥ - 60周 flickr 0008-0③-①⑥ - 60Th - flickr 0006-0⑦-①⑦ - 6Th flickr 0007-0⑦-①⑦ - 7Th flickr 0008-0⑦-①⑦ - 8周 flickr 0008-0⑦-①⑦ - 8Th - flickr 0007-0①-①③ - 6Th flickr 0008-0①-①③ - 7Th flickr 0009-0①-①③ - 8Th flickr 0010-0①-①③ - 9Th - - - - - - - - - - 🎎 HOLY BLESSING Since 1960-0③-①⑥ 🌈 PeaceTV️️ 💐 Peace Link 🌏 ThinkTank2022 🌱 SunHakPeacePrize 🌻 OneFamilyUnderGod 🌠 선학 鮮鶴 SunHak History - - - SunHak Radio & FFWPU European & Middle East ♪ 참父母님 聖誕祝賀노래 ♪ 봄이 오면 ♪ 故郷 고향 Hometown ♪ 愛郷歌 ♪ 祖國讚歌 조국찬가 Peace Hymn of the Cheon Il Guk ♪ 天一國歌 ♪ YouTube - True Parents Singing 사랑해 부모님 - 엄마야 누나야 ♪ YouTube - True Parents Singing 가고파 ♪ YouTube - 참부모님 노래 가고파 ♪ YouTube - ⑦Th 가고파 ♪ YouTube - ⑦周年 달래강 다리 ♪ YouTube - Ka Go Pa ♪ YouTube - ☯ne Family Under God ♪ YouTube - 救国救世 가고파 - - - - - - - - - - 청평 효정천원 清平 孝情天苑 Cheongpyeong HyoJeongCheonWon flickr January 01, 2019 Happy New Year flickr 천일국 7년 1월 6일 (February 10, 2019) Halo 8:47AM Happy Birth Day flickr March 01, 2019 sunrise 7:53AM 삼일절 三一節 100Th The Independence Movement Day flickr June 01, 2019 鶴 flickr June 25, 2019 daybreak 4:58AM 69Th Korean War 1950.06.25 flickr August 01, 2019 hand of god flickr August 01, 2019 after the rain flickr August 15, 2019 광복절 光復節 74Th Gwangbokjeol flickr August 15, 2019 74Th video flickr 天一國7年 天曆 7月17日 (August 17, 2019) 文鮮明 天地人참父母 天宙聖和 7Th flickr January 16, 2020 wing flickr January 16, 2020 frying flickr 천일국 8년 천력 1월13일 (February 06, 2020) 天一國基元節7Th 天宙平和統一國安着式 天地人참父母 聖誕100Th 및 天宙聖婚60Th flickr 천일국 8年 천력 03月16日 (April 08, 2020) 文鮮明🎎韓鶴子 天地人참父母님 天宙聖婚 60Th - - - 대한 경기도 가평군 大韓 京畿道 加平郡 Gapyeong-gun, Gyeonggi-do, Korea 신경원국 神京原國 ShinGyeongWonGuk flickr October 14, 2018 ① flickr October 14, 2018 ② flickr October 14, 2018 ③ flickr April 26, 2020 earth color flickr May 06, 2020 Mother Earth flickr April 18, 2020 ① flickr August 09, 2020 📡 Rally of Hope to Advance the Firm Establishment of a Heavenly Unified World flickr August 13, 2020 亀 flickr 천일국 8년 천력 7월17일 (September 04, 2020) 다시 오마 flickr 天一國 8年 天曆 7月17日 (September 04, 2020) here comes the sun flickr 천일국 0009년 천력 1월13일 (February 24, 2021) 天一國基元節⑧Th - - - - - - - - - - 하천 河川 Rivers flickr May 19, 2018 송산천 松山川 Song San River flickr July 22, 2019 flickr July 14, 2021 천산만수 千山萬水 cheon san man su Instagram 2018-05-19 warm season Instagram 2018-07-03 hot season Instagram 2018-02-01 frozen Instagram 2018-12-27 frozen Instagram 2019-07-22 after the rain - Instagram 2019-04-22 Miwon 100Th flickr January 16, 2019 Miwon - Instagram 2018-07-06 미원천 迷源川 Mi Won River - hot season Instagram 2019-01-16 cold season Instagram 2018-04-04 warm season Instagram 2020-09-04 cooler season flickr June 16, 2019 미원천 迷源川 Miwon River ☯ 北韓江 북한강 BukHangang ( North Han River ) flickr May 22, 2021 설곡천 雪谷川 Seolgok River ☯ 미원천 迷源川 Miwon River - Instagram 2018-05-23 창의천 倉宜川 Chang Ui River flickr May 23, 2018 ① flickr May 23, 2018 ② flickr August 13, 2020 flickr September 04, 2020 flickr September 08, 2020 창의천 倉宜川 Chang Ui River ☯ 미원천 迷源川 Miwon River - flickr July 18, 2016 홍천강 洪川江 Hong Cheon River flickr October 24, 2016 black and white Instagram 2017-07-15 Mogok flickr December 20, 2020 추곡천 秋谷川 Chugok River ☯ 홍천강 洪川江 Hong Cheon River Instagram 2021-07-02 hot season flickr 0010-11-09 홍천강 洪川江 Hong Cheon River ☯ 북한강 北韓江 North Han River - Instagram 2020-09-04 벽계천 碧溪川 Byeok Gye River flickr May 30, 2021 사기막천 沙器幕川 Sagimak River ☯ 벽계천 碧溪川 Byeokgye River - flickr December 08, 2017 청평면 清平面 Cheongpyeong-myeon - flickr May 19, 2018 자라 鼈 Trionychidae (Island) flickr October 15, 2019 GyeongGangGyo - on the Bridge - 한강 韓江 Hangang ( Han River ) 北韓江 북한강 BukHangang ( North Han River ) flickr October 27, 2019 Chuncheon Daegyo - on the Bridge flickr October 15, 2019 GyeongGangGyo - on the Bridge flickr 天一國 8年 天曆 3月16日 (April 08, 2020) terrace flickr April 23, 2020 sunset 🕒 flickr June 15, 2020 sunset 🕘 flickr March 16, 2018 Gapyeong Daegyo - on the Bridge flickr October 03, 2019 ShinCheonpyeong Daegyo - on the Bridge flickr March 21, 2019 on the Jamsil Railway Bridge flickr December 21, 2021 on the Jamsil Railway Bridge flickr October 31, 2019 Jamsil Daegyo - on the Bridge - Instagram 北韓江 북한강 BukHangang ( North Han River ) ① Instagram 北韓江 북한강 BukHangang ( North Han River ) ② Instagram 韓江 한강 Hangang ( Han River ) - - - - - - - - - - True Parents' flickr albums 2019 flickr albums 2018 flickr albums 2017 flickr albums 2016",3832,2154,1400,787,c1e80e08a57bbecfe4e010cfed84d80041c7d5ba2ce95fbdb27acee6be229f95,c0afb24d31c6b719,47.62
luxury_motivation,154,architecture,visual-harvest-400/luxury_motivation/154_architecture_reception-lounge-of-the-spa-at-amantaka-luxury-resort-hotel-in-luang-p.jpg,File:Reception lounge of the spa at Amantaka luxury Resort & Hotel in Luang Prabang Laos side view.jpg,https://commons.wikimedia.org/wiki/File:Reception_lounge_of_the_spa_at_Amantaka_luxury_Resort_%26_Hotel_in_Luang_Prabang_Laos_side_view.jpg,https://upload.wikimedia.org/wikipedia/commons/thumb/a/a9/Reception_lounge_of_the_spa_at_Amantaka_luxury_Resort_%26_Hotel_in_Luang_Prabang_Laos_side_view.jpg/1920px-Reception_lounge_of_the_spa_at_Amantaka_luxury_Resort_%26_Hotel_in_Luang_Prabang_Laos_side_view.jpg,Basile Morin,CC BY-SA 4.0,https://creativecommons.org/licenses/by-sa/4.0,"Reception lounge of the spa at Amantaka luxury resort and hotel in Luang Prabang , Laos . Amantaka is one of the 34 properties operated by Aman Resorts , hospitality company founded by Indonesian hotelier Adrian Zecha in 1988, present in more than 20 countries. The hotel, located in a French colonial building, opened in September 2009. A boutique hotel, it contains 24 lavish suites, encircling a central courtyard and is designed with a mixture of traditional Lao furnishings and modern. The suites range in size from 70 to 120 square metres and include eight suites, four pool suites, eight Khan pool suites, two Mekong pool suites and two Amantaka pool suites. All of the rooms have a king-sized bed centre of the suites beneath a traditional high ceiling. They are painted in white and have mahogany or dark wood furnishings and windows. The rooms are reported to be between 1,100 USD and 1,900 USD a night.",4373,4373,1400,1400,3cbedab59e2bc48ce89ba8d1e37975e0e74313013caf4e1568f097f160f2250a,ae95437ac06b9c2d,39.861
luxury_motivation,155,architecture,visual-harvest-400/luxury_motivation/155_architecture_hotel-ca-sagredo-grand-canal-rialto-venice-italy-venezia-creative-comm.jpg,File:Hotel Ca Sagredo - Grand Canal - Rialto - Venice Italy Venezia - Creative Commons by gnuckx (4795638604).jpg,https://commons.wikimedia.org/wiki/File:Hotel_Ca_Sagredo_-_Grand_Canal_-_Rialto_-_Venice_Italy_Venezia_-_Creative_Commons_by_gnuckx_(4795638604).jpg,https://upload.wikimedia.org/wikipedia/commons/thumb/0/02/Hotel_Ca_Sagredo_-_Grand_Canal_-_Rialto_-_Venice_Italy_Venezia_-_Creative_Commons_by_gnuckx_%284795638604%29.jpg/1920px-Hotel_Ca_Sagredo_-_Grand_Canal_-_Rialto_-_Venice_Italy_Venezia_-_Creative_Commons_by_gnuckx_%284795638604%29.jpg,gnuckx,CC BY 2.0,https://creativecommons.org/licenses/by/2.0,"Hotel Ca' Sagredo in Venice is a masterpiece in itself! Set in an elegant, 15th century palace overlooking the Grand Canal close to the renown Rialto bridge, it features antique furnitures and original works of art in all rooms. From the most important Venetian painters of the 17th and 18th century: Nicolò Bambini, Giambattista Tiepolo, Sebastiano Ricci, Pietro Longhi, amongst many others. This wonderfull 5 star hotel in Venice is near the Rialto Bridge. Its original architecture and impressive collection of art make this hotel really special. If you dream of Venice you will dream of Ca’ Sagredo: romantic, mysterious, unforgettable. A Private Palazzo, a Noble Residence, a Museum, a Luxury Hotel and much more… this all is Ca’ Sagredo. The water streets of Venice are canals which are navigated by gondolas and other small boats. During daylight hours the canals, bridges, and streets of Venice are full of tourists eager to experience the romance of this great travel destination. As night engulfs the town, tourists enjoy some fine dining at one of the many restaurants, leaving the waterways and streets quiet. The gondola is a traditional, flat-bottomed Venetian rowing boat, well suited to the conditions of the Venetian Lagoon. For centuries gondolas were once the chief means of transportation and most common watercraft within Venice. In modern times the iconic boats still have a role in public transport in the city, serving as ferries over the Grand Canal. They are also used in special regattas (rowing races) held amongst gondoliers. Their main role, however, is to carry tourists on rides throughout the canals. Gondolas are hand made using 8 different types of wood (fir, oak, cherry, walnut, elm, mahogany, larch and lime) and are composed of 280 pieces. The oars are made of beech wood. The left side of the gondola is longer than the right side. This asymmetry causes the gondola to resist the tendency to turn toward the left at the forward stroke.",4288,2848,1400,930,2fdd45cc1113b051f28e4f597e20ace30106b1a50fe70bafd708d507524c8916,829ad227d038de77,41.34
luxury_motivation,156,architecture,visual-harvest-400/luxury_motivation/156_architecture_venice-italy-venezia-creative-commons-by-gnuckx-4934129000.jpg,File:Venice Italy Venezia - Creative Commons by gnuckx (4934129000).jpg,https://commons.wikimedia.org/wiki/File:Venice_Italy_Venezia_-_Creative_Commons_by_gnuckx_(4934129000).jpg,https://upload.wikimedia.org/wikipedia/commons/thumb/3/3c/Venice_Italy_Venezia_-_Creative_Commons_by_gnuckx_%284934129000%29.jpg/1920px-Venice_Italy_Venezia_-_Creative_Commons_by_gnuckx_%284934129000%29.jpg,gnuckx,CC BY 2.0,https://creativecommons.org/licenses/by/2.0,"Hotel Ca' Sagredo in Venice is a masterpiece in itself! Set in an elegant, 15th century palace overlooking the Grand Canal, it features antique furnitures and original works of art in all rooms. From the most important Venetian painters of the 17th and 18th century: Nicolò Bambini, Giambattista Tiepolo, Sebastiano Ricci, Pietro Longhi, amongst many others. This wonderfull 5 star hotel in Venice is near the Rialto Bridge. Its original architecture and impressive collection of art make this hotel really special. If you dream of Venice you will dream of Ca’ Sagredo: romantic, mysterious, unforgettable. A Private Palazzo, a Noble Residence, a Museum, a Luxury Hotel and much more… this all is Ca’ Sagredo. The water streets of Venice are canals which are navigated by gondolas and other small boats. During daylight hours the canals, bridges, and streets of Venice are full of tourists eager to experience the romance of this great travel destination. As night engulfs the town, tourists enjoy some fine dining at one of the many restaurants, leaving the waterways and streets quiet. The gondola is a traditional, flat-bottomed Venetian rowing boat, well suited to the conditions of the Venetian Lagoon. For centuries gondolas were once the chief means of transportation and most common watercraft within Venice. In modern times the iconic boats still have a role in public transport in the city, serving as ferries over the Grand Canal. They are also used in special regattas (rowing races) held amongst gondoliers. Their main role, however, is to carry tourists on rides throughout the canals. Gondolas are hand made using 8 different types of wood (fir, oak, cherry, walnut, elm, mahogany, larch and lime) and are composed of 280 pieces. The oars are made of beech wood. The left side of the gondola is longer than the right side. This asymmetry causes the gondola to resist the tendency to turn toward the left at the forward stroke.",2848,4288,930,1400,6bd38356710d3d07e2e67de5ba5dd3ccb4f1075c5047060c3b2c8e865420a7f2,8ec699780f98ce3c,42.504
luxury_motivation,157,architecture,visual-harvest-400/luxury_motivation/157_architecture_restaurant-table-at-amantaka-luxury-resort-hotel-in-luang-prabang-laos.jpg,File:Restaurant table at Amantaka luxury Resort & Hotel in Luang Prabang Laos.jpg,https://commons.wikimedia.org/wiki/File:Restaurant_table_at_Amantaka_luxury_Resort_%26_Hotel_in_Luang_Prabang_Laos.jpg,https://upload.wikimedia.org/wikipedia/commons/thumb/7/72/Restaurant_table_at_Amantaka_luxury_Resort_%26_Hotel_in_Luang_Prabang_Laos.jpg/1920px-Restaurant_table_at_Amantaka_luxury_Resort_%26_Hotel_in_Luang_Prabang_Laos.jpg,Basile Morin,CC BY-SA 4.0,https://creativecommons.org/licenses/by-sa/4.0,"Restaurant table, symmetrical arrangement at Amantaka luxury resort and hotel in Luang Prabang , Laos , serving breakfasts, lunches and dinners . This room is used as an annex to the pool terrace. Amantaka is one of the 34 properties operated by Aman Resorts , hospitality company founded by Indonesian hotelier Adrian Zecha in 1988, present in more than 20 countries. The hotel, located in a French colonial building, opened in September 2009. A boutique hotel, it contains 24 lavish suites, encircling a central courtyard and is designed with a mixture of traditional Lao furnishings and modern. The suites range in size from 70 to 120 square metres and include eight suites, four pool suites, eight Khan pool suites, two Mekong pool suites and two Amantaka pool suites. All of the rooms have a king-sized bed centre of the suites beneath a traditional high ceiling. They are painted in white and have mahogany or dark wood furnishings and windows. The rooms are reported to be between 1,100 USD and 1,900 USD a night.",6048,4032,1400,933,7a9355650b4fc0f3277679c7eff777b2cb73228c9831915fd63606a34a4b29ad,c6b5580e798375c9,36.679
luxury_motivation,158,architecture,visual-harvest-400/luxury_motivation/158_architecture_canopy-bed-and-wardrobes-in-khan-pool-suite-at-amantaka-luxury-resort-.jpg,File:Canopy bed and wardrobes in Khan Pool Suite at Amantaka luxury Resort & Hotel in Luang Prabang Laos.jpg,https://commons.wikimedia.org/wiki/File:Canopy_bed_and_wardrobes_in_Khan_Pool_Suite_at_Amantaka_luxury_Resort_%26_Hotel_in_Luang_Prabang_Laos.jpg,https://upload.wikimedia.org/wikipedia/commons/thumb/f/f5/Canopy_bed_and_wardrobes_in_Khan_Pool_Suite_at_Amantaka_luxury_Resort_%26_Hotel_in_Luang_Prabang_Laos.jpg/1920px-Canopy_bed_and_wardrobes_in_Khan_Pool_Suite_at_Amantaka_luxury_Resort_%26_Hotel_in_Luang_Prabang_Laos.jpg,Basile Morin,CC BY-SA 4.0,https://creativecommons.org/licenses/by-sa/4.0,"Canopy bed and wodden wardrobes in Khan Pool Suite at Amantaka luxury resort and hotel in Luang Prabang , Laos . Amantaka is one of the 34 properties operated by Aman Resorts , hospitality company founded by Indonesian hotelier Adrian Zecha in 1988, present in more than 20 countries. The hotel, located in a French colonial building, opened in September 2009. A boutique hotel, it contains 24 lavish suites, encircling a central courtyard and is designed with a mixture of traditional Lao furnishings and modern. The suites range in size from 70 to 120 square metres and include eight suites, four pool suites, eight Khan pool suites, two Mekong pool suites and two Amantaka pool suites. All of the rooms have a king-sized bed centre of the suites beneath a traditional high ceiling. They are painted in white and have mahogany or dark wood furnishings and windows. The rooms are reported to be between 1,100 USD and 1,900 USD a night.",5833,3889,1400,933,f57003b7b8abf9d0592fd049cc4a32df69f64f9c78fc6f0b6f0f584348072ce4,8e90f796b1a8a0be,43.247
luxury_motivation,159,architecture,visual-harvest-400/luxury_motivation/159_architecture_spa-massage-parlor-in-amantaka-luxury-resort-hotel-in-luang-prabang-la.jpg,File:Spa massage parlor in Amantaka luxury Resort & Hotel in Luang Prabang Laos.jpg,https://commons.wikimedia.org/wiki/File:Spa_massage_parlor_in_Amantaka_luxury_Resort_%26_Hotel_in_Luang_Prabang_Laos.jpg,https://upload.wikimedia.org/wikipedia/commons/thumb/a/a4/Spa_massage_parlor_in_Amantaka_luxury_Resort_%26_Hotel_in_Luang_Prabang_Laos.jpg/1920px-Spa_massage_parlor_in_Amantaka_luxury_Resort_%26_Hotel_in_Luang_Prabang_Laos.jpg,Basile Morin,CC BY-SA 4.0,https://creativecommons.org/licenses/by-sa/4.0,"Spa , massage parlor in Amantaka luxury resort and hotel in Luang Prabang , Laos . Amantaka is one of the 34 properties operated by Aman Resorts , hospitality company founded by Indonesian hotelier Adrian Zecha in 1988, present in more than 20 countries. The hotel, located in a French colonial building, opened in September 2009. A boutique hotel, it contains 24 lavish suites, encircling a central courtyard and is designed with a mixture of traditional Lao furnishings and modern. The suites range in size from 70 to 120 square metres and include eight suites, four pool suites, eight Khan pool suites, two Mekong pool suites and two Amantaka pool suites. All of the rooms have a king-sized bed centre of the suites beneath a traditional high ceiling. They are painted in white and have mahogany or dark wood furnishings and windows. The rooms are reported to be between 1,100 USD and 1,900 USD a night.",4757,3171,1400,933,cbba5c27a1bc6bc29b493e36cd0273909515dc8bbc55fc2d4342d850b4c16301,9dce43b1364991a7,38.927
luxury_motivation,160,hotel,visual-harvest-400/luxury_motivation/160_hotel_entrance-lobby-of-amantaka-luxury-resort-hotel-at-blue-hour-in-luang-p.jpg,File:Entrance lobby of Amantaka luxury Resort & Hotel at blue hour in Luang Prabang Laos.jpg,https://commons.wikimedia.org/wiki/File:Entrance_lobby_of_Amantaka_luxury_Resort_%26_Hotel_at_blue_hour_in_Luang_Prabang_Laos.jpg,https://upload.wikimedia.org/wikipedia/commons/thumb/1/1f/Entrance_lobby_of_Amantaka_luxury_Resort_%26_Hotel_at_blue_hour_in_Luang_Prabang_Laos.jpg/1920px-Entrance_lobby_of_Amantaka_luxury_Resort_%26_Hotel_at_blue_hour_in_Luang_Prabang_Laos.jpg,Basile Morin,CC BY-SA 4.0,https://creativecommons.org/licenses/by-sa/4.0,"Entrance, lobby of Amantaka luxury resort and hotel, seen from outside at blue hour in Luang Prabang , Laos . Amantaka is one of the 34 properties operated by Aman Resorts , hospitality company founded by Indonesian hotelier Adrian Zecha in 1988, present in more than 20 countries. The hotel, located in a French colonial building, opened in September 2009.",6113,3860,1400,884,fd929fc30b90dc43ad1a4d5dab3631a7d28a9ac646644ed989c5a2c99820b2cd,fc7d573322823a85,40.535
luxury_motivation,161,hotel,visual-harvest-400/luxury_motivation/161_hotel_lobby-arizona-biltmore-hotel-missouri-ave-biltmore-area-phoenix-az-544.jpg,"File:Lobby, Arizona Biltmore Hotel, Missouri Ave, Biltmore Area, Phoenix, AZ - 54438129730.jpg","https://commons.wikimedia.org/wiki/File:Lobby,_Arizona_Biltmore_Hotel,_Missouri_Ave,_Biltmore_Area,_Phoenix,_AZ_-_54438129730.jpg",https://upload.wikimedia.org/wikipedia/commons/thumb/c/c8/Lobby%2C_Arizona_Biltmore_Hotel%2C_Missouri_Ave%2C_Biltmore_Area%2C_Phoenix%2C_AZ_-_54438129730.jpg/1920px-Lobby%2C_Arizona_Biltmore_Hotel%2C_Missouri_Ave%2C_Biltmore_Area%2C_Phoenix%2C_AZ_-_54438129730.jpg,w_lemay,CC BY-SA 2.0,https://creativecommons.org/licenses/by-sa/2.0,"Built in 1927-1929, this Mayan Revival-style building was designed by Albert Chase McArthur for his brothers, Warren McArthur, Jr., and Charles McArthur, along with John McEntee Bowman to serve as a winter resort hotel in Arizona, part of the Biltmore chain of hotels. The hotel operated until 1973, when it suffered a fire, which required it to close for repairs. Following its reopening, the hotel underwent several expansions with the addition of new buildings between 1975 and 1982, designed by Taliesin Associated Architects. The buildings are built of custom patterned cast concrete blocks, known as “textile blocks,” a system developed by Frank Lloyd Wright in the 1920s, which Wright consulted on during the construction of the hotel in 1928. The hotel consists of multiple buildings surrounding a series of grassy, landscaped courtyards, ranging in size from small cottages to larger guest room wings, with the largest wings being the main wing, which houses guest rooms in addition to the hotel’s lobby, lounges, meeting rooms, and restaurants, and the conference center, which sits west of the main wing. The buildings feature textured concrete block facades with metal-frame casement windows, bronze roofs and trim, and boxy, geometric forms. The interior of the main wing features concrete block walls with decorative metal accents, boxy light fixtures, a fountain in the front section of the lobby, vaulted ceilings in the meeting rooms, a two-story main lobby ringed by a second-story balcony, and stained glass panels designed by Frank Lloyd Wright and installed during renovations after the 1973 fire. Today, the building complex remains in use as a luxury resort hotel.",5712,4284,1400,1050,ef089129b9c713b122f80b142c113b1dbc5636e5073c0f728baee2842539a7ce,d0a4fd2f48d42b6a,52.372
luxury_motivation,162,hotel,visual-harvest-400/luxury_motivation/162_hotel_lobby-fountain-arizona-biltmore-hotel-missouri-ave-biltmore-area-phoen.jpg,"File:Lobby Fountain, Arizona Biltmore Hotel, Missouri Ave, Biltmore Area, Phoenix, AZ.jpg","https://commons.wikimedia.org/wiki/File:Lobby_Fountain,_Arizona_Biltmore_Hotel,_Missouri_Ave,_Biltmore_Area,_Phoenix,_AZ.jpg",https://upload.wikimedia.org/wikipedia/commons/thumb/a/a5/Lobby_Fountain%2C_Arizona_Biltmore_Hotel%2C_Missouri_Ave%2C_Biltmore_Area%2C_Phoenix%2C_AZ.jpg/1920px-Lobby_Fountain%2C_Arizona_Biltmore_Hotel%2C_Missouri_Ave%2C_Biltmore_Area%2C_Phoenix%2C_AZ.jpg,w_lemay,CC BY-SA 2.0,https://creativecommons.org/licenses/by-sa/2.0,"Built in 1927-1929, this Mayan Revival-style building was designed by Albert Chase McArthur for his brothers, Warren McArthur, Jr., and Charles McArthur, along with John McEntee Bowman to serve as a winter resort hotel in Arizona, part of the Biltmore chain of hotels. The hotel operated until 1973, when it suffered a fire, which required it to close for repairs. Following its reopening, the hotel underwent several expansions with the addition of new buildings between 1975 and 1982, designed by Taliesin Associated Architects. The buildings are built of custom patterned cast concrete blocks, known as “textile blocks,” a system developed by Frank Lloyd Wright in the 1920s, which Wright consulted on during the construction of the hotel in 1928. The hotel consists of multiple buildings surrounding a series of grassy, landscaped courtyards, ranging in size from small cottages to larger guest room wings, with the largest wings being the main wing, which houses guest rooms in addition to the hotel’s lobby, lounges, meeting rooms, and restaurants, and the conference center, which sits west of the main wing. The buildings feature textured concrete block facades with metal-frame casement windows, bronze roofs and trim, and boxy, geometric forms. The interior of the main wing features concrete block walls with decorative metal accents, boxy light fixtures, a fountain in the front section of the lobby, vaulted ceilings in the meeting rooms, a two-story main lobby ringed by a second-story balcony, and stained glass panels designed by Frank Lloyd Wright and installed during renovations after the 1973 fire. Today, the building complex remains in use as a luxury resort hotel.",5712,4284,1400,1050,748a7e8b393c577506504a45f287fde5ac8681dfd6d4fb1be3a149917b9ce6a0,8848f7969c36d7c1,38.577
luxury_motivation,163,hotel,visual-harvest-400/luxury_motivation/163_hotel_reception-lounge-of-the-spa-at-amantaka-luxury-resort-hotel-in-luang-p.jpg,File:Reception lounge of the spa at Amantaka luxury Resort & Hotel in Luang Prabang Laos.jpg,https://commons.wikimedia.org/wiki/File:Reception_lounge_of_the_spa_at_Amantaka_luxury_Resort_%26_Hotel_in_Luang_Prabang_Laos.jpg,https://upload.wikimedia.org/wikipedia/commons/thumb/4/4f/Reception_lounge_of_the_spa_at_Amantaka_luxury_Resort_%26_Hotel_in_Luang_Prabang_Laos.jpg/1920px-Reception_lounge_of_the_spa_at_Amantaka_luxury_Resort_%26_Hotel_in_Luang_Prabang_Laos.jpg,Basile Morin,CC BY-SA 4.0,https://creativecommons.org/licenses/by-sa/4.0,"Reception lounge of the spa at Amantaka luxury resort and hotel in Luang Prabang , Laos . Amantaka is one of the 34 properties operated by Aman Resorts , hospitality company founded by Indonesian hotelier Adrian Zecha in 1988, present in more than 20 countries. The hotel, located in a French colonial building, opened in September 2009. A boutique hotel, it contains 24 lavish suites, encircling a central courtyard and is designed with a mixture of traditional Lao furnishings and modern. The suites range in size from 70 to 120 square metres and include eight suites, four pool suites, eight Khan pool suites, two Mekong pool suites and two Amantaka pool suites. All of the rooms have a king-sized bed centre of the suites beneath a traditional high ceiling. They are painted in white and have mahogany or dark wood furnishings and windows. The rooms are reported to be between 1,100 USD and 1,900 USD a night.",5076,4011,1400,1106,423b569af0fac33e6f43250e41ad09f61a5fd007263c0b3c9cb1b25c1659b49c,ac956b68545ee11d,39.89
luxury_motivation,164,hotel,visual-harvest-400/luxury_motivation/164_hotel_lobby-fireplace-arizona-biltmore-hotel-missouri-ave-biltmore-area-phoe.jpg,"File:Lobby Fireplace, Arizona Biltmore Hotel, Missouri Ave, Biltmore Area, Phoenix, AZ - 54438006718.jpg","https://commons.wikimedia.org/wiki/File:Lobby_Fireplace,_Arizona_Biltmore_Hotel,_Missouri_Ave,_Biltmore_Area,_Phoenix,_AZ_-_54438006718.jpg",https://upload.wikimedia.org/wikipedia/commons/thumb/5/5e/Lobby_Fireplace%2C_Arizona_Biltmore_Hotel%2C_Missouri_Ave%2C_Biltmore_Area%2C_Phoenix%2C_AZ_-_54438006718.jpg/1920px-Lobby_Fireplace%2C_Arizona_Biltmore_Hotel%2C_Missouri_Ave%2C_Biltmore_Area%2C_Phoenix%2C_AZ_-_54438006718.jpg,w_lemay,CC BY-SA 2.0,https://creativecommons.org/licenses/by-sa/2.0,"Built in 1927-1929, this Mayan Revival-style building was designed by Albert Chase McArthur for his brothers, Warren McArthur, Jr., and Charles McArthur, along with John McEntee Bowman to serve as a winter resort hotel in Arizona, part of the Biltmore chain of hotels. The hotel operated until 1973, when it suffered a fire, which required it to close for repairs. Following its reopening, the hotel underwent several expansions with the addition of new buildings between 1975 and 1982, designed by Taliesin Associated Architects. The buildings are built of custom patterned cast concrete blocks, known as “textile blocks,” a system developed by Frank Lloyd Wright in the 1920s, which Wright consulted on during the construction of the hotel in 1928. The hotel consists of multiple buildings surrounding a series of grassy, landscaped courtyards, ranging in size from small cottages to larger guest room wings, with the largest wings being the main wing, which houses guest rooms in addition to the hotel’s lobby, lounges, meeting rooms, and restaurants, and the conference center, which sits west of the main wing. The buildings feature textured concrete block facades with metal-frame casement windows, bronze roofs and trim, and boxy, geometric forms. The interior of the main wing features concrete block walls with decorative metal accents, boxy light fixtures, a fountain in the front section of the lobby, vaulted ceilings in the meeting rooms, a two-story main lobby ringed by a second-story balcony, and stained glass panels designed by Frank Lloyd Wright and installed during renovations after the 1973 fire. Today, the building complex remains in use as a luxury resort hotel.",5500,4125,1400,1050,88a1b41a0af6b374e2298918345c3d0eb4af744999b927abdd1d5d41459d8ccf,e3649c3633b89c33,33.896
luxury_motivation,165,hotel,visual-harvest-400/luxury_motivation/165_hotel_entrance-lobby-of-amantaka-luxury-resort-hotel-in-luang-prabang-laos.jpg,File:Entrance lobby of Amantaka luxury Resort & Hotel in Luang Prabang Laos.jpg,https://commons.wikimedia.org/wiki/File:Entrance_lobby_of_Amantaka_luxury_Resort_%26_Hotel_in_Luang_Prabang_Laos.jpg,https://upload.wikimedia.org/wikipedia/commons/thumb/f/f1/Entrance_lobby_of_Amantaka_luxury_Resort_%26_Hotel_in_Luang_Prabang_Laos.jpg/1920px-Entrance_lobby_of_Amantaka_luxury_Resort_%26_Hotel_in_Luang_Prabang_Laos.jpg,Basile Morin,CC BY-SA 4.0,https://creativecommons.org/licenses/by-sa/4.0,"Entrance, lobby of Amantaka luxury resort and hotel in Luang Prabang , Laos . Amantaka is one of the 34 properties operated by Aman Resorts , hospitality company founded by Indonesian hotelier Adrian Zecha in 1988, present in more than 20 countries. The hotel, located in a French colonial building, opened in September 2009. A boutique hotel, it contains 24 lavish suites, encircling a central courtyard and is designed with a mixture of traditional Lao furnishings and modern. The suites range in size from 70 to 120 square metres and include eight suites, four pool suites, eight Khan pool suites, two Mekong pool suites and two Amantaka pool suites. All of the rooms have a king-sized bed centre of the suites beneath a traditional high ceiling. They are painted in white and have mahogany or dark wood furnishings and windows. The rooms are reported to be between 1,100 USD and 1,900 USD a night.",5960,3725,1400,875,a1e516e890ee83742bb69bd2e1b226807eb62ad6ba52041e1d12a7e597ba2a6d,ab9470e91c6b1cba,31.317
luxury_motivation,166,superyacht,visual-harvest-400/luxury_motivation/166_superyacht_a-luxury-yacht-712.jpg,File:A Luxury yacht 712.jpg,https://commons.wikimedia.org/wiki/File:A_Luxury_yacht_712.jpg,https://upload.wikimedia.org/wikipedia/commons/thumb/4/47/A_Luxury_yacht_712.jpg/1920px-A_Luxury_yacht_712.jpg,Gillfoto,CC BY-SA 4.0,https://creativecommons.org/licenses/by-sa/4.0,"'A' luxury yacht at anchor Auke Bay, Juneau - Southeast Alaska",3000,2250,1400,1050,a981969138d741769536e230884920e33c31054ee794100747dc2d26a22cc76a,95e47ad69512157a,33.569
luxury_motivation,167,superyacht,visual-harvest-400/luxury_motivation/167_superyacht_unfinished-superyacht-hulk-at-the-detached-mole-gibraltar.jpg,"File:Unfinished Superyacht Hulk at the Detached Mole, Gibraltar.jpg","https://commons.wikimedia.org/wiki/File:Unfinished_Superyacht_Hulk_at_the_Detached_Mole,_Gibraltar.jpg",https://upload.wikimedia.org/wikipedia/commons/thumb/a/a8/Unfinished_Superyacht_Hulk_at_the_Detached_Mole%2C_Gibraltar.jpg/1920px-Unfinished_Superyacht_Hulk_at_the_Detached_Mole%2C_Gibraltar.jpg,Moshi Anahory,CC BY-SA 2.0,https://creativecommons.org/licenses/by-sa/2.0,"Unfinished Superyacht Hulk at the Detached Mole, Gibraltar. Superyacht hulk presumed to be from Cantieri San Marco in La Spezia 75m yacht ordered in 2007.",5712,3000,1400,735,635c06efb4cde0e5a939c17a9dc00da610ea3a054351a84c0a88a2bb6bfca7ff,fac57a3f817a0582,41.145
luxury_motivation,168,superyacht,visual-harvest-400/luxury_motivation/168_superyacht_luxury-yacht-docked-at-marina-with-modern-buildings-and-mountains-unde.jpg,File:Luxury yacht docked at marina with modern buildings and mountains under a soft evening sky.jpg,https://commons.wikimedia.org/wiki/File:Luxury_yacht_docked_at_marina_with_modern_buildings_and_mountains_under_a_soft_evening_sky.jpg,https://upload.wikimedia.org/wikipedia/commons/thumb/d/da/Luxury_yacht_docked_at_marina_with_modern_buildings_and_mountains_under_a_soft_evening_sky.jpg/1920px-Luxury_yacht_docked_at_marina_with_modern_buildings_and_mountains_under_a_soft_evening_sky.jpg,Shixart1985,CC BY 2.0,https://creativecommons.org/licenses/by/2.0,"A sleek luxury yacht is anchored at a marina surrounded by modern architecture and lush mountains. The sky is softly fading as evening approaches, creating a serene atmosphere.",4160,6240,933,1400,940d52e4782e7ec299ebfbc0aff8dd97e861a8da8c5d25074d68fb3ca8463ea1,81f46f1095ca3dab,52.076
luxury_motivation,169,superyacht,visual-harvest-400/luxury_motivation/169_superyacht_luxury-yacht-in-barcelona-harbour-2927253473.jpg,File:Luxury Yacht in Barcelona Harbour (2927253473).jpg,https://commons.wikimedia.org/wiki/File:Luxury_Yacht_in_Barcelona_Harbour_(2927253473).jpg,https://upload.wikimedia.org/wikipedia/commons/thumb/8/80/Luxury_Yacht_in_Barcelona_Harbour_%282927253473%29.jpg/1920px-Luxury_Yacht_in_Barcelona_Harbour_%282927253473%29.jpg,"Andy Mitchell from Glasgow, UK",CC BY-SA 2.0,https://creativecommons.org/licenses/by-sa/2.0,Luxury Yacht in Barcelona Harbour,3072,2304,1400,1050,165dba3e2a48b065e0469d2bb8532f97fd6a5321ff5b87c8b7c1cb10964a3cac,f6c2093d6ce0cbc3,47.703
luxury_motivation,170,superyacht,visual-harvest-400/luxury_motivation/170_superyacht_mega-yacht-docked-in-port-antonio-jamaica.jpg,"File:Mega Yacht docked in Port Antonio, Jamaica.jpg","https://commons.wikimedia.org/wiki/File:Mega_Yacht_docked_in_Port_Antonio,_Jamaica.jpg",https://upload.wikimedia.org/wikipedia/commons/thumb/8/8c/Mega_Yacht_docked_in_Port_Antonio%2C_Jamaica.jpg/1920px-Mega_Yacht_docked_in_Port_Antonio%2C_Jamaica.jpg,Layneartz19,CC BY-SA 4.0,https://creativecommons.org/licenses/by-sa/4.0,"Beautiful Port Antonio, Jamaica",8064,6048,1400,1050,07960174d2d6e64c2fb2d253980b516be919ba947c986e830080f2ceda68e7d8,98766cc993a68c6b,33.719
luxury_motivation,171,superyacht,visual-harvest-400/luxury_motivation/171_superyacht_crystalbrook-superyacht-marina-port-douglas-queensland-2020-02.jpg,"File:Crystalbrook Superyacht Marina, Port Douglas, Queensland, 2020, 02.jpg","https://commons.wikimedia.org/wiki/File:Crystalbrook_Superyacht_Marina,_Port_Douglas,_Queensland,_2020,_02.jpg",https://upload.wikimedia.org/wikipedia/commons/thumb/e/ea/Crystalbrook_Superyacht_Marina%2C_Port_Douglas%2C_Queensland%2C_2020%2C_02.jpg/1920px-Crystalbrook_Superyacht_Marina%2C_Port_Douglas%2C_Queensland%2C_2020%2C_02.jpg,Chris Olszewski,CC BY-SA 4.0,https://creativecommons.org/licenses/by-sa/4.0,"Crystalbrook Superyacht Marina, Port Douglas, Queensland, 2020",7525,3872,1400,720,e9504cb5d5e554a74a5baf659bd038b422872459aee13d8b801749b726daa5b3,c2a1ff5a01a3dad1,32.928
luxury_motivation,172,sports-car,visual-harvest-400/luxury_motivation/172_sports-car_14-hegyvid-k-olympiade-weitsprung-2024-n-metv-lgy.jpg,"File:14. Hegyvidék-Olympiade, Weitsprung, 2024 Németvölgy.jpg","https://commons.wikimedia.org/wiki/File:14._Hegyvid%C3%A9k-Olympiade,_Weitsprung,_2024_N%C3%A9metv%C3%B6lgy.jpg",https://upload.wikimedia.org/wikipedia/commons/thumb/2/27/14._Hegyvid%C3%A9k-Olympiade%2C_Weitsprung%2C_2024_N%C3%A9metv%C3%B6lgy.jpg/1920px-14._Hegyvid%C3%A9k-Olympiade%2C_Weitsprung%2C_2024_N%C3%A9metv%C3%B6lgy.jpg,Globetrotter19,CC BY-SA 4.0,https://creativecommons.org/licenses/by-sa/4.0,"Dr. Koltai Jenő Sports Center, athletic field, long jump pit, multipurpose hall. Photo taken on 14th Hegyvidéki (lit. Mountain, or Budapest District XII) Olympics. Organized by the local government and the Hegyvidék Leisure Sport Non-profit Ltd., almost 400 fifth-grade students from eight district schools competed under the flags of the 16 Greek city-states they personified. Hegyvidéki Olympic sports: Marathon run shortened to 2000 meters, small ball throw, long jump, 100 m run, 2 minutes wrestling. - The sport site (Est. ~1950s), after renewed/completly remodelled reopened in 2023. Planned by TSPC Kft., constructed by ZÁÉV Construction Ltd.. On an area of almost four hectares, - an 8 thousand square meter recortan-covered athletic field with IAAF 2 international certification was built, which includes a grassy football field. In addition, an artificial turf football field and two acrylic hard-covered tennis courts were also completed by Debrecen-based Globál Sport Kft. A multifunctional sports hall with a mobile stand for 1500 people has been completed, which can be used for handball, basketball and volleyball, gymnastics as well as competition functions, a multifunctional hall with a 200-cars underground garage with motorcycle storage and electric chargers for cars, and a 700 square meter size gym room. There is Javelin thrower by József Antal (1955 aluminum statue, relocated) - 2-4. Csörsz Street, Hegyalja Road, Németvölgy neighbourhood, 12th district of Budapest .",2272,1704,1400,1050,09600dedfc388bae03d86c39a52414900712f53f02fc3be5134e4710e9d73f48,c14ff093bf34a027,40.282
luxury_motivation,173,sports-car,visual-harvest-400/luxury_motivation/173_sports-car_ferrari-750-monza-1955-55081629520.jpg,File:Ferrari 750 Monza (1955) (55081629520).jpg,https://commons.wikimedia.org/wiki/File:Ferrari_750_Monza_(1955)_(55081629520).jpg,https://upload.wikimedia.org/wikipedia/commons/thumb/f/f1/Ferrari_750_Monza_%281955%29_%2855081629520%29.jpg/1920px-Ferrari_750_Monza_%281955%29_%2855081629520%29.jpg,"Charles from Port Chester, New York",CC0,http://creativecommons.org/publicdomain/zero/1.0/deed.en,"The Ferrari 750 Monza chassis 0510M is a highly significant vintage race car with a distinguished history, including being driven by racing legends Phil Hill, Carroll Shelby, and Jim Hall. It has a successful competition history in American sports car racing during the 1950s. Racing History: - Chassis 0510M was campaigned in the United States by its first owner, Allen Guiberson, a Texas oilman. The car was originally painted a distinctive white with a blue triangle on the nose and tail. - 1955 12 Hours of Sebring: The car's debut race, driven by Phil Hill and Carroll Shelby, where they finished an impressive second overall and first in their class (though initial scoring had them first overall). - 1955 Pebble Beach Road Races (Del Monte Trophy): Phil Hill drove the car to an outright victory. - Other 1955 victories: Hill secured another win at the SCCA National at Beverly Airport. - 1956 Season: Driven primarily by Carroll Shelby after the car was acquired by Jim Hall and his brother. Shelby achieved several victories, including the Del Monte Trophy at Pebble Beach (again) and races at Dodge City and Eagle Mountain. - 1957 Season: Jim Hall took over driving duties, achieving a class victory and multiple podium finishes. Later Ownership: The car was sold for $5.225 million at RM Sotheby's Monterey auction in August 2016, after being in Jim Hall's ownership for 60 years.",5973,3947,1400,925,812debad484e0ebbac1b1764e7f56f1ac8ae87d7a0755845b947461afe37c762,e50a6971a5269adb,55.529
luxury_motivation,174,sports-car,visual-harvest-400/luxury_motivation/174_sports-car_14-hegyvid-k-olympiade-tennisplatz-2024-n-metv-lgy.jpg,"File:14. Hegyvidék-Olympiade, Tennisplatz, 2024 Németvölgy.jpg","https://commons.wikimedia.org/wiki/File:14._Hegyvid%C3%A9k-Olympiade,_Tennisplatz,_2024_N%C3%A9metv%C3%B6lgy.jpg",https://upload.wikimedia.org/wikipedia/commons/thumb/a/a1/14._Hegyvid%C3%A9k-Olympiade%2C_Tennisplatz%2C_2024_N%C3%A9metv%C3%B6lgy.jpg/1920px-14._Hegyvid%C3%A9k-Olympiade%2C_Tennisplatz%2C_2024_N%C3%A9metv%C3%B6lgy.jpg,Globetrotter19,CC BY-SA 4.0,https://creativecommons.org/licenses/by-sa/4.0,"Dr. Koltai Jenő Sports Center flagpoles,h one of the two tennis courts. Photo taken on 14th Hegyvidéki (lit. Mountain, or Budapest District XII) Olympics. Organized by the local government and the Hegyvidék Leisure Sport Non-profit Ltd., almost 400 fifth-grade students from eight district schools competed under the flags of the 16 Greek city-states they personified. Hegyvidéki Olympic sports: Marathon run shortened to 2000 meters, small ball throw, long jump, 100 m run, 2 minutes wrestling. - The sport site (Est. ~1950s), after renewed/completly remodelled reopened in 2023. Planned by TSPC Kft., constructed by ZÁÉV Construction Ltd.. On an area of almost four hectares, - an 8 thousand square meter recortan-covered athletic field with IAAF 2 international certification was built, which includes a grassy football field. In addition, an artificial turf football field and two acrylic hard-covered tennis courts were also completed by Debrecen-based Globál Sport Kft. A multifunctional sports hall with a mobile stand for 1500 people has been completed, which can be used for handball, basketball and volleyball, gymnastics as well as competition functions, a multifunctional hall with a 200-cars underground garage with motorcycle storage and electric chargers for cars, and a 700 square meter size gym room. There is Javelin thrower by József Antal (1955 aluminum statue, relocated) - 2-4. Csörsz Street, Hegyalja Road, Németvölgy neighbourhood, 12th district of Budapest .",2214,1650,1400,1043,ea226caf0792e9ab14c8dbe5dc02668a85a20de6abec25907ee19d95dc223876,be2e9696da5848a9,47.762
luxury_motivation,175,sports-car,visual-harvest-400/luxury_motivation/175_sports-car_14-hegyvid-k-olympiade-fu-ballplatz-so-2024-n-metv-lgy.jpg,"File:14. Hegyvidék-Olympiade, Fußballplatz, SO, 2024 Németvölgy.jpg","https://commons.wikimedia.org/wiki/File:14._Hegyvid%C3%A9k-Olympiade,_Fu%C3%9Fballplatz,_SO,_2024_N%C3%A9metv%C3%B6lgy.jpg",https://upload.wikimedia.org/wikipedia/commons/thumb/0/0c/14._Hegyvid%C3%A9k-Olympiade%2C_Fu%C3%9Fballplatz%2C_SO%2C_2024_N%C3%A9metv%C3%B6lgy.jpg/1920px-14._Hegyvid%C3%A9k-Olympiade%2C_Fu%C3%9Fballplatz%2C_SO%2C_2024_N%C3%A9metv%C3%B6lgy.jpg,Globetrotter19,CC BY-SA 4.0,https://creativecommons.org/licenses/by-sa/4.0,"Dr. Koltai Jenő Sports Center. 14th Hegyvidéki (Mountain) Olympics. Organized by the local government and the Hegyvidék Leisure Sport Non-profit Ltd., almost 400 fifth-grade students from eight district schools competed under the flags of the 16 Greek city-states they personified. Hegyvidéki Olympic sports: Marathon run shortened to 2000 meters, small ball throw, long jump, 100 m run, 2 minutes wrestling. - The sport site (Est. ~1950s), after renewed/completly remodelled reopened in 2023. Planned by TSPC Kft., constructed by ZÁÉV Construction Ltd.. On an area of almost four hectares, - an 8 thousand square meter recortan-covered athletic field with IAAF 2 international certification was built, which includes a grassy football field. In addition, an artificial turf football field and two acrylic hard-covered tennis courts were also completed by Debrecen-based Globál Sport Kft. A multifunctional sports hall with a mobile stand for 1500 people has been completed, which can be used for handball, basketball and volleyball, gymnastics as well as competition functions, a multifunctional hall with a 200-cars underground garage with motorcycle storage and electric chargers for cars, and a 700 square meter size gym room. There is Javelin thrower by József Antal (1955 aluminum statue, relocated) - 2-4. Csörsz Street, Hegyalja Road, Németvölgy neighbourhood, Budapest District XII .",2272,1704,1400,1050,fecfa050eb2a22161fcdc59e4000c17b3411dc0d9f6d96e2305e3e94a82d1214,80e03f77d0ce713c,35.236
luxury_motivation,176,sports-car,visual-harvest-400/luxury_motivation/176_sports-car_silverton-colorado-45306198761.jpg,"File:Silverton, Colorado (45306198761).jpg","https://commons.wikimedia.org/wiki/File:Silverton,_Colorado_(45306198761).jpg",https://upload.wikimedia.org/wikipedia/commons/thumb/a/aa/Silverton%2C_Colorado_%2845306198761%29.jpg/1920px-Silverton%2C_Colorado_%2845306198761%29.jpg,Mike McBey,CC BY 2.0,https://creativecommons.org/licenses/by/2.0,"Silverton is a former silver mining camp which lies north of Durango, in south-west Colorado. As well as silver, gold has also been mined here. It lies at 9,318 feet (2,836 m) above sea level and is on the famous Million Dollar Highway (Highway 550). The origin of the name Million Dollar Highway is not certain but alternatives include that it cost a million dollars a mile to build in the 1920s, or alternately that the rubble used as a base for the road contains a million dollars in gold ore. There are no working mines at Silverton any more but many tourists visit all year round with the mountain scenery being a big draw at any time together with winter sports when in season.The town is the terminus of the Durango and Silverton Narrow Gauge Railroad which runs steam trains alongside the Animas River. Silverton is well worth a visit, whether visitors come by train or car, with many buildings and features little changed for more than a century. My picture was taken in the early Fall (Autumn) and the trees were just starting to change color (colour!).",6000,4000,1400,933,554abda73c5e54499ea774f4443367a36b816ea1266a6d8c4463badaac14baf9,f6acc4858a15ab7a,38.072
luxury_motivation,177,sports-car,visual-harvest-400/luxury_motivation/177_sports-car_14-hegyvid-k-olympiade-tennisplatz-o-2024-n-metv-lgy.jpg,"File:14. Hegyvidék-Olympiade, Tennisplatz, O, 2024 Németvölgy.jpg","https://commons.wikimedia.org/wiki/File:14._Hegyvid%C3%A9k-Olympiade,_Tennisplatz,_O,_2024_N%C3%A9metv%C3%B6lgy.jpg",https://upload.wikimedia.org/wikipedia/commons/thumb/e/e8/14._Hegyvid%C3%A9k-Olympiade%2C_Tennisplatz%2C_O%2C_2024_N%C3%A9metv%C3%B6lgy.jpg/1920px-14._Hegyvid%C3%A9k-Olympiade%2C_Tennisplatz%2C_O%2C_2024_N%C3%A9metv%C3%B6lgy.jpg,Globetrotter19,CC BY-SA 4.0,https://creativecommons.org/licenses/by-sa/4.0,"Dr. Koltai Jenő Sports Center flagpoles,h one of the two tennis courts. Photo taken on 14th Hegyvidéki (lit. Mountain, or Budapest District XII) Olympics. Organized by the local government and the Hegyvidék Leisure Sport Non-profit Ltd., almost 400 fifth-grade students from eight district schools competed under the flags of the 16 Greek city-states they personified. Hegyvidéki Olympic sports: Marathon run shortened to 2000 meters, small ball throw, long jump, 100 m run, 2 minutes wrestling. - The sport site (Est. ~1950s), after renewed/completly remodelled reopened in 2023. Planned by TSPC Kft., constructed by ZÁÉV Construction Ltd.. On an area of almost four hectares, - an 8 thousand square meter recortan-covered athletic field with IAAF 2 international certification was built, which includes a grassy football field. In addition, an artificial turf football field and two acrylic hard-covered tennis courts were also completed by Debrecen-based Globál Sport Kft. A multifunctional sports hall with a mobile stand for 1500 people has been completed, which can be used for handball, basketball and volleyball, gymnastics as well as competition functions, a multifunctional hall with a 200-cars underground garage with motorcycle storage and electric chargers for cars, and a 700 square meter size gym room. There is Javelin thrower by József Antal (1955 aluminum statue, relocated) - 2-4. Csörsz Street, Hegyalja Road, Németvölgy neighbourhood, 12th district of Budapest .",2272,1704,1400,1050,ca7566f3d97fa9ef0ff862025c709e784b49e1f7ae8852e788f6b9e6c49ddebd,d6fa813d74ae824a,43.836
luxury_motivation,178,rooftop,visual-harvest-400/luxury_motivation/178_rooftop_brooklyn-bridge-from-60-water.jpg,File:Brooklyn Bridge from 60 water.jpg,https://commons.wikimedia.org/wiki/File:Brooklyn_Bridge_from_60_water.jpg,https://upload.wikimedia.org/wikipedia/commons/thumb/0/0d/Brooklyn_Bridge_from_60_water.jpg/1920px-Brooklyn_Bridge_from_60_water.jpg,ThibautRe,CC BY-SA 4.0,https://creativecommons.org/licenses/by-sa/4.0,"The Brooklyn Bridge seen from the rooftop terrasse of 60 Water Street, at sunset in August 2022",7474,5113,1400,957,ca4a570d1ae3c5eb8f472ab856f7eaae13eee2f920b073125418db87a8b29529,ac8f931233fc4768,48.455
luxury_motivation,179,rooftop,visual-harvest-400/luxury_motivation/179_rooftop_view-with-christmas-lights-2025-salling-rooftop-aarhus-denmark-04.jpg,File:View with Christmas lights 2025 Salling Rooftop Aarhus Denmark 04.jpg,https://commons.wikimedia.org/wiki/File:View_with_Christmas_lights_2025_Salling_Rooftop_Aarhus_Denmark_04.jpg,https://upload.wikimedia.org/wikipedia/commons/thumb/a/a3/View_with_Christmas_lights_2025_Salling_Rooftop_Aarhus_Denmark_04.jpg/1920px-View_with_Christmas_lights_2025_Salling_Rooftop_Aarhus_Denmark_04.jpg,Ciara Ní Riain,CC BY-SA 4.0,https://creativecommons.org/licenses/by-sa/4.0,"Aerial view of Aarhus mid-city seen from Salling Rooftop before Christmas. White Christmas lights deck the walkways and trees. The late afternoon sky, after sunset, is dark blue. Illuminated landmarks visible: Domkirken (Aarhus cathedral), its two clock faces shining bright with light; and the skyline of Aarhus Ø (docklands). Photo December 2025 ©Ciara Ní Riain",3993,2247,1400,788,d476aeeac090cb3bc56ee250414ea398754e57960ea0553a9fef69498866c91b,e05d9ce453f42bc2,34.622
luxury_motivation,180,rooftop,visual-harvest-400/luxury_motivation/180_rooftop_tr-kontorhus-sydhavn-the-tr-office-block-aarhus-southern-harbour-denma.jpg,File:Træ kontorhus Sydhavn The Træ office block Aarhus Southern Harbour Denmark 02.jpg,https://commons.wikimedia.org/wiki/File:Tr%C3%A6_kontorhus_Sydhavn_The_Tr%C3%A6_office_block_Aarhus_Southern_Harbour_Denmark_02.jpg,https://upload.wikimedia.org/wikipedia/commons/thumb/9/9f/Tr%C3%A6_kontorhus_Sydhavn_The_Tr%C3%A6_office_block_Aarhus_Southern_Harbour_Denmark_02.jpg/1920px-Tr%C3%A6_kontorhus_Sydhavn_The_Tr%C3%A6_office_block_Aarhus_Southern_Harbour_Denmark_02.jpg,Ciara Ní Riain,CC BY-SA 4.0,https://creativecommons.org/licenses/by-sa/4.0,"Seen from Salling Rooftop 30 metres above the city, the view across mid-city rooftops at sunset towards Træ, a new office block by Jægergårdsgade and Kalkværksvej at Sydhavnen - the Southern Harbour quarter, Aarhus, Denmark. Cranes and neighbouring skyscrapers flank it. It is 20 storeys and 78 metres high. At the time of construction: Denmark's tallest wooden building. Concrete and glass are also used and lots of the material is reused or recycled. It is quite narrow and cylindrical. The cladding is very striking, sort of tiled or patchworked, brown and black areas dotted with reflective silver patches that snake down the façade almost like lightning, catching the setting sunlight. The late afternoon sky is blue with wispy clouds and streaks of sunset orange and pink. Photo January 2025, ©Ciara Ní Riain",4080,2296,1400,788,defe3b448f81a777b8662c6acf39acdae0789e522a0648de1cb0ac354a62394d,a4bc5353bce64c1c,47.19
luxury_motivation,181,rooftop,visual-harvest-400/luxury_motivation/181_rooftop_domkirke-cathedral-spire-and-view-of-aarhus-seen-from-salling-rooftop-.jpg,File:Domkirke cathedral spire and view of Aarhus seen from Salling rooftop 01.jpg,https://commons.wikimedia.org/wiki/File:Domkirke_cathedral_spire_and_view_of_Aarhus_seen_from_Salling_rooftop_01.jpg,https://upload.wikimedia.org/wikipedia/commons/thumb/b/b4/Domkirke_cathedral_spire_and_view_of_Aarhus_seen_from_Salling_rooftop_01.jpg/1920px-Domkirke_cathedral_spire_and_view_of_Aarhus_seen_from_Salling_rooftop_01.jpg,Ciara Ní Riain,CC BY-SA 4.0,https://creativecommons.org/licenses/by-sa/4.0,"Winter sunset view from Salling Rooftop across Aarhus city roofs, the Domkirke cathedral spire, Aarhus Ø docklands and the harbour and bay. The sky is pink and blue. The scene is framed by tall stems of grass growing in planters on the rooftop. Photo January 2025 © Ciara Ní Riain",4080,2296,1400,788,1461cd192395840697e68b2b042737207c2d6ec458df491c18e0dda912b175eb,9cd17b470235ccd3,46.381
luxury_motivation,182,rooftop,visual-harvest-400/luxury_motivation/182_rooftop_tr-kontorhus-sydhavn-the-tr-office-block-aarhus-southern-harbour-denma.jpg,File:Træ kontorhus Sydhavn The Træ office block Aarhus Southern Harbour Denmark 01.jpg,https://commons.wikimedia.org/wiki/File:Tr%C3%A6_kontorhus_Sydhavn_The_Tr%C3%A6_office_block_Aarhus_Southern_Harbour_Denmark_01.jpg,https://upload.wikimedia.org/wikipedia/commons/thumb/2/24/Tr%C3%A6_kontorhus_Sydhavn_The_Tr%C3%A6_office_block_Aarhus_Southern_Harbour_Denmark_01.jpg/1920px-Tr%C3%A6_kontorhus_Sydhavn_The_Tr%C3%A6_office_block_Aarhus_Southern_Harbour_Denmark_01.jpg,Ciara Ní Riain,CC BY-SA 4.0,https://creativecommons.org/licenses/by-sa/4.0,"Seen from Salling Rooftop 30 metres above the city, the view across mid-city rooftops at sunset towards Træ, a new office block by Jægergårdsgade and Kalkværksvej at Sydhavnen - the Southern Harbour quarter, Aarhus, Denmark. Cranes and neighbouring skyscrapers flank it. It is 20 storeys and 78 metres high. At the time of construction: Denmark's tallest wooden building. Concrete and glass are also used and lots of the material is reused or recycled. It is quite narrow and cylindrical. The cladding is very striking, sort of tiled or patchworked, brown and black areas dotted with reflective silver patches that snake down the façade almost like lightning, catching the setting sunlight. The late afternoon sky is blue with wispy clouds and streaks of sunset orange and pink. Photo January 2025, ©Ciara Ní Riain",4080,2296,1400,788,f9b9d35bf30e2750ae818f0754b0517aa95bd1077312e4e013afb33038c808fe,a99c567de94c9382,46.355
luxury_motivation,183,rooftop,visual-harvest-400/luxury_motivation/183_rooftop_view-with-christmas-lights-2025-salling-rooftop-aarhus-denmark-02.jpg,File:View with Christmas lights 2025 Salling Rooftop Aarhus Denmark 02.jpg,https://commons.wikimedia.org/wiki/File:View_with_Christmas_lights_2025_Salling_Rooftop_Aarhus_Denmark_02.jpg,https://upload.wikimedia.org/wikipedia/commons/thumb/c/c1/View_with_Christmas_lights_2025_Salling_Rooftop_Aarhus_Denmark_02.jpg/1920px-View_with_Christmas_lights_2025_Salling_Rooftop_Aarhus_Denmark_02.jpg,Ciara Ní Riain,CC BY-SA 4.0,https://creativecommons.org/licenses/by-sa/4.0,"Aerial view of Aarhus mid-city seen from Salling Rooftop before Christmas. White Christmas lights deck the walkways and trees. The late afternoon sky, after sunset, is dark blue. The view is towards the harbour. Photo December 2025 ©Ciara Ní Riain",4080,2296,1400,788,6391cbff58aba4d6ecf07d63ffa9057c18c5adaa383ce53b33f415e2f716613a,92a54f7cf1064f98,30.722
luxury_motivation,184,yacht-deck,visual-harvest-400/luxury_motivation/184_yacht-deck_luxury-motor-yacht-sequel-p-5967930378.jpg,File:Luxury Motor Yacht Sequel P (5967930378).jpg,https://commons.wikimedia.org/wiki/File:Luxury_Motor_Yacht_Sequel_P_(5967930378).jpg,https://upload.wikimedia.org/wikipedia/commons/thumb/4/45/Luxury_Motor_Yacht_Sequel_P_%285967930378%29.jpg/1920px-Luxury_Motor_Yacht_Sequel_P_%285967930378%29.jpg,"Alex Proimos from Sydney, Australia",CC BY 2.0,https://creativecommons.org/licenses/by/2.0,"Luxury Motor Yacht Sequel P was built in 2009 by Turkey’s largest shipyard, Proteksan Turquoise. This striking vessel features exterior styling by Dubois Naval Architects and interior design by London-based studio H2 Yacht Design. Sequel P’s elegant blue steel hull measures 54.7 metres and has a slender beam of 9.3 metres. This luxury vessel was launched just two years after her keel was laid in 2007, and was the third yacht to come from the Proteksan Turquoise in 12 months, following the launch of motor yachts Leo Fun and Vinydrea. The superbly crafted exterior of Sequel P is balanced with a beautiful and contemporary interior. H2 Yacht Design, with their vast library of fabrics, finishes and fittings were able to meet the wishes of Sequel P’s owners, achieving a distinctive and stylish design featuring clean, modern lines and geometric shapes with sophisticated detailing. Sequel P’s four decks offer plenty of outside space including spacious sun pads, Jacuzzi and semi-circular sofa aft deck. She has a full gymnasium and no shortage of water toys and tenders, including a 10.8 metre Intrepid, two kayaks and jet ski. Sistership to the 54 metre motor yacht Talisman C, this sleek vessel has a maximum speed of 16 knots, with a transatlantic range of 4,500 miles at 12 knots from her twin Caterpillar engines. Rental : Weekly Low $350,000 Weekly High $378,000",4167,2778,1400,933,3934b73eede87b3962767be62e86d0b5809382a91d8801338f4611f07823f52f,97c0ed3d903a6b85,35.501
luxury_motivation,185,yacht-deck,visual-harvest-400/luxury_motivation/185_yacht-deck_the-royal-clipper-at-sea-with-sails-unfurled-47220706381.jpg,File:The Royal Clipper at Sea with Sails Unfurled - 47220706381.jpg,https://commons.wikimedia.org/wiki/File:The_Royal_Clipper_at_Sea_with_Sails_Unfurled_-_47220706381.jpg,https://upload.wikimedia.org/wikipedia/commons/thumb/8/86/The_Royal_Clipper_at_Sea_with_Sails_Unfurled_-_47220706381.jpg/1920px-The_Royal_Clipper_at_Sea_with_Sails_Unfurled_-_47220706381.jpg,Corvair Owner,CC BY-SA 2.0,https://creativecommons.org/licenses/by-sa/2.0,"The Royal Clipper at sea off the southeast coast of Italy, with all 42 sails unfurled. From the Star Clippers website: Inspired by the tall ship Preussen, the Royal Clipper has the proud distinction of being the largest and only five-masted full-rigged sailing ship built since her predecessor was launched at the beginning of the last century. With her complement of 42 sails, Royal Clipper is a splendid sight to behold. You might think she was an apparition from the grand age of sail, but Royal Clipper is as new as tomorrow, boasting state-of-the-art navigation systems and every comfort and luxury one could wish for. For connoisseurs of sail cruising, the 439 foot Royal Clipper offers the ultimate sea-going experience, balancing the grandeur, adventure and tradition of sailing with the superb service, amenities and accommodations of the finest modern yacht. Royal Clipper carries just 227 guests in luxurious style. A full 19,000 square feet of open deck and three swimming pools create a wonderfully spacious and expansive outdoor environment.",3712,5568,933,1400,cacefb94b7bf2452d66e1114666197c13f7c10b9494c474ba52154587ddb80a7,837c381ce31cc7d9,44.951
luxury_motivation,186,yacht-deck,visual-harvest-400/luxury_motivation/186_yacht-deck_the-royal-clipper-at-sea-with-sails-unfurled-32278571137.jpg,File:The Royal Clipper at Sea with Sails Unfurled - 32278571137.jpg,https://commons.wikimedia.org/wiki/File:The_Royal_Clipper_at_Sea_with_Sails_Unfurled_-_32278571137.jpg,https://upload.wikimedia.org/wikipedia/commons/thumb/2/26/The_Royal_Clipper_at_Sea_with_Sails_Unfurled_-_32278571137.jpg/1920px-The_Royal_Clipper_at_Sea_with_Sails_Unfurled_-_32278571137.jpg,Corvair Owner,CC BY-SA 2.0,https://creativecommons.org/licenses/by-sa/2.0,"Sails of the Royal Clipper, as seen from the tender dock. The Royal Clipper at sea off the southeast coast of Italy, with all 42 sails unfurled. From the Star Clippers website: Inspired by the tall ship Preussen, the Royal Clipper has the proud distinction of being the largest and only five-masted full-rigged sailing ship built since her predecessor was launched at the beginning of the last century. With her complement of 42 sails, Royal Clipper is a splendid sight to behold. You might think she was an apparition from the grand age of sail, but Royal Clipper is as new as tomorrow, boasting state-of-the-art navigation systems and every comfort and luxury one could wish for. For connoisseurs of sail cruising, the 439 foot Royal Clipper offers the ultimate sea-going experience, balancing the grandeur, adventure and tradition of sailing with the superb service, amenities and accommodations of the finest modern yacht. Royal Clipper carries just 227 guests in luxurious style. A full 19,000 square feet of open deck and three swimming pools create a wonderfully spacious and expansive outdoor environment.",5568,3712,1400,933,91b5d6246c59906ec154142d02ec0fa1f2606c7b247aa553a39d38dcf80db9ca,c14753a89f819a77,31.685
luxury_motivation,187,yacht-deck,visual-harvest-400/luxury_motivation/187_yacht-deck_reverie-at-barcelona-imo-8975067-2928133024.jpg,File:Reverie at Barcelona - IMO 8975067 (2928133024).jpg,https://commons.wikimedia.org/wiki/File:Reverie_at_Barcelona_-_IMO_8975067_(2928133024).jpg,https://upload.wikimedia.org/wikipedia/commons/thumb/5/5c/Reverie_at_Barcelona_-_IMO_8975067_%282928133024%29.jpg/1920px-Reverie_at_Barcelona_-_IMO_8975067_%282928133024%29.jpg,"Andy Mitchell from Glasgow, UK",CC BY-SA 2.0,https://creativecommons.org/licenses/by-sa/2.0,"Luxury motor yacht ‘Reverie’ is one of the largest yachts built in Italy. Built by Benetti, she is 70m long with a 12,5m beam, has main seven decks and offers almost every conceivable luxury. Reverie is a very impressive, exclusive and unique charter yacht which cruises both the Mediterranean and Caribbean.",3072,2304,1400,1050,c547206d8d5730988c8fe8a9af8d7549a17dd70afef1c8619a1bf6a2c04503dc,ad988e43713cbe0b,49.576
luxury_motivation,188,yacht-deck,visual-harvest-400/luxury_motivation/188_yacht-deck_luxury-yacht-senses-2.jpg,File:Luxury yacht Senses 2.JPG,https://commons.wikimedia.org/wiki/File:Luxury_yacht_Senses_2.JPG,https://upload.wikimedia.org/wikipedia/commons/thumb/f/f0/Luxury_yacht_Senses_2.JPG/1920px-Luxury_yacht_Senses_2.JPG,MKFI,Public domain,,Luxury yacht Senses in Helsinki South Harbour. AgustaWestland AW119 helicopter ZK-ISR on the stern helipad.,3648,2736,1400,1050,55118d3134c12eee8b356ea402eab86c3eb0d6cd439bc6f226b60a6b33c181d5,89f1e60e1861c3fe,44.795
luxury_motivation,189,yacht-deck,visual-harvest-400/luxury_motivation/189_yacht-deck_the-royal-clipper-at-sea-with-sails-unfurled-32278567697.jpg,File:The Royal Clipper at Sea with Sails Unfurled - 32278567697.jpg,https://commons.wikimedia.org/wiki/File:The_Royal_Clipper_at_Sea_with_Sails_Unfurled_-_32278567697.jpg,https://upload.wikimedia.org/wikipedia/commons/thumb/0/08/The_Royal_Clipper_at_Sea_with_Sails_Unfurled_-_32278567697.jpg/1920px-The_Royal_Clipper_at_Sea_with_Sails_Unfurled_-_32278567697.jpg,Corvair Owner,CC BY-SA 2.0,https://creativecommons.org/licenses/by-sa/2.0,"Rear view of the Royal Clipper at sea off the southeast coast of Italy, with all 42 sails unfurled. From the Star Clippers website: Inspired by the tall ship Preussen, the Royal Clipper has the proud distinction of being the largest and only five-masted full-rigged sailing ship built since her predecessor was launched at the beginning of the last century. With her complement of 42 sails, Royal Clipper is a splendid sight to behold. You might think she was an apparition from the grand age of sail, but Royal Clipper is as new as tomorrow, boasting state-of-the-art navigation systems and every comfort and luxury one could wish for. For connoisseurs of sail cruising, the 439 foot Royal Clipper offers the ultimate sea-going experience, balancing the grandeur, adventure and tradition of sailing with the superb service, amenities and accommodations of the finest modern yacht. Royal Clipper carries just 227 guests in luxurious style. A full 19,000 square feet of open deck and three swimming pools create a wonderfully spacious and expansive outdoor environment.",3712,5568,933,1400,763dcead5dfd5e42467a7cb79d2cdbfa796e3ac986f0c190920ae5300e3f8fb2,a49a61e71e699e61,38.1
luxury_motivation,190,skyscraper,visual-harvest-400/luxury_motivation/190_skyscraper_yekaterinburg-at-night-february-2023-6.jpg,File:Yekaterinburg at night (February 2023) - 6.jpg,https://commons.wikimedia.org/wiki/File:Yekaterinburg_at_night_(February_2023)_-_6.jpg,https://upload.wikimedia.org/wikipedia/commons/thumb/1/1d/Yekaterinburg_at_night_%28February_2023%29_-_6.jpg/1920px-Yekaterinburg_at_night_%28February_2023%29_-_6.jpg,Vyacheslav Bukharov,CC BY-SA 4.0,https://creativecommons.org/licenses/by-sa/4.0,Вечерний Екатеринбург: вид на плотину и Исторический сквер,5472,3078,1400,788,1db753fc26cb9d1a948b784cbcca0eeb1ec903b81709e11435768e12bb2f57b6,c7314c97a95ef026,43.027
luxury_motivation,191,skyscraper,visual-harvest-400/luxury_motivation/191_skyscraper_night-in-yekaterinburg-january-2023-25.jpg,File:Night in Yekaterinburg (January 2023) - 25.jpg,https://commons.wikimedia.org/wiki/File:Night_in_Yekaterinburg_(January_2023)_-_25.jpg,https://upload.wikimedia.org/wikipedia/commons/thumb/0/05/Night_in_Yekaterinburg_%28January_2023%29_-_25.jpg/1920px-Night_in_Yekaterinburg_%28January_2023%29_-_25.jpg,Vyacheslav Buharov,CC BY-SA 2.0,https://creativecommons.org/licenses/by-sa/2.0,Вечерний Екатеринбург с высоты. Городской пруд.,5270,2964,1400,788,d211710661792386a462d157d035d634e6919be028be1745752406c174c3b617,e4815b186e6457fa,42.44
luxury_motivation,192,skyscraper,visual-harvest-400/luxury_motivation/192_skyscraper_1-singapore-skyline-night-panorama-2011.jpg,File:1 singapore skyline night panorama 2011.jpg,https://commons.wikimedia.org/wiki/File:1_singapore_skyline_night_panorama_2011.jpg,https://upload.wikimedia.org/wikipedia/commons/thumb/2/2a/1_singapore_skyline_night_panorama_2011.jpg/1920px-1_singapore_skyline_night_panorama_2011.jpg,chensiyuan,CC BY-SA 4.0,https://creativecommons.org/licenses/by-sa/4.0,boat quay Singapore skyline cbd marina bay sands clarke quay esplanade floating platform city hall supreme court 2011,4997,2362,1400,662,d4960be87c5aac6122e910d5599b90f761777f7e7fd3df4b98fc0749b3bb83f0,d21d66d91702e9ce,27.16
luxury_motivation,193,fine-dining,visual-harvest-400/luxury_motivation/193_fine-dining_dining-district-al-ghurair-center-1-flickr-abubakr-saeed.jpg,"File:Dining District, Al Ghurair Center ^1 - Flickr - Abubakr Saeed.jpg","https://commons.wikimedia.org/wiki/File:Dining_District,_Al_Ghurair_Center_%5E1_-_Flickr_-_Abubakr_Saeed.jpg",https://upload.wikimedia.org/wikipedia/commons/thumb/d/d7/Dining_District%2C_Al_Ghurair_Center_%5E1_-_Flickr_-_Abubakr_Saeed.jpg/1920px-Dining_District%2C_Al_Ghurair_Center_%5E1_-_Flickr_-_Abubakr_Saeed.jpg,Abubakr Saeed,CC BY 2.0,https://creativecommons.org/licenses/by/2.0,"Whether it's craving for a quick bite or a leisurely meal, Al Ghurair Centre serves up a choice of concepts across its dining district. You can enjoy a wide variety of global cuisines including Indian, Arabic, Oriental, European, American, South African and more. From healthy dishes to heart-warming cuisine, all restaurants at Al Ghurair Centre cater to the needs of their customers. Cafes and restaurants are open from 10 AM until late. About Al Ghurair Center: Built on an empty plot of land in 1981, Al Ghurair Centre was the first modern shopping mall project of its kind in the Middle East. Within no time, it rose in prominence much like the city of Dubai, setting new standards for retail along the way. In 2013, Al Ghurair Centre underwent an expansion to deliver a better and unique experience. The addition of 150 new stores was complemented by a world-class family entertainment centre, premium & popular dining concepts, an additional 60,000 square feet of office space, a serviced-apartment complex, a 5-star hotel and many other attractions. At Al Ghurair Centre, life plays out in new and amazing ways with a fine medley of shopping, dining, entertainment and a lot more. Discover why Al Ghurair Centre is one of Dubai's must-see destinations.",5520,3553,1400,901,24910b206e7ee1f536059d8c867ee17039a687b73a27109fd899abaff466019e,c8ece83bda4a1553,47.823
luxury_motivation,194,fine-dining,visual-harvest-400/luxury_motivation/194_fine-dining_2022-maastricht-ch-teau-neercanne-04.jpg,"File:2022 Maastricht, Château Neercanne (04).jpg","https://commons.wikimedia.org/wiki/File:2022_Maastricht,_Ch%C3%A2teau_Neercanne_(04).jpg",https://upload.wikimedia.org/wikipedia/commons/thumb/0/00/2022_Maastricht%2C_Ch%C3%A2teau_Neercanne_%2804%29.jpg/1920px-2022_Maastricht%2C_Ch%C3%A2teau_Neercanne_%2804%29.jpg,Kleon3,CC BY-SA 4.0,https://creativecommons.org/licenses/by-sa/4.0,"Portret van baron Van Dopff in het trappenhuis van Kasteel Neercanne, een 17e-eeuwse terrassenkasteel Neercanne in Maastricht. Daniël Wolff, baron van Dopff, was militair gouverneur van Maastricht en bouwheer-bewoner van kasteel Neercanne. Het betreft waarschijnlijk een kopie van een postuum geschilderd portret door Johann Valentin Tischbein, dat zich in de collectie van Schloss Fasanerie in Fulda bevindt.",2620,3526,1040,1400,3ce7e9934bdfd98fb597cf8982b8c8c20739dc08266e3eb6f37c8c7ad02d7db2,acef937c87929188,34.866
luxury_motivation,195,fine-dining,visual-harvest-400/luxury_motivation/195_fine-dining_2-54368068879.jpg,File:嘔吐 罰金 2万円 (54368068879).jpg,https://commons.wikimedia.org/wiki/File:%E5%98%94%E5%90%90_%E7%BD%B0%E9%87%91_2%E4%B8%87%E5%86%86_(54368068879).jpg,https://upload.wikimedia.org/wikipedia/commons/thumb/d/d2/%E5%98%94%E5%90%90_%E7%BD%B0%E9%87%91_2%E4%B8%87%E5%86%86_%2854368068879%29.jpg/1920px-%E5%98%94%E5%90%90_%E7%BD%B0%E9%87%91_2%E4%B8%87%E5%86%86_%2854368068879%29.jpg,"Dale Cruse from San Francisco, CA, USA",CC BY 2.0,https://creativecommons.org/licenses/by/2.0,"This eye-catching scene from a Shogun Burger location in Japan features a bold black-and-white sign that mixes strict policy enforcement with a touch of unintentional humor, creating a uniquely memorable urban moment. Set against a backdrop of warm wooden slats and polished concrete, the prominently displayed “CAUT!ON” sign delivers clear warnings to customers and passersby alike—underscoring the establishment’s firm stance on maintaining order and cleanliness. The sign warns that unauthorized use of the terrace or vomiting will result in a 20,000 yen fine, delivering its message with blunt clarity. The slightly off grammar—""vomiting will results""—adds a layer of accidental charm, turning a stern notice into something both intriguing and amusing to international visitors. The final line, “No public restroom,” completes the list of rules, emphasizing the functional and no-nonsense tone of the restaurant's policy. Architecturally, the use of glass walls and wooden seating reflects a modern yet approachable design—clean, practical, and built for high-traffic customer turnover. The setting captures a contemporary urban eatery aesthetic that is common in Japan’s compact dining culture: open visibility, shared benches, and tightly optimized floor plans. Whether you’re a design enthusiast, typography lover, or urban culture photographer, this moment outside Shogun Burger is a compelling example of how visual signage, interior architecture, and human behavior intersect in everyday life. It reflects both the strict etiquette and the quirky individuality that often coexist in Japanese public spaces—making it a perfect snapshot of the country’s fascinating blend of order, design, and humor.",2257,4013,787,1400,4bd030796fd596f5bf7693c78526dd4d6df79dbdc0003d244a378103bb0e8ce3,b4fcc9498c3496f2,45.667
luxury_motivation,196,fine-dining,visual-harvest-400/luxury_motivation/196_fine-dining_restaurant-tangaro.jpg,File:Restaurant Tangaro.JPG,https://commons.wikimedia.org/wiki/File:Restaurant_Tangaro.JPG,https://upload.wikimedia.org/wikipedia/commons/thumb/8/89/Restaurant_Tangaro.JPG/1920px-Restaurant_Tangaro.JPG,Wikitan2012,CC BY-SA 3.0,https://creativecommons.org/licenses/by-sa/3.0,Le Dining Room du Tangaro éclairé aux chandelles,3840,2880,1400,1050,a330ee1c426c2d50431013b51296d502d6257bcfea674dde22087bcf48676b1f,99b3095db29d6658,38.499
luxury_motivation,197,fine-dining,visual-harvest-400/luxury_motivation/197_fine-dining_covered-wagon-dpla-959870f8b56d9cf78108e5348d2b9995.jpg,File:Covered Wagon - DPLA - 959870f8b56d9cf78108e5348d2b9995.jpg,https://commons.wikimedia.org/wiki/File:Covered_Wagon_-_DPLA_-_959870f8b56d9cf78108e5348d2b9995.jpg,https://upload.wikimedia.org/wikipedia/commons/thumb/5/59/Covered_Wagon_-_DPLA_-_959870f8b56d9cf78108e5348d2b9995.jpg/1920px-Covered_Wagon_-_DPLA_-_959870f8b56d9cf78108e5348d2b9995.jpg,See Wikimedia Commons page,Public domain,,"Printed on front: The Covered Wagon, 114 South 4th Street, Minneapolis, Minnesota. One of America's Most Unique Cafes, Dancing - Fine Foods and Liquors, Comfortable Booths and Dining Rooms, Join the Camp Fire Singing School. Printed on back: The Covered Wagon, Inc. 114 South 4th Street, Minneapolis, Minn. ""Home of Properly Aged Sizzling Steaks"" Exterior; Interior",2174,2784,1093,1400,280ee01fc68f6c38c9e5ff2f4d2788f4e7ef19ebb9e1c2e30efeeeca85f84630,be20e1f5f3630c98,51.305
luxury_motivation,198,fine-dining,visual-harvest-400/luxury_motivation/198_fine-dining_sleeping-limited-express-twilight-express-dining-car-20050831.jpg,File:Sleeping Limited Express Twilight Express dining car 20050831.jpg,https://commons.wikimedia.org/wiki/File:Sleeping_Limited_Express_Twilight_Express_dining_car_20050831.jpg,https://upload.wikimedia.org/wikipedia/commons/thumb/e/ee/Sleeping_Limited_Express_Twilight_Express_dining_car_20050831.jpg/1920px-Sleeping_Limited_Express_Twilight_Express_dining_car_20050831.jpg,Fe-Taq,Public domain,,トワイライトエクスプレス の食堂車 「ダイナープレヤデス」,2592,1944,1400,1050,6f0070e763d4090794d875026b14dc1ccf3900ad7173aab4b0c5ff30075ca9f4,e7c418b9e1c6f02b,47.711
luxury_motivation,199,tailoring,visual-harvest-400/luxury_motivation/199_tailoring_stephen-williams-faun-ard-che-classic-2024-val-d-enfer.jpg,File:Stephen Williams - Faun-Ardèche Classic 2024 - Val d'Enfer.jpg,https://commons.wikimedia.org/wiki/File:Stephen_Williams_-_Faun-Ard%C3%A8che_Classic_2024_-_Val_d%27Enfer.jpg,https://upload.wikimedia.org/wikipedia/commons/thumb/b/b1/Stephen_Williams_-_Faun-Ard%C3%A8che_Classic_2024_-_Val_d%27Enfer.jpg/1920px-Stephen_Williams_-_Faun-Ard%C3%A8che_Classic_2024_-_Val_d%27Enfer.jpg,Kakoula10,CC BY-SA 4.0,https://creativecommons.org/licenses/by-sa/4.0,Stephen Williams à la Faun-Ardèche Classic 2024.,3000,2250,1400,1050,899da3c6ae94e1c03e9d9453870569d7c3acda8c6c6575e70eaa8af2f35ea185,a3a2cc5cbe1b9159,46.409
luxury_motivation,200,tailoring,visual-harvest-400/luxury_motivation/200_tailoring_stephen-williams-henry-mcneill-improvement-in-washing-machines-dpla-c4.jpg,File:Stephen Williams & Henry McNeill Improvement in Washing Machines - DPLA - c42f79611986321072154f9ab0aa362b (page 1).jpg,https://commons.wikimedia.org/wiki/File:Stephen_Williams_%26_Henry_McNeill_Improvement_in_Washing_Machines_-_DPLA_-_c42f79611986321072154f9ab0aa362b_(page_1).jpg,https://upload.wikimedia.org/wikipedia/commons/thumb/5/5a/Stephen_Williams_%26_Henry_McNeill_Improvement_in_Washing_Machines_-_DPLA_-_c42f79611986321072154f9ab0aa362b_%28page_1%29.jpg/1920px-Stephen_Williams_%26_Henry_McNeill_Improvement_in_Washing_Machines_-_DPLA_-_c42f79611986321072154f9ab0aa362b_%28page_1%29.jpg,Department of the Interior. Patent Office. (1849 - 1925),Public domain,,Stephen Williams & Henry McNeill Improvement in Washing Machines,3521,4856,1015,1400,df9c1eb0455a1f9346244b95ef9941770cb5691ec5e69013242ac8ccb2a99719,fba287ac9a9cb881,21.414
stylized_3d,1,architecture,visual-harvest-400/stylized_3d/001_architecture_hospital-design-front-facade.jpg,File:Hospital design front facade.jpg,https://commons.wikimedia.org/wiki/File:Hospital_design_front_facade.jpg,https://upload.wikimedia.org/wikipedia/commons/thumb/1/12/Hospital_design_front_facade.jpg/1920px-Hospital_design_front_facade.jpg,Muhyuddin,CC BY-SA 4.0,https://creativecommons.org/licenses/by-sa/4.0,"CAD,SketchUp,BIM,Revit,ArchiCAD,Allplan,visualization,rendering,fast,architecture,Lumion,fast architectural rendering,Lumion 8,3D Render,3D Visualization,Animation,Modern House,Minimalist Design,Contemporary,Modern Architecture,3D Animation,House,Render,Modern,Architecture,Speed build,Lumion 8 Pro,Lum... lumion,lumion 8,lumion student,lumion skin,lumion tutorial,lumion 8.3,lumion vr,lumion pro,lumion for mac,lumion download,lumion animation,lumion architecture,lumion animation tutorial,lumion and revit,architecture animation,architecture animation software,architecture animation music,architecture animation course,architecture animation tutorial,architecture animation background music,presentation Product information,CAD,SketchUp,BIM,Revit,ArchiCAD,Allplan,visualization,rendering,easy,fast,software,architecture,Lumion,free student version,3d,fast 3d rendering,3d rendering software,rhino,revit,sketchup,Requirements,reccomended hardware,GPU,System specifications lumion 8 secrets,lumion benchmark,lumion 8 benchmark,nvidia nsetting,NVIDIA,lumion,lumion 8,lumion 8 pro,lumion 7,lumion 7.0,lumion 6,lumion crack,lumion setting,lumion 8 setting,lumion 4.5 setting,nvidia setting,render setting,lumion render setting,Sketchup Modeling,Lumion Render,sketchup tutorials,sketchup 3d,sketchup modeling,sketchup design,sketchup for more www.facebook.com/editedart behance/muhyuddin editedart.blogspot.com",3840,2160,1400,788,ee26f20fbf92cdd9cfa4365cbd4d4d55bd0625d44f43a17fd3929689020ad0cb,fbe1e0f0d9f20303,44.775
stylized_3d,2,character,visual-harvest-400/stylized_3d/002_character_one-ring-blender-render.jpg,File:One Ring Blender Render.png,https://commons.wikimedia.org/wiki/File:One_Ring_Blender_Render.png,https://upload.wikimedia.org/wikipedia/commons/thumb/d/d4/One_Ring_Blender_Render.png/1920px-One_Ring_Blender_Render.png,Peter J. Yost,CC BY-SA 4.0,https://creativecommons.org/licenses/by-sa/4.0,The One Ring made from scratch in Blender 3D software.,1945,1824,1400,1313,731fcc1faa70915f646e9259248d3a07c56cb673e123b60f55cd29588d5862e6,80d05eeb65b73616,53.307
stylized_3d,3,character,visual-harvest-400/stylized_3d/003_character_origami-animation-designed-on-apple-mac-pro-rendered-in-the-cloud.jpg,"File:Origami Animation Designed on Apple Mac Pro, Rendered in the Cloud.jpg","https://commons.wikimedia.org/wiki/File:Origami_Animation_Designed_on_Apple_Mac_Pro,_Rendered_in_the_Cloud.jpg",https://upload.wikimedia.org/wikipedia/commons/thumb/b/b3/Origami_Animation_Designed_on_Apple_Mac_Pro%2C_Rendered_in_the_Cloud.jpg/1920px-Origami_Animation_Designed_on_Apple_Mac_Pro%2C_Rendered_in_the_Cloud.jpg,Intel Free Press,CC BY 2.0,https://creativecommons.org/licenses/by/2.0,"In September, John McNeil Studio was asked to create an immersive, 3-D animation using origami art to illustrate how a laptop unleashes human creativity. J Walton, co-director of image and motion at McNeil, knew that their eight Mac Book Pros wouldn’t allow them to meet their two month deadline. “To make things move like it’s paper, to model characters in 3-D that look like they could’ve been made from paper and then have the whole thing come together in a way that’s natural and tells a story is a big challenge,” said Walton. “And it required lots of computer crunching power to render graphic images into motion.” Intel Free Press story: Cloud Computing Democratizes Digital Animation. Pay-as-you-go datacenter processing power creates opportunity for smaller business.",2957,1883,1400,892,6dc1cda6f66771e841380475b9f0fb516ff9e7c28fa58d80aa127f1ba4afa963,d56ad8d0d8d68e86,39.214
stylized_3d,4,character,visual-harvest-400/stylized_3d/004_character_daz3d-render-of-female-character.jpg,File:Daz3d render of female character.png,https://commons.wikimedia.org/wiki/File:Daz3d_render_of_female_character.png,https://upload.wikimedia.org/wikipedia/commons/thumb/1/1f/Daz3d_render_of_female_character.png/1920px-Daz3d_render_of_female_character.png,ElektraFlowers,CC BY-SA 4.0,https://creativecommons.org/licenses/by-sa/4.0,A 3d rendered image of a woman in a leather cloak and pants beckoning to the viewer.,2813,5000,788,1400,4575968a04f6e0483d155bf155792af589a8705f13ca3dcffc27e52f57f296c6,c68f39704ab1b1cb,31.933
stylized_3d,5,character,visual-harvest-400/stylized_3d/005_character_file-tadagani-inscription-view-1.jpg,File:File-Tadagani Inscription View 1.jpg,https://commons.wikimedia.org/wiki/File:File-Tadagani_Inscription_View_1.jpg,https://upload.wikimedia.org/wikipedia/commons/thumb/d/da/File-Tadagani_Inscription_View_1.jpg/1920px-File-Tadagani_Inscription_View_1.jpg,Bengaluru Inscriptions Digital Conservation Team,CC BY-SA 4.0,https://creativecommons.org/licenses/by-sa/4.0,"Photograph showing the 3D scanning of an inscription attributed to the Kadamba dynasty. This photo documents a member of the Mythic Society Bengaluru Inscriptions 3D Digital Conservation Team scanning the original stone inscription as part of a digitisation effort. The scanning was carried out during the seminar ""Early Kadambas and Their Times"" , held at the Mythic Society, Bengaluru, from March 22–24, 2025. The inscription is located at Tadagani village, on a stone east of the Râméśvara temple. It is engraved on a stone slab and written in the Kadamba Kannada script . It is dated to the Kadamba, 6th century and registers a grant made by the Kadamba king Madhuvarma of lands in the village Satomahila to Narayanasarman of the Gautama gotra . Character-by-character images of this inscription have also been documented and made available through the Akshara Bhandara platform — a tool for viewing and studying individual letterforms from stone inscriptions. Access Akshara Bhandara here: https://mythicsociety.github.io/AksharaBhandara/#/ This image is licensed under the Creative Commons Attribution-ShareAlike 4.0 International license (CC BY-SA 4.0). You are free to share and adapt the material with appropriate credit. More details: https://creativecommons.org/licenses/by-sa/4.0/",4624,3472,1400,1051,b0dd409cf277e98529f065b3d7d3a437e03fd9ca775aaf416d9d25c224637ac6,add8a1d24be5d40b,42.249
stylized_3d,6,character,visual-harvest-400/stylized_3d/006_character_wp-mouse-rel1-dachris.jpg,File:Wp mouse rel1(dachris).jpg,https://commons.wikimedia.org/wiki/File:Wp_mouse_rel1(dachris).jpg,https://upload.wikimedia.org/wikipedia/commons/thumb/8/8e/Wp_mouse_rel1%28dachris%29.jpg/1920px-Wp_mouse_rel1%28dachris%29.jpg,See Wikimedia Commons page,CC BY-SA 3.0,http://creativecommons.org/licenses/by-sa/3.0/,Wp mouse rel1(dachris),2048,1536,1400,1050,d926f9500750ef2ba9cb1d6f09a6cabb4010880307c6f6150a1820c34db946c5,b3cdcc3399664c31,29.186
stylized_3d,7,character,visual-harvest-400/stylized_3d/007_character_origami-animation-designed-on-apple-mac-pro-rendered-in-the-cloud-2.jpg,"File:Origami Animation Designed on Apple Mac Pro, Rendered in the Cloud (2).jpg","https://commons.wikimedia.org/wiki/File:Origami_Animation_Designed_on_Apple_Mac_Pro,_Rendered_in_the_Cloud_(2).jpg",https://upload.wikimedia.org/wikipedia/commons/thumb/0/00/Origami_Animation_Designed_on_Apple_Mac_Pro%2C_Rendered_in_the_Cloud_%282%29.jpg/1920px-Origami_Animation_Designed_on_Apple_Mac_Pro%2C_Rendered_in_the_Cloud_%282%29.jpg,Intel Free Press,CC BY 2.0,https://creativecommons.org/licenses/by/2.0,"In September, John McNeil Studio was asked to create an immersive, 3-D animation using origami art to illustrate how a laptop unleashes human creativity. J Walton, co-director of image and motion at McNeil, knew that their eight Mac Book Pros wouldn’t allow them to meet their two month deadline. “To make things move like it’s paper, to model characters in 3-D that look like they could’ve been made from paper and then have the whole thing come together in a way that’s natural and tells a story is a big challenge,” said Walton. “And it required lots of computer crunching power to render graphic images into motion.” Intel Free Press story: Cloud Computing Democratizes Digital Animation. Pay-as-you-go datacenter processing power creates opportunity for smaller business.",2920,1513,1400,726,b67d88e278489b9b64c5175a70bc5adce9e9cbd0e8f6d2c29a2c95285e7a1bcf,96d1d936e9a85689,23.715
stylized_3d,8,character,visual-harvest-400/stylized_3d/008_character_file-tadagani-inscription-view-2.jpg,File:File-Tadagani Inscription View 2.jpg,https://commons.wikimedia.org/wiki/File:File-Tadagani_Inscription_View_2.jpg,https://upload.wikimedia.org/wikipedia/commons/thumb/4/4d/File-Tadagani_Inscription_View_2.jpg/1920px-File-Tadagani_Inscription_View_2.jpg,Bengaluru Inscriptions Digital Conservation Team,CC BY-SA 4.0,https://creativecommons.org/licenses/by-sa/4.0,"Photograph showing the 3D scanning of an inscription attributed to the Kadamba dynasty. This photo documents a member of the Mythic Society Bengaluru Inscriptions 3D Digital Conservation Team scanning the original stone inscription as part of a digitisation effort. The scanning was carried out during the seminar ""Early Kadambas and Their Times"" , held at the Mythic Society, Bengaluru, from March 22–24, 2025. The inscription is located at Tadagani village, on a stone east of the Râméśvara temple. It is engraved on a stone slab and written in the Kadamba Kannada script . It is dated to the Kadamba, 6th century and registers a grant made by the Kadamba king Madhuvarma of lands in the village Satomahila to Narayanasarman of the Gautama gotra . Character-by-character images of this inscription have also been documented and made available through the Akshara Bhandara platform — a tool for viewing and studying individual letterforms from stone inscriptions. Access Akshara Bhandara here: https://mythicsociety.github.io/AksharaBhandara/#/ This image is licensed under the Creative Commons Attribution-ShareAlike 4.0 International license (CC BY-SA 4.0). You are free to share and adapt the material with appropriate credit. More details: https://creativecommons.org/licenses/by-sa/4.0/",4624,3472,1400,1051,63a4e150d08060fa78006b1489d93740f2f2d1efcebc709f2fc91cd517a37447,e39a5a761927c4b4,40.804
stylized_3d,9,character,visual-harvest-400/stylized_3d/009_character_daz3d-render-of-male-character.jpg,File:Daz3d Render of male character.png,https://commons.wikimedia.org/wiki/File:Daz3d_Render_of_male_character.png,https://upload.wikimedia.org/wikipedia/commons/thumb/5/53/Daz3d_Render_of_male_character.png/1920px-Daz3d_Render_of_male_character.png,ElektraFlowers,CC BY-SA 4.0,https://creativecommons.org/licenses/by-sa/4.0,A 3D rendered image of a male character created in Daz3d. The man wears a red cloak with gold embroidery over black fitted pants and a shirt. He has long black hair.,2813,5000,788,1400,0a6399e7916878c0e0f38e6fb48816e65bc0b6b769e1ac93968f457308fbc70c,cc2733cc36de3498,24.878
stylized_3d,10,stylized,visual-harvest-400/stylized_3d/010_stylized_bust-findid-1013510-1120693.jpg,File:Bust (FindID 1013510-1120693).jpg,https://commons.wikimedia.org/wiki/File:Bust_(FindID_1013510-1120693).jpg,https://upload.wikimedia.org/wikipedia/commons/thumb/e/e8/Bust_%28FindID_1013510-1120693%29.jpg/1920px-Bust_%28FindID_1013510-1120693%29.jpg,"The Portable Antiquities Scheme, Amy Downes, 2020-11-01 16:12:02",CC BY 2.0,https://creativecommons.org/licenses/by/2.0,"An assemblage of four Roman objects dating to c.AD 43-410. The assemblage comprises: 1 x copper alloy plumb bob (finder 1) 1 x copper alloy horse and rider figurine (finder 1) 1 x copper alloy and iron horse head probable key handle (finder 2) 1 x copper alloy probable sceptre head in the form of a bust (finder 1) Plumb bob A complete copper-alloy plumb bob, conical and solid with a blunted tip. The flat top bears concentric circular grooves. Projecting from its centre is a neck (11.6mm diameter at its narrowest) with concave sides, topped with a domed fungiform terminal (25.9mm diameter) with a flat underside. A circular hole (4.4mm diameter) at least 21.5 mm deep pierces the centre of the top of the domed terminal. Another circular hole crosses transversally through its neck (3.3mm diameter). The holes likely relate to the object’s suspension. The plumb bob has a smooth green patina with no decoration or marks, apart from a few small patinated dimples. 72.7mm long, 40.9mm diameter. 282g. Finder 1. Horse and rider figurine An incomplete and worn solid copper-alloy figurine of a horse and rider, cast in one. The rider sits astride the horse. The rider’s head is ovate, the face having very worn but quite well-modelled features in the right proportions. A helmet is delineated by moulded lines, with a worn and damaged crest. The right arm extends sideways at shoulder height and turns up at the elbow, the thinning forearm being broken at the wrist. A spur of twisted metal extends from the break towards the head. The patina is missing, revealing brass. This would have held a now lost spear. The left arm extends forwards from the body of the rider just above waist height to the side of the horse’s head, also reducing in diameter below the elbow. It terminates in a globular upward projection, a likely attachment for another element, probably a shield. The rider wears a belted and sleeved(?) tunic, with paired brace-like vertical lines on the back and chest perhaps rendering some decoration of the garment. Wear may obscure further detail in the middle. Beneath the prominent waistband is a pleated kilt. The legs are thick and appear a little short compared to the body. There may be a trace of footwear on the right leg. The horse is modelled in considerable detail, although some has been lost to damage to the top of the head, including parts of the leaf-shaped recessed ears and mane. The mane is a raised crest, decorated with parallel incised lines. Unusually the disc-like eyes stand in relief proud of the face, perhaps indicating that the horse wore a chamfron with eye protectors. Details of the horse’s bridle are also modelled in high relief, including a nose band, head band, and strap behind the ears which joins the others and leads to a bit. The reins, laying on the neck, would have run across the space between the chin and chest to join the bit, but these elements are now missing. The breaks are patinated. Also moulded is the girth as well as straps round the forequarters and rump and under the tail. All three extend from the same place, just behind the rider's thigh. The straps carry phalerae (discs) on each shoulder and haunch. The saddle is represented as two short prongs or ‘horns’ behind the rider. The horse’s right foreleg is lifted and the left foreleg straight, as if the animal is stepping forward. Both front hooves are missing, but the breaks are patinated. There is also a deep crack across the knee of the horse's left foreleg. The back legs are both bent, as if the horse is moving at a canter. The right leg has a deep crack across the lower portion. Muscles and bone are visibly modelled and the hooves are delineated by an incised groove. Projecting from the base of the rear hoofs are rounded pegs or extensions, perhaps to slot into a base. The tail, damaged at the tip, hangs following the line of the back legs and carries longitudinal incisions to suggest the strands of hair. The figurine has a smooth grey green patina, rougher and lighter over the damaged areas. It is 73.7mm long, 30mm wide across the rider's shoulders, and 86.8mm high. 222g. Finder 1. Horse head key handle An incomplete solid copper alloy zoomorphic handle, in the form of a horse protome (forequarters). Iron corrosion covers the flat face where the horse is truncated at the shoulder, with the corroded remains of an iron shank about 5mm long and 7.5mm across. The head is modelled in some detail, in particular the mane, eye and nostrils. A groove runs down the centre of the mane, incised on either side to mark its strands. The eyes are pointed ovates, set slightly lopsidedly on either side of the head, above which are the ovate ears laid flat against the mane. The nostrils are formed of shallow ovals. Below them is a wide mouth with teeth perhaps bared, but not defined in the moulding. There is a flattened facet on the front of the lower part of the neck, perhaps post-depositional damage, but patinated. The two forelegs extend forward from the animal, perhaps giving the impression of the horse in motion at a canter, though this is also a common position of legs in these protome figures. The forelegs terminate in moulded hooves, with recent damage to the tip of one. The object has a smooth grey green patina. 52mm long, 17.7mm wide and 48mm high. 90g. Finder 2. Direct parallels are not yet known to us but and what survives of the shank suggests its square profile, as would be expected for a key and the handle has very close echoes of known zoomorphic key handle types. Some key handles represent horses in the form of a head emerging from a calyx (Artefacts CLE-4111). Others are in very similar animal protome form, including panthers and lions (Artefacts CLE-4054; CLE-4125). Sceptre head bust An incomplete hollow copper-alloy stylised male bust with detailed modelling of hair and facial features. The top of the head is domed and smooth, with hair and beard forming a continuous wide fringe around the face. Twisting short tufts of hair curl up from the temples, swept back and arranged somewhat symmetrically in the centre. Curvilinear incisions represent individual strands. The ears are represented as single spiralling curls, expanding at the spiral’s inner terminus and standing proud of the head. The short beard and moustache are similarly modelled to the hair, the beard lengthening towards the chin where it bifurcates in two principal curls. The lentoid eyes are emphasised with an incised outline, turning downward at their outer extremities. The pupils are perforations 5.8mm and 6mm in diameter. These may originally have held separate coloured elements but there is no surviving evidence for this, nor on the reverse. The eyes are framed by prominent curving brows which extend into the high ridge of the sub-triangular nose with slightly recessed nostrils at its base. The slot-like mouth is framed by thin lips modelled as two straight raised ridges, slightly parted. The ‘step’ or raised line where the neck widens to join the thin spatulate chest plate may represent some form of clothing. Three rivet holes are visible on the front of the chest plate, with a break on the rim of the plate extending to join with the central hole. A narrow crack also runs between this rivet hole and another to its left. The undamaged hole is 2.7mm diameter. The other two are larger. The rivet holes suggest a means of fixing the bust to another element. At the sides of the neck are the remains of two copper alloy rivets, one on each side, next to the opening in the back of the bust. They project both outside and inside the wall of the neck. These would have allowed the separate backplate to be attached, and there are no other fixings for the backplate evident. The interior of the head has a rough surface. The backplate, now detached, is a 1mm thick sheet of copper alloy and has a torn rivet hole of 2.5mm diameter that articulates with the rivet on the bust's left. The sides of the backplate are bent round the outside of the neck and cover the whole of the opening in the back of the bust from the rivets upwards. A line of differential patination on the back of the head shows how far the backplate reached when attached, and there is a matching line on the back of the backplate. The backplate’s edges are damaged, with some parts missing, and it is torn across the middle. This looks to be more recent damage with the broken edge showing as a brassier colour . The backplate is 63.9mm long, 40.6mm wide and 7mm thick as bent to fit round the neck. 13g. It has a pitted dusty grey green patina. The edges of the backplate would have been visible from the front when in position on the back of the head. The hole at the base where the backplate and front of the sceptre head meet would have allowed for the entry for the pole or staff on which is was mounted. The bust has a smooth olive-green patina and, noting the damage to the backplate, is otherwise in very good condition. It is 130mm long, 78mm wide across the shoulders, 63mm wide across the upper head, 44mm thick across the nose, 51mm thick across the upper head and 23mm thick across the neck. 417g. Discussion The following discussion incorporates comments from John Pearce, Senior Lecturer in Archaeology, King's College London, with additional comment by Martin Henig, Institute of Archaeology, Oxford University. Plumb bob The plumb bob is of a similar form to many from Roman contexts including an example from the Pitt-Rivers collection of the British Museum: <a href="" https://eur03.safelinks.protection.outlook.com/?url=https%3A%2F%2Fwww.britishmuseum.org%2Fcollection%2Fobject%2FG_1975-0429-6&data=04%7C01%7Cjohn.pearce%40kcl.ac.uk%7C10d405d7cb91469c0f6608d886716b31%7C8370cf1416f34c16b83c724071654356%7C0%7C0%7C637407168987283786%7CUnknown%7CTWFpbGZsb3d8eyJWIjoiMC4wLjAwMDAiLCJQIjoiV2luMzIiLCJBTiI6Ik1haWwiLCJXVCI6Mn0%3D%7C1000&sdata=PAj78VaTAH2OchSnTvfzBSdY3Y%2F4dxPR%2Bf67AC8Q5lg%3D&reserved=0 "" target=""_blank""> https://www.britishmuseum.org/collection/object/G_1975-0429-6 </a> . They were used by surveyors, carpenters etc. Martin Henig notes the following parallels. ‘It ‘the plumb bob] conforms to the Roman shape cf. Boon, Silchester. The Roman Town of Calleva (1974) pp.200 and 227, fig.35 no.8 from Silchester and J.-P. Adam, Roman Building. Materials and Techniques (1994),p.42 fg 84 from Rome.’ Horse and rider figurine Horse and rider figurines are documented in more than 25 examples in Britain, this being the northernmost yet known (most are in a zone extending from north Lincolnshire to Wiltshire) (Durham 4.4.1). Integrally cast examples are not common and tend, like this one, to be modelled with slightly greater finesse, as seen in the facial features, details of dress and harness and so on (see also CAM-88F808). To judge from other examples and from the figures in other media to which the horse and riders are related, the raised right hand probably held a spear and the left had a shield attached to it. All of these figures differ slightly in their details and this is no exception, above all in the detailing of the horse harness. The god is usually taken to be a provincial translation of the god Mars. Sceptre head bust The size of the head, its portrait features which resemble those of Antonine emperors - Antoninus Pius, Lucius Verus, Marcus Aurelius, Commodus (AD 138-192), and the evidence for its being mounted all give this object an affinity with the terminals in the form of bearded male heads argued to be parts of sceptres or similar portable images of the emperor (Esposito 2019). The stylization of the portrait is remarkable, especially the hair, and is similar in spirit to other examples, especially the Steane (Brackley), head ( <a href="" https://eur03.safelinks.protection.outlook.com/?url=https%3A%2F%2Ffinds.org.uk%2Fdatabase%2Fartefacts%2Frecord%2Fid%2F252426&data=04%7C01%7Cjohn.pearce%40kcl.ac.uk%7C10d405d7cb91469c0f6608d886716b31%7C8370cf1416f34c16b83c724071654356%7C0%7C0%7C637407168987293777%7CUnknown%7CTWFpbGZsb3d8eyJWIjoiMC4wLjAwMDAiLCJQIjoiV2luMzIiLCJBTiI6Ik1haWwiLCJXVCI6Mn0%3D%7C1000&sdata=fmERuzzEzQKp6e7Nw76PzxTKO%2BsZEIv975EoD%2B08ETI%3D&reserved=0 "" target=""_blank""> BERK-E24C84 </a> ; Walker 2014). This latter is thought to depict Marcus Aurelius and a similar attribution is possible for the current example, though its stylization makes a definitive identification impossible. Like the horse and rider, again this is the northernmost find of an object of this type. With the exception of the Mars sceptre heads from a burial at Brough-on-Humber, other finds are all from eastern and central England south of the Humber (Esposito 2019: 37-47, fig. 3.16, p. 63). The presence of the sceptre head gives the deposit a likely second century date or later. Association Dr Pearce suggests two possible reasons for this group of material being found together. 1. The diverse nature of the objects, a key handle, sceptre tip, plumb bob and figurine, suggest an interpretation as a miscellaneous collection of scrap bronze, some of which comes from a ritual context. Compare for example the ‘near Gloucester’ hoard, recently found by metal-detectorists (Coombe and Henig 2020). 2. A more likely possibility is that this is a ritual deposit. Sceptres in the form of emperors, gods, animals etc are likely priestly regalia and have been recurringly documented in structured deposits of likely votive origin. Most examples come from the environs of the Fens, and instances from temple sites are occasionally known, e.g. Wanborough Surrey (Esposito 2019). The horse and rider figurine would also fit a votive context, given its likely identification with Mars. The presence of the horse protome from the key handle might also be explained through its secondary use as a substitute votive for animal sacrifice. Similar deposits with which the Ryedale group could find parallels include the 1857 discovery at Willingham Fen, Cambridgeshire, initially published by Rostovsteff and Mattingly (1923) and the 1844 discovery at Felmingham Hall, Suffolk. The former comprised sceptre heads, including one head in the form of Antoninus Pius (rather than Commodus), two horse and rider figurines, other mounts in human and animal form and other fittings and beads, likely deposited together in a wooden box.. Similarly the Felmingham hall assemblage, deposited in a clay cauldron, included a copper alloy head of Jupiter, also in two pieces with a rivet for attachment at the neck, as well as other figurines, bases and mounts, spears, a miniature wheel and rattles (Esposito 2019: 67-72). The plumb bob is harder to parallel in assemblages of this type but reasons for its possible placing in a votive deposit can be suggested. In use in construction, its presence might be explained as a foundation offering related to some act of building related to the putative shrine from which the other pieces derive. Martin Henig notes: ‘Measuring instruments are often shown on dedications of tombstones for example , showing the monument was dedicated sub ascia , see CSIR 1. 9, my North-West Midlands fascicule , no.39.[p.15 and pl.16; no.63 on p.22 and pl.22; the words used on no,33 pp.12-13,pl.15 though no plumb bob shown... I suspect this [a plumb bob] was always a key object for demarcating sacred space with accuracy...It occurs in a number of Biblical verses with this connotation...and for quite an obvious reason..how else can an architect measure accurately?’ Alternatively, as a key component of the groma , the main survey instrument, the plumb bob’s presence might be an offering made during rituals associated with landscape re-organisation. In this connection the presence of the plumb bob has echoes of another find in the same region, the Piercebridge plough group, a copper alloy statuette found in the early 19 th century and now in the British Museum (BM 1879,0710.1) . The composition of the plough team, a cow and bull yoked together, suggests that this object is a likely votive model of the scene in which the furrow is cut to form the line of the pomerium , the symbolic boundary for towns of chartered status, realised on the ground in Britain in the ditches, banks and walls which made up urban circuits (Manning 1971). The Ryedale group is somewhat closer to such towns than the Piercebridge find, with Aldborough being c. 20 km to the south-west in the vale of York. As well as creating town boundaries other surveying operations which might need a ritual sanction can be conjectured. It has proved hard to find convincing traces of the regular parcelling up of expropriated territory (centuration) in Britain but other changes within the wider setting of the find might provide a context for survey operations. The alignment of roads running to the frontier in the north and branching west and east into the Pennines and vale of Pickering respectively, would have required survey in advance. The presence of garrisons, for example at Malton to the east, the development of villas (Beadlam and Hovingham are also only a few kilometres east of the findspot) would all have likely seen expropriation and re-allocation of land with concomitant measuring and marking out and perhaps divine approval through sacrifice. It may be possible to test these conjectures further if fuller context information becomes available. References: Artefacts: Encyclopédie collaborative en ligne des petits objets archéologiques <a href="" https://artefacts.mom.fr/ ""> https://artefacts.mom.fr/ </a> Coombe, P. and Henig, M. 2020. ‘The Gloucester hoard of Roman bronze’, Britannia 51 Durham, E. 2012 Depicting the gods: metal figurines in Roman Britain, Internet Archaeology 31. <a href="" https://doi.org/10.11141/ia.31.2 ""> https://doi.org/10.11141/ia.31.2 </a> Esposito, A. 2019. Performing the Sacra: priestly roles and their organisation in Roman Britain , Archaeopress Roman Archaeology 53, Oxford Manning, W. H. 1971. ‘The Piercebridge Plough Group’, The British Museum Quarterly , Vol. 35, 125-136. Rostovtseff, M. and Mattingly, H. 1923, ‘Commodus-Hercules in Britain’, The Journal of Roman Studies 13, 91-109 Walker, S, 2014, ‘Emperors and Deities in Rural Britain: A Copper-Alloy Head of Marcus Aurelius from Steane, near Brackley (Northants.)’, Britannia 45,.223–24",4476,3902,1400,1221,ee9993b824ea925afecaf69a88b9dbf9cbd22bb8a3ad5ef95a9550cae08f8412,b8a7b1d826874ea5,48.217
stylized_3d,11,stylized,visual-harvest-400/stylized_3d/011_stylized_plumb-bob-findid-1013510-1120696.jpg,File:Plumb-bob (FindID 1013510-1120696).jpg,https://commons.wikimedia.org/wiki/File:Plumb-bob_(FindID_1013510-1120696).jpg,https://upload.wikimedia.org/wikipedia/commons/thumb/0/06/Plumb-bob_%28FindID_1013510-1120696%29.jpg/1920px-Plumb-bob_%28FindID_1013510-1120696%29.jpg,"The Portable Antiquities Scheme, Amy Downes, 2020-11-01 16:13:58",CC BY 2.0,https://creativecommons.org/licenses/by/2.0,"An assemblage of four Roman objects dating to c.AD 43-410. The assemblage comprises: 1 x copper alloy plumb bob (finder 1) 1 x copper alloy horse and rider figurine (finder 1) 1 x copper alloy and iron horse head probable key handle (finder 2) 1 x copper alloy probable sceptre head in the form of a bust (finder 1) Plumb bob A complete copper-alloy plumb bob, conical and solid with a blunted tip. The flat top bears concentric circular grooves. Projecting from its centre is a neck (11.6mm diameter at its narrowest) with concave sides, topped with a domed fungiform terminal (25.9mm diameter) with a flat underside. A circular hole (4.4mm diameter) at least 21.5 mm deep pierces the centre of the top of the domed terminal. Another circular hole crosses transversally through its neck (3.3mm diameter). The holes likely relate to the object’s suspension. The plumb bob has a smooth green patina with no decoration or marks, apart from a few small patinated dimples. 72.7mm long, 40.9mm diameter. 282g. Finder 1. Horse and rider figurine An incomplete and worn solid copper-alloy figurine of a horse and rider, cast in one. The rider sits astride the horse. The rider’s head is ovate, the face having very worn but quite well-modelled features in the right proportions. A helmet is delineated by moulded lines, with a worn and damaged crest. The right arm extends sideways at shoulder height and turns up at the elbow, the thinning forearm being broken at the wrist. A spur of twisted metal extends from the break towards the head. The patina is missing, revealing brass. This would have held a now lost spear. The left arm extends forwards from the body of the rider just above waist height to the side of the horse’s head, also reducing in diameter below the elbow. It terminates in a globular upward projection, a likely attachment for another element, probably a shield. The rider wears a belted and sleeved(?) tunic, with paired brace-like vertical lines on the back and chest perhaps rendering some decoration of the garment. Wear may obscure further detail in the middle. Beneath the prominent waistband is a pleated kilt. The legs are thick and appear a little short compared to the body. There may be a trace of footwear on the right leg. The horse is modelled in considerable detail, although some has been lost to damage to the top of the head, including parts of the leaf-shaped recessed ears and mane. The mane is a raised crest, decorated with parallel incised lines. Unusually the disc-like eyes stand in relief proud of the face, perhaps indicating that the horse wore a chamfron with eye protectors. Details of the horse’s bridle are also modelled in high relief, including a nose band, head band, and strap behind the ears which joins the others and leads to a bit. The reins, laying on the neck, would have run across the space between the chin and chest to join the bit, but these elements are now missing. The breaks are patinated. Also moulded is the girth as well as straps round the forequarters and rump and under the tail. All three extend from the same place, just behind the rider's thigh. The straps carry phalerae (discs) on each shoulder and haunch. The saddle is represented as two short prongs or ‘horns’ behind the rider. The horse’s right foreleg is lifted and the left foreleg straight, as if the animal is stepping forward. Both front hooves are missing, but the breaks are patinated. There is also a deep crack across the knee of the horse's left foreleg. The back legs are both bent, as if the horse is moving at a canter. The right leg has a deep crack across the lower portion. Muscles and bone are visibly modelled and the hooves are delineated by an incised groove. Projecting from the base of the rear hoofs are rounded pegs or extensions, perhaps to slot into a base. The tail, damaged at the tip, hangs following the line of the back legs and carries longitudinal incisions to suggest the strands of hair. The figurine has a smooth grey green patina, rougher and lighter over the damaged areas. It is 73.7mm long, 30mm wide across the rider's shoulders, and 86.8mm high. 222g. Finder 1. Horse head key handle An incomplete solid copper alloy zoomorphic handle, in the form of a horse protome (forequarters). Iron corrosion covers the flat face where the horse is truncated at the shoulder, with the corroded remains of an iron shank about 5mm long and 7.5mm across. The head is modelled in some detail, in particular the mane, eye and nostrils. A groove runs down the centre of the mane, incised on either side to mark its strands. The eyes are pointed ovates, set slightly lopsidedly on either side of the head, above which are the ovate ears laid flat against the mane. The nostrils are formed of shallow ovals. Below them is a wide mouth with teeth perhaps bared, but not defined in the moulding. There is a flattened facet on the front of the lower part of the neck, perhaps post-depositional damage, but patinated. The two forelegs extend forward from the animal, perhaps giving the impression of the horse in motion at a canter, though this is also a common position of legs in these protome figures. The forelegs terminate in moulded hooves, with recent damage to the tip of one. The object has a smooth grey green patina. 52mm long, 17.7mm wide and 48mm high. 90g. Finder 2. Direct parallels are not yet known to us but and what survives of the shank suggests its square profile, as would be expected for a key and the handle has very close echoes of known zoomorphic key handle types. Some key handles represent horses in the form of a head emerging from a calyx (Artefacts CLE-4111). Others are in very similar animal protome form, including panthers and lions (Artefacts CLE-4054; CLE-4125). Sceptre head bust An incomplete hollow copper-alloy stylised male bust with detailed modelling of hair and facial features. The top of the head is domed and smooth, with hair and beard forming a continuous wide fringe around the face. Twisting short tufts of hair curl up from the temples, swept back and arranged somewhat symmetrically in the centre. Curvilinear incisions represent individual strands. The ears are represented as single spiralling curls, expanding at the spiral’s inner terminus and standing proud of the head. The short beard and moustache are similarly modelled to the hair, the beard lengthening towards the chin where it bifurcates in two principal curls. The lentoid eyes are emphasised with an incised outline, turning downward at their outer extremities. The pupils are perforations 5.8mm and 6mm in diameter. These may originally have held separate coloured elements but there is no surviving evidence for this, nor on the reverse. The eyes are framed by prominent curving brows which extend into the high ridge of the sub-triangular nose with slightly recessed nostrils at its base. The slot-like mouth is framed by thin lips modelled as two straight raised ridges, slightly parted. The ‘step’ or raised line where the neck widens to join the thin spatulate chest plate may represent some form of clothing. Three rivet holes are visible on the front of the chest plate, with a break on the rim of the plate extending to join with the central hole. A narrow crack also runs between this rivet hole and another to its left. The undamaged hole is 2.7mm diameter. The other two are larger. The rivet holes suggest a means of fixing the bust to another element. At the sides of the neck are the remains of two copper alloy rivets, one on each side, next to the opening in the back of the bust. They project both outside and inside the wall of the neck. These would have allowed the separate backplate to be attached, and there are no other fixings for the backplate evident. The interior of the head has a rough surface. The backplate, now detached, is a 1mm thick sheet of copper alloy and has a torn rivet hole of 2.5mm diameter that articulates with the rivet on the bust's left. The sides of the backplate are bent round the outside of the neck and cover the whole of the opening in the back of the bust from the rivets upwards. A line of differential patination on the back of the head shows how far the backplate reached when attached, and there is a matching line on the back of the backplate. The backplate’s edges are damaged, with some parts missing, and it is torn across the middle. This looks to be more recent damage with the broken edge showing as a brassier colour . The backplate is 63.9mm long, 40.6mm wide and 7mm thick as bent to fit round the neck. 13g. It has a pitted dusty grey green patina. The edges of the backplate would have been visible from the front when in position on the back of the head. The hole at the base where the backplate and front of the sceptre head meet would have allowed for the entry for the pole or staff on which is was mounted. The bust has a smooth olive-green patina and, noting the damage to the backplate, is otherwise in very good condition. It is 130mm long, 78mm wide across the shoulders, 63mm wide across the upper head, 44mm thick across the nose, 51mm thick across the upper head and 23mm thick across the neck. 417g. Discussion The following discussion incorporates comments from John Pearce, Senior Lecturer in Archaeology, King's College London, with additional comment by Martin Henig, Institute of Archaeology, Oxford University. Plumb bob The plumb bob is of a similar form to many from Roman contexts including an example from the Pitt-Rivers collection of the British Museum: <a href="" https://eur03.safelinks.protection.outlook.com/?url=https%3A%2F%2Fwww.britishmuseum.org%2Fcollection%2Fobject%2FG_1975-0429-6&data=04%7C01%7Cjohn.pearce%40kcl.ac.uk%7C10d405d7cb91469c0f6608d886716b31%7C8370cf1416f34c16b83c724071654356%7C0%7C0%7C637407168987283786%7CUnknown%7CTWFpbGZsb3d8eyJWIjoiMC4wLjAwMDAiLCJQIjoiV2luMzIiLCJBTiI6Ik1haWwiLCJXVCI6Mn0%3D%7C1000&sdata=PAj78VaTAH2OchSnTvfzBSdY3Y%2F4dxPR%2Bf67AC8Q5lg%3D&reserved=0 "" target=""_blank""> https://www.britishmuseum.org/collection/object/G_1975-0429-6 </a> . They were used by surveyors, carpenters etc. Martin Henig notes the following parallels. ‘It ‘the plumb bob] conforms to the Roman shape cf. Boon, Silchester. The Roman Town of Calleva (1974) pp.200 and 227, fig.35 no.8 from Silchester and J.-P. Adam, Roman Building. Materials and Techniques (1994),p.42 fg 84 from Rome.’ Horse and rider figurine Horse and rider figurines are documented in more than 25 examples in Britain, this being the northernmost yet known (most are in a zone extending from north Lincolnshire to Wiltshire) (Durham 4.4.1). Integrally cast examples are not common and tend, like this one, to be modelled with slightly greater finesse, as seen in the facial features, details of dress and harness and so on (see also CAM-88F808). To judge from other examples and from the figures in other media to which the horse and riders are related, the raised right hand probably held a spear and the left had a shield attached to it. All of these figures differ slightly in their details and this is no exception, above all in the detailing of the horse harness. The god is usually taken to be a provincial translation of the god Mars. Sceptre head bust The size of the head, its portrait features which resemble those of Antonine emperors - Antoninus Pius, Lucius Verus, Marcus Aurelius, Commodus (AD 138-192), and the evidence for its being mounted all give this object an affinity with the terminals in the form of bearded male heads argued to be parts of sceptres or similar portable images of the emperor (Esposito 2019). The stylization of the portrait is remarkable, especially the hair, and is similar in spirit to other examples, especially the Steane (Brackley), head ( <a href="" https://eur03.safelinks.protection.outlook.com/?url=https%3A%2F%2Ffinds.org.uk%2Fdatabase%2Fartefacts%2Frecord%2Fid%2F252426&data=04%7C01%7Cjohn.pearce%40kcl.ac.uk%7C10d405d7cb91469c0f6608d886716b31%7C8370cf1416f34c16b83c724071654356%7C0%7C0%7C637407168987293777%7CUnknown%7CTWFpbGZsb3d8eyJWIjoiMC4wLjAwMDAiLCJQIjoiV2luMzIiLCJBTiI6Ik1haWwiLCJXVCI6Mn0%3D%7C1000&sdata=fmERuzzEzQKp6e7Nw76PzxTKO%2BsZEIv975EoD%2B08ETI%3D&reserved=0 "" target=""_blank""> BERK-E24C84 </a> ; Walker 2014). This latter is thought to depict Marcus Aurelius and a similar attribution is possible for the current example, though its stylization makes a definitive identification impossible. Like the horse and rider, again this is the northernmost find of an object of this type. With the exception of the Mars sceptre heads from a burial at Brough-on-Humber, other finds are all from eastern and central England south of the Humber (Esposito 2019: 37-47, fig. 3.16, p. 63). The presence of the sceptre head gives the deposit a likely second century date or later. Association Dr Pearce suggests two possible reasons for this group of material being found together. 1. The diverse nature of the objects, a key handle, sceptre tip, plumb bob and figurine, suggest an interpretation as a miscellaneous collection of scrap bronze, some of which comes from a ritual context. Compare for example the ‘near Gloucester’ hoard, recently found by metal-detectorists (Coombe and Henig 2020). 2. A more likely possibility is that this is a ritual deposit. Sceptres in the form of emperors, gods, animals etc are likely priestly regalia and have been recurringly documented in structured deposits of likely votive origin. Most examples come from the environs of the Fens, and instances from temple sites are occasionally known, e.g. Wanborough Surrey (Esposito 2019). The horse and rider figurine would also fit a votive context, given its likely identification with Mars. The presence of the horse protome from the key handle might also be explained through its secondary use as a substitute votive for animal sacrifice. Similar deposits with which the Ryedale group could find parallels include the 1857 discovery at Willingham Fen, Cambridgeshire, initially published by Rostovsteff and Mattingly (1923) and the 1844 discovery at Felmingham Hall, Suffolk. The former comprised sceptre heads, including one head in the form of Antoninus Pius (rather than Commodus), two horse and rider figurines, other mounts in human and animal form and other fittings and beads, likely deposited together in a wooden box.. Similarly the Felmingham hall assemblage, deposited in a clay cauldron, included a copper alloy head of Jupiter, also in two pieces with a rivet for attachment at the neck, as well as other figurines, bases and mounts, spears, a miniature wheel and rattles (Esposito 2019: 67-72). The plumb bob is harder to parallel in assemblages of this type but reasons for its possible placing in a votive deposit can be suggested. In use in construction, its presence might be explained as a foundation offering related to some act of building related to the putative shrine from which the other pieces derive. Martin Henig notes: ‘Measuring instruments are often shown on dedications of tombstones for example , showing the monument was dedicated sub ascia , see CSIR 1. 9, my North-West Midlands fascicule , no.39.[p.15 and pl.16; no.63 on p.22 and pl.22; the words used on no,33 pp.12-13,pl.15 though no plumb bob shown... I suspect this [a plumb bob] was always a key object for demarcating sacred space with accuracy...It occurs in a number of Biblical verses with this connotation...and for quite an obvious reason..how else can an architect measure accurately?’ Alternatively, as a key component of the groma , the main survey instrument, the plumb bob’s presence might be an offering made during rituals associated with landscape re-organisation. In this connection the presence of the plumb bob has echoes of another find in the same region, the Piercebridge plough group, a copper alloy statuette found in the early 19 th century and now in the British Museum (BM 1879,0710.1) . The composition of the plough team, a cow and bull yoked together, suggests that this object is a likely votive model of the scene in which the furrow is cut to form the line of the pomerium , the symbolic boundary for towns of chartered status, realised on the ground in Britain in the ditches, banks and walls which made up urban circuits (Manning 1971). The Ryedale group is somewhat closer to such towns than the Piercebridge find, with Aldborough being c. 20 km to the south-west in the vale of York. As well as creating town boundaries other surveying operations which might need a ritual sanction can be conjectured. It has proved hard to find convincing traces of the regular parcelling up of expropriated territory (centuration) in Britain but other changes within the wider setting of the find might provide a context for survey operations. The alignment of roads running to the frontier in the north and branching west and east into the Pennines and vale of Pickering respectively, would have required survey in advance. The presence of garrisons, for example at Malton to the east, the development of villas (Beadlam and Hovingham are also only a few kilometres east of the findspot) would all have likely seen expropriation and re-allocation of land with concomitant measuring and marking out and perhaps divine approval through sacrifice. It may be possible to test these conjectures further if fuller context information becomes available. References: Artefacts: Encyclopédie collaborative en ligne des petits objets archéologiques <a href="" https://artefacts.mom.fr/ ""> https://artefacts.mom.fr/ </a> Coombe, P. and Henig, M. 2020. ‘The Gloucester hoard of Roman bronze’, Britannia 51 Durham, E. 2012 Depicting the gods: metal figurines in Roman Britain, Internet Archaeology 31. <a href="" https://doi.org/10.11141/ia.31.2 ""> https://doi.org/10.11141/ia.31.2 </a> Esposito, A. 2019. Performing the Sacra: priestly roles and their organisation in Roman Britain , Archaeopress Roman Archaeology 53, Oxford Manning, W. H. 1971. ‘The Piercebridge Plough Group’, The British Museum Quarterly , Vol. 35, 125-136. Rostovtseff, M. and Mattingly, H. 1923, ‘Commodus-Hercules in Britain’, The Journal of Roman Studies 13, 91-109 Walker, S, 2014, ‘Emperors and Deities in Rural Britain: A Copper-Alloy Head of Marcus Aurelius from Steane, near Brackley (Northants.)’, Britannia 45,.223–24",3989,3806,1400,1336,e8ec5fead23c54293ec2bbccbace718aa44640614a6f97f907ed5090dfed1d0e,b372b1c44e6ecec0,47.129
stylized_3d,12,stylized,visual-harvest-400/stylized_3d/012_stylized_horse-and-rider-findid-1013510-1120695.jpg,File:Horse and Rider (FindID 1013510-1120695).jpg,https://commons.wikimedia.org/wiki/File:Horse_and_Rider_(FindID_1013510-1120695).jpg,https://upload.wikimedia.org/wikipedia/commons/thumb/6/6b/Horse_and_Rider_%28FindID_1013510-1120695%29.jpg/1920px-Horse_and_Rider_%28FindID_1013510-1120695%29.jpg,"The Portable Antiquities Scheme, Amy Downes, 2020-11-01 16:13:57",CC BY 2.0,https://creativecommons.org/licenses/by/2.0,"An assemblage of four Roman objects dating to c.AD 43-410. The assemblage comprises: 1 x copper alloy plumb bob (finder 1) 1 x copper alloy horse and rider figurine (finder 1) 1 x copper alloy and iron horse head probable key handle (finder 2) 1 x copper alloy probable sceptre head in the form of a bust (finder 1) Plumb bob A complete copper-alloy plumb bob, conical and solid with a blunted tip. The flat top bears concentric circular grooves. Projecting from its centre is a neck (11.6mm diameter at its narrowest) with concave sides, topped with a domed fungiform terminal (25.9mm diameter) with a flat underside. A circular hole (4.4mm diameter) at least 21.5 mm deep pierces the centre of the top of the domed terminal. Another circular hole crosses transversally through its neck (3.3mm diameter). The holes likely relate to the object’s suspension. The plumb bob has a smooth green patina with no decoration or marks, apart from a few small patinated dimples. 72.7mm long, 40.9mm diameter. 282g. Finder 1. Horse and rider figurine An incomplete and worn solid copper-alloy figurine of a horse and rider, cast in one. The rider sits astride the horse. The rider’s head is ovate, the face having very worn but quite well-modelled features in the right proportions. A helmet is delineated by moulded lines, with a worn and damaged crest. The right arm extends sideways at shoulder height and turns up at the elbow, the thinning forearm being broken at the wrist. A spur of twisted metal extends from the break towards the head. The patina is missing, revealing brass. This would have held a now lost spear. The left arm extends forwards from the body of the rider just above waist height to the side of the horse’s head, also reducing in diameter below the elbow. It terminates in a globular upward projection, a likely attachment for another element, probably a shield. The rider wears a belted and sleeved(?) tunic, with paired brace-like vertical lines on the back and chest perhaps rendering some decoration of the garment. Wear may obscure further detail in the middle. Beneath the prominent waistband is a pleated kilt. The legs are thick and appear a little short compared to the body. There may be a trace of footwear on the right leg. The horse is modelled in considerable detail, although some has been lost to damage to the top of the head, including parts of the leaf-shaped recessed ears and mane. The mane is a raised crest, decorated with parallel incised lines. Unusually the disc-like eyes stand in relief proud of the face, perhaps indicating that the horse wore a chamfron with eye protectors. Details of the horse’s bridle are also modelled in high relief, including a nose band, head band, and strap behind the ears which joins the others and leads to a bit. The reins, laying on the neck, would have run across the space between the chin and chest to join the bit, but these elements are now missing. The breaks are patinated. Also moulded is the girth as well as straps round the forequarters and rump and under the tail. All three extend from the same place, just behind the rider's thigh. The straps carry phalerae (discs) on each shoulder and haunch. The saddle is represented as two short prongs or ‘horns’ behind the rider. The horse’s right foreleg is lifted and the left foreleg straight, as if the animal is stepping forward. Both front hooves are missing, but the breaks are patinated. There is also a deep crack across the knee of the horse's left foreleg. The back legs are both bent, as if the horse is moving at a canter. The right leg has a deep crack across the lower portion. Muscles and bone are visibly modelled and the hooves are delineated by an incised groove. Projecting from the base of the rear hoofs are rounded pegs or extensions, perhaps to slot into a base. The tail, damaged at the tip, hangs following the line of the back legs and carries longitudinal incisions to suggest the strands of hair. The figurine has a smooth grey green patina, rougher and lighter over the damaged areas. It is 73.7mm long, 30mm wide across the rider's shoulders, and 86.8mm high. 222g. Finder 1. Horse head key handle An incomplete solid copper alloy zoomorphic handle, in the form of a horse protome (forequarters). Iron corrosion covers the flat face where the horse is truncated at the shoulder, with the corroded remains of an iron shank about 5mm long and 7.5mm across. The head is modelled in some detail, in particular the mane, eye and nostrils. A groove runs down the centre of the mane, incised on either side to mark its strands. The eyes are pointed ovates, set slightly lopsidedly on either side of the head, above which are the ovate ears laid flat against the mane. The nostrils are formed of shallow ovals. Below them is a wide mouth with teeth perhaps bared, but not defined in the moulding. There is a flattened facet on the front of the lower part of the neck, perhaps post-depositional damage, but patinated. The two forelegs extend forward from the animal, perhaps giving the impression of the horse in motion at a canter, though this is also a common position of legs in these protome figures. The forelegs terminate in moulded hooves, with recent damage to the tip of one. The object has a smooth grey green patina. 52mm long, 17.7mm wide and 48mm high. 90g. Finder 2. Direct parallels are not yet known to us but and what survives of the shank suggests its square profile, as would be expected for a key and the handle has very close echoes of known zoomorphic key handle types. Some key handles represent horses in the form of a head emerging from a calyx (Artefacts CLE-4111). Others are in very similar animal protome form, including panthers and lions (Artefacts CLE-4054; CLE-4125). Sceptre head bust An incomplete hollow copper-alloy stylised male bust with detailed modelling of hair and facial features. The top of the head is domed and smooth, with hair and beard forming a continuous wide fringe around the face. Twisting short tufts of hair curl up from the temples, swept back and arranged somewhat symmetrically in the centre. Curvilinear incisions represent individual strands. The ears are represented as single spiralling curls, expanding at the spiral’s inner terminus and standing proud of the head. The short beard and moustache are similarly modelled to the hair, the beard lengthening towards the chin where it bifurcates in two principal curls. The lentoid eyes are emphasised with an incised outline, turning downward at their outer extremities. The pupils are perforations 5.8mm and 6mm in diameter. These may originally have held separate coloured elements but there is no surviving evidence for this, nor on the reverse. The eyes are framed by prominent curving brows which extend into the high ridge of the sub-triangular nose with slightly recessed nostrils at its base. The slot-like mouth is framed by thin lips modelled as two straight raised ridges, slightly parted. The ‘step’ or raised line where the neck widens to join the thin spatulate chest plate may represent some form of clothing. Three rivet holes are visible on the front of the chest plate, with a break on the rim of the plate extending to join with the central hole. A narrow crack also runs between this rivet hole and another to its left. The undamaged hole is 2.7mm diameter. The other two are larger. The rivet holes suggest a means of fixing the bust to another element. At the sides of the neck are the remains of two copper alloy rivets, one on each side, next to the opening in the back of the bust. They project both outside and inside the wall of the neck. These would have allowed the separate backplate to be attached, and there are no other fixings for the backplate evident. The interior of the head has a rough surface. The backplate, now detached, is a 1mm thick sheet of copper alloy and has a torn rivet hole of 2.5mm diameter that articulates with the rivet on the bust's left. The sides of the backplate are bent round the outside of the neck and cover the whole of the opening in the back of the bust from the rivets upwards. A line of differential patination on the back of the head shows how far the backplate reached when attached, and there is a matching line on the back of the backplate. The backplate’s edges are damaged, with some parts missing, and it is torn across the middle. This looks to be more recent damage with the broken edge showing as a brassier colour . The backplate is 63.9mm long, 40.6mm wide and 7mm thick as bent to fit round the neck. 13g. It has a pitted dusty grey green patina. The edges of the backplate would have been visible from the front when in position on the back of the head. The hole at the base where the backplate and front of the sceptre head meet would have allowed for the entry for the pole or staff on which is was mounted. The bust has a smooth olive-green patina and, noting the damage to the backplate, is otherwise in very good condition. It is 130mm long, 78mm wide across the shoulders, 63mm wide across the upper head, 44mm thick across the nose, 51mm thick across the upper head and 23mm thick across the neck. 417g. Discussion The following discussion incorporates comments from John Pearce, Senior Lecturer in Archaeology, King's College London, with additional comment by Martin Henig, Institute of Archaeology, Oxford University. Plumb bob The plumb bob is of a similar form to many from Roman contexts including an example from the Pitt-Rivers collection of the British Museum: <a href="" https://eur03.safelinks.protection.outlook.com/?url=https%3A%2F%2Fwww.britishmuseum.org%2Fcollection%2Fobject%2FG_1975-0429-6&data=04%7C01%7Cjohn.pearce%40kcl.ac.uk%7C10d405d7cb91469c0f6608d886716b31%7C8370cf1416f34c16b83c724071654356%7C0%7C0%7C637407168987283786%7CUnknown%7CTWFpbGZsb3d8eyJWIjoiMC4wLjAwMDAiLCJQIjoiV2luMzIiLCJBTiI6Ik1haWwiLCJXVCI6Mn0%3D%7C1000&sdata=PAj78VaTAH2OchSnTvfzBSdY3Y%2F4dxPR%2Bf67AC8Q5lg%3D&reserved=0 "" target=""_blank""> https://www.britishmuseum.org/collection/object/G_1975-0429-6 </a> . They were used by surveyors, carpenters etc. Martin Henig notes the following parallels. ‘It ‘the plumb bob] conforms to the Roman shape cf. Boon, Silchester. The Roman Town of Calleva (1974) pp.200 and 227, fig.35 no.8 from Silchester and J.-P. Adam, Roman Building. Materials and Techniques (1994),p.42 fg 84 from Rome.’ Horse and rider figurine Horse and rider figurines are documented in more than 25 examples in Britain, this being the northernmost yet known (most are in a zone extending from north Lincolnshire to Wiltshire) (Durham 4.4.1). Integrally cast examples are not common and tend, like this one, to be modelled with slightly greater finesse, as seen in the facial features, details of dress and harness and so on (see also CAM-88F808). To judge from other examples and from the figures in other media to which the horse and riders are related, the raised right hand probably held a spear and the left had a shield attached to it. All of these figures differ slightly in their details and this is no exception, above all in the detailing of the horse harness. The god is usually taken to be a provincial translation of the god Mars. Sceptre head bust The size of the head, its portrait features which resemble those of Antonine emperors - Antoninus Pius, Lucius Verus, Marcus Aurelius, Commodus (AD 138-192), and the evidence for its being mounted all give this object an affinity with the terminals in the form of bearded male heads argued to be parts of sceptres or similar portable images of the emperor (Esposito 2019). The stylization of the portrait is remarkable, especially the hair, and is similar in spirit to other examples, especially the Steane (Brackley), head ( <a href="" https://eur03.safelinks.protection.outlook.com/?url=https%3A%2F%2Ffinds.org.uk%2Fdatabase%2Fartefacts%2Frecord%2Fid%2F252426&data=04%7C01%7Cjohn.pearce%40kcl.ac.uk%7C10d405d7cb91469c0f6608d886716b31%7C8370cf1416f34c16b83c724071654356%7C0%7C0%7C637407168987293777%7CUnknown%7CTWFpbGZsb3d8eyJWIjoiMC4wLjAwMDAiLCJQIjoiV2luMzIiLCJBTiI6Ik1haWwiLCJXVCI6Mn0%3D%7C1000&sdata=fmERuzzEzQKp6e7Nw76PzxTKO%2BsZEIv975EoD%2B08ETI%3D&reserved=0 "" target=""_blank""> BERK-E24C84 </a> ; Walker 2014). This latter is thought to depict Marcus Aurelius and a similar attribution is possible for the current example, though its stylization makes a definitive identification impossible. Like the horse and rider, again this is the northernmost find of an object of this type. With the exception of the Mars sceptre heads from a burial at Brough-on-Humber, other finds are all from eastern and central England south of the Humber (Esposito 2019: 37-47, fig. 3.16, p. 63). The presence of the sceptre head gives the deposit a likely second century date or later. Association Dr Pearce suggests two possible reasons for this group of material being found together. 1. The diverse nature of the objects, a key handle, sceptre tip, plumb bob and figurine, suggest an interpretation as a miscellaneous collection of scrap bronze, some of which comes from a ritual context. Compare for example the ‘near Gloucester’ hoard, recently found by metal-detectorists (Coombe and Henig 2020). 2. A more likely possibility is that this is a ritual deposit. Sceptres in the form of emperors, gods, animals etc are likely priestly regalia and have been recurringly documented in structured deposits of likely votive origin. Most examples come from the environs of the Fens, and instances from temple sites are occasionally known, e.g. Wanborough Surrey (Esposito 2019). The horse and rider figurine would also fit a votive context, given its likely identification with Mars. The presence of the horse protome from the key handle might also be explained through its secondary use as a substitute votive for animal sacrifice. Similar deposits with which the Ryedale group could find parallels include the 1857 discovery at Willingham Fen, Cambridgeshire, initially published by Rostovsteff and Mattingly (1923) and the 1844 discovery at Felmingham Hall, Suffolk. The former comprised sceptre heads, including one head in the form of Antoninus Pius (rather than Commodus), two horse and rider figurines, other mounts in human and animal form and other fittings and beads, likely deposited together in a wooden box.. Similarly the Felmingham hall assemblage, deposited in a clay cauldron, included a copper alloy head of Jupiter, also in two pieces with a rivet for attachment at the neck, as well as other figurines, bases and mounts, spears, a miniature wheel and rattles (Esposito 2019: 67-72). The plumb bob is harder to parallel in assemblages of this type but reasons for its possible placing in a votive deposit can be suggested. In use in construction, its presence might be explained as a foundation offering related to some act of building related to the putative shrine from which the other pieces derive. Martin Henig notes: ‘Measuring instruments are often shown on dedications of tombstones for example , showing the monument was dedicated sub ascia , see CSIR 1. 9, my North-West Midlands fascicule , no.39.[p.15 and pl.16; no.63 on p.22 and pl.22; the words used on no,33 pp.12-13,pl.15 though no plumb bob shown... I suspect this [a plumb bob] was always a key object for demarcating sacred space with accuracy...It occurs in a number of Biblical verses with this connotation...and for quite an obvious reason..how else can an architect measure accurately?’ Alternatively, as a key component of the groma , the main survey instrument, the plumb bob’s presence might be an offering made during rituals associated with landscape re-organisation. In this connection the presence of the plumb bob has echoes of another find in the same region, the Piercebridge plough group, a copper alloy statuette found in the early 19 th century and now in the British Museum (BM 1879,0710.1) . The composition of the plough team, a cow and bull yoked together, suggests that this object is a likely votive model of the scene in which the furrow is cut to form the line of the pomerium , the symbolic boundary for towns of chartered status, realised on the ground in Britain in the ditches, banks and walls which made up urban circuits (Manning 1971). The Ryedale group is somewhat closer to such towns than the Piercebridge find, with Aldborough being c. 20 km to the south-west in the vale of York. As well as creating town boundaries other surveying operations which might need a ritual sanction can be conjectured. It has proved hard to find convincing traces of the regular parcelling up of expropriated territory (centuration) in Britain but other changes within the wider setting of the find might provide a context for survey operations. The alignment of roads running to the frontier in the north and branching west and east into the Pennines and vale of Pickering respectively, would have required survey in advance. The presence of garrisons, for example at Malton to the east, the development of villas (Beadlam and Hovingham are also only a few kilometres east of the findspot) would all have likely seen expropriation and re-allocation of land with concomitant measuring and marking out and perhaps divine approval through sacrifice. It may be possible to test these conjectures further if fuller context information becomes available. References: Artefacts: Encyclopédie collaborative en ligne des petits objets archéologiques <a href="" https://artefacts.mom.fr/ ""> https://artefacts.mom.fr/ </a> Coombe, P. and Henig, M. 2020. ‘The Gloucester hoard of Roman bronze’, Britannia 51 Durham, E. 2012 Depicting the gods: metal figurines in Roman Britain, Internet Archaeology 31. <a href="" https://doi.org/10.11141/ia.31.2 ""> https://doi.org/10.11141/ia.31.2 </a> Esposito, A. 2019. Performing the Sacra: priestly roles and their organisation in Roman Britain , Archaeopress Roman Archaeology 53, Oxford Manning, W. H. 1971. ‘The Piercebridge Plough Group’, The British Museum Quarterly , Vol. 35, 125-136. Rostovtseff, M. and Mattingly, H. 1923, ‘Commodus-Hercules in Britain’, The Journal of Roman Studies 13, 91-109 Walker, S, 2014, ‘Emperors and Deities in Rural Britain: A Copper-Alloy Head of Marcus Aurelius from Steane, near Brackley (Northants.)’, Britannia 45,.223–24",3600,2744,1400,1067,d547340eb0220541ab9c8e786ce8fdb26285e366427d3135b2d21438f4542b7d,9ff4940b6cb4e10b,46.406
stylized_3d,13,stylized,visual-harvest-400/stylized_3d/013_stylized_horse-head-findid-1013510-1120694.jpg,File:Horse head (FindID 1013510-1120694).jpg,https://commons.wikimedia.org/wiki/File:Horse_head_(FindID_1013510-1120694).jpg,https://upload.wikimedia.org/wikipedia/commons/thumb/1/15/Horse_head_%28FindID_1013510-1120694%29.jpg/1920px-Horse_head_%28FindID_1013510-1120694%29.jpg,"The Portable Antiquities Scheme, Amy Downes, 2020-11-01 16:13:54",CC BY 2.0,https://creativecommons.org/licenses/by/2.0,"An assemblage of four Roman objects dating to c.AD 43-410. The assemblage comprises: 1 x copper alloy plumb bob (finder 1) 1 x copper alloy horse and rider figurine (finder 1) 1 x copper alloy and iron horse head probable key handle (finder 2) 1 x copper alloy probable sceptre head in the form of a bust (finder 1) Plumb bob A complete copper-alloy plumb bob, conical and solid with a blunted tip. The flat top bears concentric circular grooves. Projecting from its centre is a neck (11.6mm diameter at its narrowest) with concave sides, topped with a domed fungiform terminal (25.9mm diameter) with a flat underside. A circular hole (4.4mm diameter) at least 21.5 mm deep pierces the centre of the top of the domed terminal. Another circular hole crosses transversally through its neck (3.3mm diameter). The holes likely relate to the object’s suspension. The plumb bob has a smooth green patina with no decoration or marks, apart from a few small patinated dimples. 72.7mm long, 40.9mm diameter. 282g. Finder 1. Horse and rider figurine An incomplete and worn solid copper-alloy figurine of a horse and rider, cast in one. The rider sits astride the horse. The rider’s head is ovate, the face having very worn but quite well-modelled features in the right proportions. A helmet is delineated by moulded lines, with a worn and damaged crest. The right arm extends sideways at shoulder height and turns up at the elbow, the thinning forearm being broken at the wrist. A spur of twisted metal extends from the break towards the head. The patina is missing, revealing brass. This would have held a now lost spear. The left arm extends forwards from the body of the rider just above waist height to the side of the horse’s head, also reducing in diameter below the elbow. It terminates in a globular upward projection, a likely attachment for another element, probably a shield. The rider wears a belted and sleeved(?) tunic, with paired brace-like vertical lines on the back and chest perhaps rendering some decoration of the garment. Wear may obscure further detail in the middle. Beneath the prominent waistband is a pleated kilt. The legs are thick and appear a little short compared to the body. There may be a trace of footwear on the right leg. The horse is modelled in considerable detail, although some has been lost to damage to the top of the head, including parts of the leaf-shaped recessed ears and mane. The mane is a raised crest, decorated with parallel incised lines. Unusually the disc-like eyes stand in relief proud of the face, perhaps indicating that the horse wore a chamfron with eye protectors. Details of the horse’s bridle are also modelled in high relief, including a nose band, head band, and strap behind the ears which joins the others and leads to a bit. The reins, laying on the neck, would have run across the space between the chin and chest to join the bit, but these elements are now missing. The breaks are patinated. Also moulded is the girth as well as straps round the forequarters and rump and under the tail. All three extend from the same place, just behind the rider's thigh. The straps carry phalerae (discs) on each shoulder and haunch. The saddle is represented as two short prongs or ‘horns’ behind the rider. The horse’s right foreleg is lifted and the left foreleg straight, as if the animal is stepping forward. Both front hooves are missing, but the breaks are patinated. There is also a deep crack across the knee of the horse's left foreleg. The back legs are both bent, as if the horse is moving at a canter. The right leg has a deep crack across the lower portion. Muscles and bone are visibly modelled and the hooves are delineated by an incised groove. Projecting from the base of the rear hoofs are rounded pegs or extensions, perhaps to slot into a base. The tail, damaged at the tip, hangs following the line of the back legs and carries longitudinal incisions to suggest the strands of hair. The figurine has a smooth grey green patina, rougher and lighter over the damaged areas. It is 73.7mm long, 30mm wide across the rider's shoulders, and 86.8mm high. 222g. Finder 1. Horse head key handle An incomplete solid copper alloy zoomorphic handle, in the form of a horse protome (forequarters). Iron corrosion covers the flat face where the horse is truncated at the shoulder, with the corroded remains of an iron shank about 5mm long and 7.5mm across. The head is modelled in some detail, in particular the mane, eye and nostrils. A groove runs down the centre of the mane, incised on either side to mark its strands. The eyes are pointed ovates, set slightly lopsidedly on either side of the head, above which are the ovate ears laid flat against the mane. The nostrils are formed of shallow ovals. Below them is a wide mouth with teeth perhaps bared, but not defined in the moulding. There is a flattened facet on the front of the lower part of the neck, perhaps post-depositional damage, but patinated. The two forelegs extend forward from the animal, perhaps giving the impression of the horse in motion at a canter, though this is also a common position of legs in these protome figures. The forelegs terminate in moulded hooves, with recent damage to the tip of one. The object has a smooth grey green patina. 52mm long, 17.7mm wide and 48mm high. 90g. Finder 2. Direct parallels are not yet known to us but and what survives of the shank suggests its square profile, as would be expected for a key and the handle has very close echoes of known zoomorphic key handle types. Some key handles represent horses in the form of a head emerging from a calyx (Artefacts CLE-4111). Others are in very similar animal protome form, including panthers and lions (Artefacts CLE-4054; CLE-4125). Sceptre head bust An incomplete hollow copper-alloy stylised male bust with detailed modelling of hair and facial features. The top of the head is domed and smooth, with hair and beard forming a continuous wide fringe around the face. Twisting short tufts of hair curl up from the temples, swept back and arranged somewhat symmetrically in the centre. Curvilinear incisions represent individual strands. The ears are represented as single spiralling curls, expanding at the spiral’s inner terminus and standing proud of the head. The short beard and moustache are similarly modelled to the hair, the beard lengthening towards the chin where it bifurcates in two principal curls. The lentoid eyes are emphasised with an incised outline, turning downward at their outer extremities. The pupils are perforations 5.8mm and 6mm in diameter. These may originally have held separate coloured elements but there is no surviving evidence for this, nor on the reverse. The eyes are framed by prominent curving brows which extend into the high ridge of the sub-triangular nose with slightly recessed nostrils at its base. The slot-like mouth is framed by thin lips modelled as two straight raised ridges, slightly parted. The ‘step’ or raised line where the neck widens to join the thin spatulate chest plate may represent some form of clothing. Three rivet holes are visible on the front of the chest plate, with a break on the rim of the plate extending to join with the central hole. A narrow crack also runs between this rivet hole and another to its left. The undamaged hole is 2.7mm diameter. The other two are larger. The rivet holes suggest a means of fixing the bust to another element. At the sides of the neck are the remains of two copper alloy rivets, one on each side, next to the opening in the back of the bust. They project both outside and inside the wall of the neck. These would have allowed the separate backplate to be attached, and there are no other fixings for the backplate evident. The interior of the head has a rough surface. The backplate, now detached, is a 1mm thick sheet of copper alloy and has a torn rivet hole of 2.5mm diameter that articulates with the rivet on the bust's left. The sides of the backplate are bent round the outside of the neck and cover the whole of the opening in the back of the bust from the rivets upwards. A line of differential patination on the back of the head shows how far the backplate reached when attached, and there is a matching line on the back of the backplate. The backplate’s edges are damaged, with some parts missing, and it is torn across the middle. This looks to be more recent damage with the broken edge showing as a brassier colour . The backplate is 63.9mm long, 40.6mm wide and 7mm thick as bent to fit round the neck. 13g. It has a pitted dusty grey green patina. The edges of the backplate would have been visible from the front when in position on the back of the head. The hole at the base where the backplate and front of the sceptre head meet would have allowed for the entry for the pole or staff on which is was mounted. The bust has a smooth olive-green patina and, noting the damage to the backplate, is otherwise in very good condition. It is 130mm long, 78mm wide across the shoulders, 63mm wide across the upper head, 44mm thick across the nose, 51mm thick across the upper head and 23mm thick across the neck. 417g. Discussion The following discussion incorporates comments from John Pearce, Senior Lecturer in Archaeology, King's College London, with additional comment by Martin Henig, Institute of Archaeology, Oxford University. Plumb bob The plumb bob is of a similar form to many from Roman contexts including an example from the Pitt-Rivers collection of the British Museum: <a href="" https://eur03.safelinks.protection.outlook.com/?url=https%3A%2F%2Fwww.britishmuseum.org%2Fcollection%2Fobject%2FG_1975-0429-6&data=04%7C01%7Cjohn.pearce%40kcl.ac.uk%7C10d405d7cb91469c0f6608d886716b31%7C8370cf1416f34c16b83c724071654356%7C0%7C0%7C637407168987283786%7CUnknown%7CTWFpbGZsb3d8eyJWIjoiMC4wLjAwMDAiLCJQIjoiV2luMzIiLCJBTiI6Ik1haWwiLCJXVCI6Mn0%3D%7C1000&sdata=PAj78VaTAH2OchSnTvfzBSdY3Y%2F4dxPR%2Bf67AC8Q5lg%3D&reserved=0 "" target=""_blank""> https://www.britishmuseum.org/collection/object/G_1975-0429-6 </a> . They were used by surveyors, carpenters etc. Martin Henig notes the following parallels. ‘It ‘the plumb bob] conforms to the Roman shape cf. Boon, Silchester. The Roman Town of Calleva (1974) pp.200 and 227, fig.35 no.8 from Silchester and J.-P. Adam, Roman Building. Materials and Techniques (1994),p.42 fg 84 from Rome.’ Horse and rider figurine Horse and rider figurines are documented in more than 25 examples in Britain, this being the northernmost yet known (most are in a zone extending from north Lincolnshire to Wiltshire) (Durham 4.4.1). Integrally cast examples are not common and tend, like this one, to be modelled with slightly greater finesse, as seen in the facial features, details of dress and harness and so on (see also CAM-88F808). To judge from other examples and from the figures in other media to which the horse and riders are related, the raised right hand probably held a spear and the left had a shield attached to it. All of these figures differ slightly in their details and this is no exception, above all in the detailing of the horse harness. The god is usually taken to be a provincial translation of the god Mars. Sceptre head bust The size of the head, its portrait features which resemble those of Antonine emperors - Antoninus Pius, Lucius Verus, Marcus Aurelius, Commodus (AD 138-192), and the evidence for its being mounted all give this object an affinity with the terminals in the form of bearded male heads argued to be parts of sceptres or similar portable images of the emperor (Esposito 2019). The stylization of the portrait is remarkable, especially the hair, and is similar in spirit to other examples, especially the Steane (Brackley), head ( <a href="" https://eur03.safelinks.protection.outlook.com/?url=https%3A%2F%2Ffinds.org.uk%2Fdatabase%2Fartefacts%2Frecord%2Fid%2F252426&data=04%7C01%7Cjohn.pearce%40kcl.ac.uk%7C10d405d7cb91469c0f6608d886716b31%7C8370cf1416f34c16b83c724071654356%7C0%7C0%7C637407168987293777%7CUnknown%7CTWFpbGZsb3d8eyJWIjoiMC4wLjAwMDAiLCJQIjoiV2luMzIiLCJBTiI6Ik1haWwiLCJXVCI6Mn0%3D%7C1000&sdata=fmERuzzEzQKp6e7Nw76PzxTKO%2BsZEIv975EoD%2B08ETI%3D&reserved=0 "" target=""_blank""> BERK-E24C84 </a> ; Walker 2014). This latter is thought to depict Marcus Aurelius and a similar attribution is possible for the current example, though its stylization makes a definitive identification impossible. Like the horse and rider, again this is the northernmost find of an object of this type. With the exception of the Mars sceptre heads from a burial at Brough-on-Humber, other finds are all from eastern and central England south of the Humber (Esposito 2019: 37-47, fig. 3.16, p. 63). The presence of the sceptre head gives the deposit a likely second century date or later. Association Dr Pearce suggests two possible reasons for this group of material being found together. 1. The diverse nature of the objects, a key handle, sceptre tip, plumb bob and figurine, suggest an interpretation as a miscellaneous collection of scrap bronze, some of which comes from a ritual context. Compare for example the ‘near Gloucester’ hoard, recently found by metal-detectorists (Coombe and Henig 2020). 2. A more likely possibility is that this is a ritual deposit. Sceptres in the form of emperors, gods, animals etc are likely priestly regalia and have been recurringly documented in structured deposits of likely votive origin. Most examples come from the environs of the Fens, and instances from temple sites are occasionally known, e.g. Wanborough Surrey (Esposito 2019). The horse and rider figurine would also fit a votive context, given its likely identification with Mars. The presence of the horse protome from the key handle might also be explained through its secondary use as a substitute votive for animal sacrifice. Similar deposits with which the Ryedale group could find parallels include the 1857 discovery at Willingham Fen, Cambridgeshire, initially published by Rostovsteff and Mattingly (1923) and the 1844 discovery at Felmingham Hall, Suffolk. The former comprised sceptre heads, including one head in the form of Antoninus Pius (rather than Commodus), two horse and rider figurines, other mounts in human and animal form and other fittings and beads, likely deposited together in a wooden box.. Similarly the Felmingham hall assemblage, deposited in a clay cauldron, included a copper alloy head of Jupiter, also in two pieces with a rivet for attachment at the neck, as well as other figurines, bases and mounts, spears, a miniature wheel and rattles (Esposito 2019: 67-72). The plumb bob is harder to parallel in assemblages of this type but reasons for its possible placing in a votive deposit can be suggested. In use in construction, its presence might be explained as a foundation offering related to some act of building related to the putative shrine from which the other pieces derive. Martin Henig notes: ‘Measuring instruments are often shown on dedications of tombstones for example , showing the monument was dedicated sub ascia , see CSIR 1. 9, my North-West Midlands fascicule , no.39.[p.15 and pl.16; no.63 on p.22 and pl.22; the words used on no,33 pp.12-13,pl.15 though no plumb bob shown... I suspect this [a plumb bob] was always a key object for demarcating sacred space with accuracy...It occurs in a number of Biblical verses with this connotation...and for quite an obvious reason..how else can an architect measure accurately?’ Alternatively, as a key component of the groma , the main survey instrument, the plumb bob’s presence might be an offering made during rituals associated with landscape re-organisation. In this connection the presence of the plumb bob has echoes of another find in the same region, the Piercebridge plough group, a copper alloy statuette found in the early 19 th century and now in the British Museum (BM 1879,0710.1) . The composition of the plough team, a cow and bull yoked together, suggests that this object is a likely votive model of the scene in which the furrow is cut to form the line of the pomerium , the symbolic boundary for towns of chartered status, realised on the ground in Britain in the ditches, banks and walls which made up urban circuits (Manning 1971). The Ryedale group is somewhat closer to such towns than the Piercebridge find, with Aldborough being c. 20 km to the south-west in the vale of York. As well as creating town boundaries other surveying operations which might need a ritual sanction can be conjectured. It has proved hard to find convincing traces of the regular parcelling up of expropriated territory (centuration) in Britain but other changes within the wider setting of the find might provide a context for survey operations. The alignment of roads running to the frontier in the north and branching west and east into the Pennines and vale of Pickering respectively, would have required survey in advance. The presence of garrisons, for example at Malton to the east, the development of villas (Beadlam and Hovingham are also only a few kilometres east of the findspot) would all have likely seen expropriation and re-allocation of land with concomitant measuring and marking out and perhaps divine approval through sacrifice. It may be possible to test these conjectures further if fuller context information becomes available. References: Artefacts: Encyclopédie collaborative en ligne des petits objets archéologiques <a href="" https://artefacts.mom.fr/ ""> https://artefacts.mom.fr/ </a> Coombe, P. and Henig, M. 2020. ‘The Gloucester hoard of Roman bronze’, Britannia 51 Durham, E. 2012 Depicting the gods: metal figurines in Roman Britain, Internet Archaeology 31. <a href="" https://doi.org/10.11141/ia.31.2 ""> https://doi.org/10.11141/ia.31.2 </a> Esposito, A. 2019. Performing the Sacra: priestly roles and their organisation in Roman Britain , Archaeopress Roman Archaeology 53, Oxford Manning, W. H. 1971. ‘The Piercebridge Plough Group’, The British Museum Quarterly , Vol. 35, 125-136. Rostovtseff, M. and Mattingly, H. 1923, ‘Commodus-Hercules in Britain’, The Journal of Roman Studies 13, 91-109 Walker, S, 2014, ‘Emperors and Deities in Rural Britain: A Copper-Alloy Head of Marcus Aurelius from Steane, near Brackley (Northants.)’, Britannia 45,.223–24",3608,2470,1400,958,b53e8775cb9b7107892acd20857785ebada475e7fe1d1b2a0f2f3b3b90f53195,9fc4904b63b4e19b,47.844
stylized_3d,14,stylized,visual-harvest-400/stylized_3d/014_stylized_khalili-collection-japanese-meiji-art-l035.jpg,File:Khalili Collection Japanese Meiji Art L035.jpg,https://commons.wikimedia.org/wiki/File:Khalili_Collection_Japanese_Meiji_Art_L035.jpg,https://upload.wikimedia.org/wikipedia/commons/thumb/9/93/Khalili_Collection_Japanese_Meiji_Art_L035.jpg/1920px-Khalili_Collection_Japanese_Meiji_Art_L035.jpg,Khalili Collections,CC BY-SA 4.0,https://creativecommons.org/licenses/by-sa/4.0,Khalili Collection Japanese Meiji Art L035,2500,3199,1094,1400,feb9a1d0297bd2b00d6f05067604526e8b1481586a844455ed3de4cc6153f3ed,ff50c06e841f7b90,38.31
stylized_3d,15,stylized,visual-harvest-400/stylized_3d/015_stylized_assemblage-findid-1013510-1120692.jpg,File:Assemblage (FindID 1013510-1120692).jpg,https://commons.wikimedia.org/wiki/File:Assemblage_(FindID_1013510-1120692).jpg,https://upload.wikimedia.org/wikipedia/commons/thumb/c/c9/Assemblage_%28FindID_1013510-1120692%29.jpg/1920px-Assemblage_%28FindID_1013510-1120692%29.jpg,"The Portable Antiquities Scheme, Amy Downes, 2020-11-01 16:08:38",CC BY 2.0,https://creativecommons.org/licenses/by/2.0,"An assemblage of four Roman objects dating to c.AD 43-410. The assemblage comprises: 1 x copper alloy plumb bob (finder 1) 1 x copper alloy horse and rider figurine (finder 1) 1 x copper alloy and iron horse head probable key handle (finder 2) 1 x copper alloy probable sceptre head in the form of a bust (finder 1) Plumb bob A complete copper-alloy plumb bob, conical and solid with a blunted tip. The flat top bears concentric circular grooves. Projecting from its centre is a neck (11.6mm diameter at its narrowest) with concave sides, topped with a domed fungiform terminal (25.9mm diameter) with a flat underside. A circular hole (4.4mm diameter) at least 21.5 mm deep pierces the centre of the top of the domed terminal. Another circular hole crosses transversally through its neck (3.3mm diameter). The holes likely relate to the object’s suspension. The plumb bob has a smooth green patina with no decoration or marks, apart from a few small patinated dimples. 72.7mm long, 40.9mm diameter. 282g. Finder 1. Horse and rider figurine An incomplete and worn solid copper-alloy figurine of a horse and rider, cast in one. The rider sits astride the horse. The rider’s head is ovate, the face having very worn but quite well-modelled features in the right proportions. A helmet is delineated by moulded lines, with a worn and damaged crest. The right arm extends sideways at shoulder height and turns up at the elbow, the thinning forearm being broken at the wrist. A spur of twisted metal extends from the break towards the head. The patina is missing, revealing brass. This would have held a now lost spear. The left arm extends forwards from the body of the rider just above waist height to the side of the horse’s head, also reducing in diameter below the elbow. It terminates in a globular upward projection, a likely attachment for another element, probably a shield. The rider wears a belted and sleeved(?) tunic, with paired brace-like vertical lines on the back and chest perhaps rendering some decoration of the garment. Wear may obscure further detail in the middle. Beneath the prominent waistband is a pleated kilt. The legs are thick and appear a little short compared to the body. There may be a trace of footwear on the right leg. The horse is modelled in considerable detail, although some has been lost to damage to the top of the head, including parts of the leaf-shaped recessed ears and mane. The mane is a raised crest, decorated with parallel incised lines. Unusually the disc-like eyes stand in relief proud of the face, perhaps indicating that the horse wore a chamfron with eye protectors. Details of the horse’s bridle are also modelled in high relief, including a nose band, head band, and strap behind the ears which joins the others and leads to a bit. The reins, laying on the neck, would have run across the space between the chin and chest to join the bit, but these elements are now missing. The breaks are patinated. Also moulded is the girth as well as straps round the forequarters and rump and under the tail. All three extend from the same place, just behind the rider's thigh. The straps carry phalerae (discs) on each shoulder and haunch. The saddle is represented as two short prongs or ‘horns’ behind the rider. The horse’s right foreleg is lifted and the left foreleg straight, as if the animal is stepping forward. Both front hooves are missing, but the breaks are patinated. There is also a deep crack across the knee of the horse's left foreleg. The back legs are both bent, as if the horse is moving at a canter. The right leg has a deep crack across the lower portion. Muscles and bone are visibly modelled and the hooves are delineated by an incised groove. Projecting from the base of the rear hoofs are rounded pegs or extensions, perhaps to slot into a base. The tail, damaged at the tip, hangs following the line of the back legs and carries longitudinal incisions to suggest the strands of hair. The figurine has a smooth grey green patina, rougher and lighter over the damaged areas. It is 73.7mm long, 30mm wide across the rider's shoulders, and 86.8mm high. 222g. Finder 1. Horse head key handle An incomplete solid copper alloy zoomorphic handle, in the form of a horse protome (forequarters). Iron corrosion covers the flat face where the horse is truncated at the shoulder, with the corroded remains of an iron shank about 5mm long and 7.5mm across. The head is modelled in some detail, in particular the mane, eye and nostrils. A groove runs down the centre of the mane, incised on either side to mark its strands. The eyes are pointed ovates, set slightly lopsidedly on either side of the head, above which are the ovate ears laid flat against the mane. The nostrils are formed of shallow ovals. Below them is a wide mouth with teeth perhaps bared, but not defined in the moulding. There is a flattened facet on the front of the lower part of the neck, perhaps post-depositional damage, but patinated. The two forelegs extend forward from the animal, perhaps giving the impression of the horse in motion at a canter, though this is also a common position of legs in these protome figures. The forelegs terminate in moulded hooves, with recent damage to the tip of one. The object has a smooth grey green patina. 52mm long, 17.7mm wide and 48mm high. 90g. Finder 2. Direct parallels are not yet known to us but and what survives of the shank suggests its square profile, as would be expected for a key and the handle has very close echoes of known zoomorphic key handle types. Some key handles represent horses in the form of a head emerging from a calyx (Artefacts CLE-4111). Others are in very similar animal protome form, including panthers and lions (Artefacts CLE-4054; CLE-4125). Sceptre head bust An incomplete hollow copper-alloy stylised male bust with detailed modelling of hair and facial features. The top of the head is domed and smooth, with hair and beard forming a continuous wide fringe around the face. Twisting short tufts of hair curl up from the temples, swept back and arranged somewhat symmetrically in the centre. Curvilinear incisions represent individual strands. The ears are represented as single spiralling curls, expanding at the spiral’s inner terminus and standing proud of the head. The short beard and moustache are similarly modelled to the hair, the beard lengthening towards the chin where it bifurcates in two principal curls. The lentoid eyes are emphasised with an incised outline, turning downward at their outer extremities. The pupils are perforations 5.8mm and 6mm in diameter. These may originally have held separate coloured elements but there is no surviving evidence for this, nor on the reverse. The eyes are framed by prominent curving brows which extend into the high ridge of the sub-triangular nose with slightly recessed nostrils at its base. The slot-like mouth is framed by thin lips modelled as two straight raised ridges, slightly parted. The ‘step’ or raised line where the neck widens to join the thin spatulate chest plate may represent some form of clothing. Three rivet holes are visible on the front of the chest plate, with a break on the rim of the plate extending to join with the central hole. A narrow crack also runs between this rivet hole and another to its left. The undamaged hole is 2.7mm diameter. The other two are larger. The rivet holes suggest a means of fixing the bust to another element. At the sides of the neck are the remains of two copper alloy rivets, one on each side, next to the opening in the back of the bust. They project both outside and inside the wall of the neck. These would have allowed the separate backplate to be attached, and there are no other fixings for the backplate evident. The interior of the head has a rough surface. The backplate, now detached, is a 1mm thick sheet of copper alloy and has a torn rivet hole of 2.5mm diameter that articulates with the rivet on the bust's left. The sides of the backplate are bent round the outside of the neck and cover the whole of the opening in the back of the bust from the rivets upwards. A line of differential patination on the back of the head shows how far the backplate reached when attached, and there is a matching line on the back of the backplate. The backplate’s edges are damaged, with some parts missing, and it is torn across the middle. This looks to be more recent damage with the broken edge showing as a brassier colour . The backplate is 63.9mm long, 40.6mm wide and 7mm thick as bent to fit round the neck. 13g. It has a pitted dusty grey green patina. The edges of the backplate would have been visible from the front when in position on the back of the head. The hole at the base where the backplate and front of the sceptre head meet would have allowed for the entry for the pole or staff on which is was mounted. The bust has a smooth olive-green patina and, noting the damage to the backplate, is otherwise in very good condition. It is 130mm long, 78mm wide across the shoulders, 63mm wide across the upper head, 44mm thick across the nose, 51mm thick across the upper head and 23mm thick across the neck. 417g. Discussion The following discussion incorporates comments from John Pearce, Senior Lecturer in Archaeology, King's College London, with additional comment by Martin Henig, Institute of Archaeology, Oxford University. Plumb bob The plumb bob is of a similar form to many from Roman contexts including an example from the Pitt-Rivers collection of the British Museum: <a href="" https://eur03.safelinks.protection.outlook.com/?url=https%3A%2F%2Fwww.britishmuseum.org%2Fcollection%2Fobject%2FG_1975-0429-6&data=04%7C01%7Cjohn.pearce%40kcl.ac.uk%7C10d405d7cb91469c0f6608d886716b31%7C8370cf1416f34c16b83c724071654356%7C0%7C0%7C637407168987283786%7CUnknown%7CTWFpbGZsb3d8eyJWIjoiMC4wLjAwMDAiLCJQIjoiV2luMzIiLCJBTiI6Ik1haWwiLCJXVCI6Mn0%3D%7C1000&sdata=PAj78VaTAH2OchSnTvfzBSdY3Y%2F4dxPR%2Bf67AC8Q5lg%3D&reserved=0 "" target=""_blank""> https://www.britishmuseum.org/collection/object/G_1975-0429-6 </a> . They were used by surveyors, carpenters etc. Martin Henig notes the following parallels. ‘It ‘the plumb bob] conforms to the Roman shape cf. Boon, Silchester. The Roman Town of Calleva (1974) pp.200 and 227, fig.35 no.8 from Silchester and J.-P. Adam, Roman Building. Materials and Techniques (1994),p.42 fg 84 from Rome.’ Horse and rider figurine Horse and rider figurines are documented in more than 25 examples in Britain, this being the northernmost yet known (most are in a zone extending from north Lincolnshire to Wiltshire) (Durham 4.4.1). Integrally cast examples are not common and tend, like this one, to be modelled with slightly greater finesse, as seen in the facial features, details of dress and harness and so on (see also CAM-88F808). To judge from other examples and from the figures in other media to which the horse and riders are related, the raised right hand probably held a spear and the left had a shield attached to it. All of these figures differ slightly in their details and this is no exception, above all in the detailing of the horse harness. The god is usually taken to be a provincial translation of the god Mars. Sceptre head bust The size of the head, its portrait features which resemble those of Antonine emperors - Antoninus Pius, Lucius Verus, Marcus Aurelius, Commodus (AD 138-192), and the evidence for its being mounted all give this object an affinity with the terminals in the form of bearded male heads argued to be parts of sceptres or similar portable images of the emperor (Esposito 2019). The stylization of the portrait is remarkable, especially the hair, and is similar in spirit to other examples, especially the Steane (Brackley), head ( <a href="" https://eur03.safelinks.protection.outlook.com/?url=https%3A%2F%2Ffinds.org.uk%2Fdatabase%2Fartefacts%2Frecord%2Fid%2F252426&data=04%7C01%7Cjohn.pearce%40kcl.ac.uk%7C10d405d7cb91469c0f6608d886716b31%7C8370cf1416f34c16b83c724071654356%7C0%7C0%7C637407168987293777%7CUnknown%7CTWFpbGZsb3d8eyJWIjoiMC4wLjAwMDAiLCJQIjoiV2luMzIiLCJBTiI6Ik1haWwiLCJXVCI6Mn0%3D%7C1000&sdata=fmERuzzEzQKp6e7Nw76PzxTKO%2BsZEIv975EoD%2B08ETI%3D&reserved=0 "" target=""_blank""> BERK-E24C84 </a> ; Walker 2014). This latter is thought to depict Marcus Aurelius and a similar attribution is possible for the current example, though its stylization makes a definitive identification impossible. Like the horse and rider, again this is the northernmost find of an object of this type. With the exception of the Mars sceptre heads from a burial at Brough-on-Humber, other finds are all from eastern and central England south of the Humber (Esposito 2019: 37-47, fig. 3.16, p. 63). The presence of the sceptre head gives the deposit a likely second century date or later. Association Dr Pearce suggests two possible reasons for this group of material being found together. 1. The diverse nature of the objects, a key handle, sceptre tip, plumb bob and figurine, suggest an interpretation as a miscellaneous collection of scrap bronze, some of which comes from a ritual context. Compare for example the ‘near Gloucester’ hoard, recently found by metal-detectorists (Coombe and Henig 2020). 2. A more likely possibility is that this is a ritual deposit. Sceptres in the form of emperors, gods, animals etc are likely priestly regalia and have been recurringly documented in structured deposits of likely votive origin. Most examples come from the environs of the Fens, and instances from temple sites are occasionally known, e.g. Wanborough Surrey (Esposito 2019). The horse and rider figurine would also fit a votive context, given its likely identification with Mars. The presence of the horse protome from the key handle might also be explained through its secondary use as a substitute votive for animal sacrifice. Similar deposits with which the Ryedale group could find parallels include the 1857 discovery at Willingham Fen, Cambridgeshire, initially published by Rostovsteff and Mattingly (1923) and the 1844 discovery at Felmingham Hall, Suffolk. The former comprised sceptre heads, including one head in the form of Antoninus Pius (rather than Commodus), two horse and rider figurines, other mounts in human and animal form and other fittings and beads, likely deposited together in a wooden box.. Similarly the Felmingham hall assemblage, deposited in a clay cauldron, included a copper alloy head of Jupiter, also in two pieces with a rivet for attachment at the neck, as well as other figurines, bases and mounts, spears, a miniature wheel and rattles (Esposito 2019: 67-72). The plumb bob is harder to parallel in assemblages of this type but reasons for its possible placing in a votive deposit can be suggested. In use in construction, its presence might be explained as a foundation offering related to some act of building related to the putative shrine from which the other pieces derive. Martin Henig notes: ‘Measuring instruments are often shown on dedications of tombstones for example , showing the monument was dedicated sub ascia , see CSIR 1. 9, my North-West Midlands fascicule , no.39.[p.15 and pl.16; no.63 on p.22 and pl.22; the words used on no,33 pp.12-13,pl.15 though no plumb bob shown... I suspect this [a plumb bob] was always a key object for demarcating sacred space with accuracy...It occurs in a number of Biblical verses with this connotation...and for quite an obvious reason..how else can an architect measure accurately?’ Alternatively, as a key component of the groma , the main survey instrument, the plumb bob’s presence might be an offering made during rituals associated with landscape re-organisation. In this connection the presence of the plumb bob has echoes of another find in the same region, the Piercebridge plough group, a copper alloy statuette found in the early 19 th century and now in the British Museum (BM 1879,0710.1) . The composition of the plough team, a cow and bull yoked together, suggests that this object is a likely votive model of the scene in which the furrow is cut to form the line of the pomerium , the symbolic boundary for towns of chartered status, realised on the ground in Britain in the ditches, banks and walls which made up urban circuits (Manning 1971). The Ryedale group is somewhat closer to such towns than the Piercebridge find, with Aldborough being c. 20 km to the south-west in the vale of York. As well as creating town boundaries other surveying operations which might need a ritual sanction can be conjectured. It has proved hard to find convincing traces of the regular parcelling up of expropriated territory (centuration) in Britain but other changes within the wider setting of the find might provide a context for survey operations. The alignment of roads running to the frontier in the north and branching west and east into the Pennines and vale of Pickering respectively, would have required survey in advance. The presence of garrisons, for example at Malton to the east, the development of villas (Beadlam and Hovingham are also only a few kilometres east of the findspot) would all have likely seen expropriation and re-allocation of land with concomitant measuring and marking out and perhaps divine approval through sacrifice. It may be possible to test these conjectures further if fuller context information becomes available. References: Artefacts: Encyclopédie collaborative en ligne des petits objets archéologiques <a href="" https://artefacts.mom.fr/ ""> https://artefacts.mom.fr/ </a> Coombe, P. and Henig, M. 2020. ‘The Gloucester hoard of Roman bronze’, Britannia 51 Durham, E. 2012 Depicting the gods: metal figurines in Roman Britain, Internet Archaeology 31. <a href="" https://doi.org/10.11141/ia.31.2 ""> https://doi.org/10.11141/ia.31.2 </a> Esposito, A. 2019. Performing the Sacra: priestly roles and their organisation in Roman Britain , Archaeopress Roman Archaeology 53, Oxford Manning, W. H. 1971. ‘The Piercebridge Plough Group’, The British Museum Quarterly , Vol. 35, 125-136. Rostovtseff, M. and Mattingly, H. 1923, ‘Commodus-Hercules in Britain’, The Journal of Roman Studies 13, 91-109 Walker, S, 2014, ‘Emperors and Deities in Rural Britain: A Copper-Alloy Head of Marcus Aurelius from Steane, near Brackley (Northants.)’, Britannia 45,.223–24",3601,4941,1021,1400,f9d364d5dc8a7037b6ed73782cfb9e33f546e31d2eae8f49d9c02b1983cacd48,901f6cc92de26bb4,49.403
stylized_3d,16,cgi,visual-harvest-400/stylized_3d/016_cgi_power-8-mandelbulb-fractal-overview.jpg,File:Power 8 mandelbulb fractal overview.jpg,https://commons.wikimedia.org/wiki/File:Power_8_mandelbulb_fractal_overview.jpg,https://upload.wikimedia.org/wikipedia/commons/thumb/a/a0/Power_8_mandelbulb_fractal_overview.jpg/1920px-Power_8_mandelbulb_fractal_overview.jpg,Ondřej Karlík,CC BY-SA 3.0,https://creativecommons.org/licenses/by-sa/3.0,This Mandelbulb image is rendered with volumetric ray tracing and path tracing global illumination algorithm in the Corona renderer . The rendering took about 70 hours on single Intel i7-2600 computer. The image is lit as a single high-dynamic range image (environment lighting).,12000,10816,1400,1262,0afbaeb84156920341de52a3a98b83eb8c3dcda6e728c944316c430443624c7d,87e72fe429992417,43.938
stylized_3d,17,cgi,visual-harvest-400/stylized_3d/017_cgi_cornell-box2-octane-6k-16bit.jpg,File:Cornell Box2 Octane (6K 16bit).png,https://commons.wikimedia.org/wiki/File:Cornell_Box2_Octane_(6K_16bit).png,https://upload.wikimedia.org/wikipedia/commons/thumb/5/5b/Cornell_Box2_Octane_%286K_16bit%29.png/1920px-Cornell_Box2_Octane_%286K_16bit%29.png,Czerniawskimc,CC0,http://creativecommons.org/publicdomain/zero/1.0/deed.en,"This image is for illustration purposes only. While it shares similarities with the Cornell Box, it was created for a specific purpose within an article and should not be used as a reference or for direct comparisons with other images. Certain elements were intentionally altered, including deliberate inaccuracies, to fit its intended context. This image does not represent the correct appearance of the Cornell Box, the rendering capabilities of the rendering engine used, or an accurate recreation of the original setup. It is known the light used in Cornell Box was 100W, but a 1W (sic!) light was used in this scene. Material properties are incorrect, too. I could tell you all about it, but you have been warned. Please use this intentionally broken image with caution and use it however you like. - A 3D model of ""Banana duct taped to the wall"" was created and uploaded by Bohdan Chepovyi (username: bvchepovyi) to Sketchfab in 2019. It was downloaded from, and was accessible via: https://sketchfab.com/3d-models/banana-duct-taped-to-the-wall-9efb18fa4f8444188e6dccf974c2dcee https://sketchfab.com/bvchepovyi It was used to show the scale of the scene, referencing the 'banana for scale' commonly used on Reddit, and the taped banana is also a reference ['Comedian' is a 2019 artwork by Italian artist Maurizio Cattelan - from Wikipedia page 'Comedian_(artwork)']. - Rendered using Octane Render with most of data inputs defined spectrally. Ray tracing method: Offline path tracing BRDF: Oren-Nayar BSDF: GGX (energy preserving) Data output: OpenEXR converted to PNG (Wikimedia Commons file format restrictions) Display Rendering Transform: NONE Tonemapping: sRGB tonemapping + basic ""highlight compression"" (50%) method so it resembles a 30+ year old image DCC tools used: Octane Standalone, GIMP, Cinema 4D, After Effects, Photoshop Post-processing: No color correction was performed after rendering. Visible bloom with a spectral shift effect was added as a post effect in the rendering solution to aesthetically match another similar image embedded in the article. Hardware: Decentralized GPU rendering network 'Render Network (RNDR)' Render time: Fast :-)",7680,6144,1400,1120,679ccdf5fabf65ae3d576b97e4e166f179eaaefa930e6290895f54ede6375c5f,c2cd2e3939c62ec9,44.775
stylized_3d,18,cgi,visual-harvest-400/stylized_3d/018_cgi_i-live-in-the-matrix-forreal-not-really-compiling-boxee-monitoring-the.jpg,"File:I live in the matrix forreal - Not really. Compiling boxee, monitoring the render farm (2009-04-07 19.01.43 by Lee Azzarello).jpg","https://commons.wikimedia.org/wiki/File:I_live_in_the_matrix_forreal_-_Not_really._Compiling_boxee,_monitoring_the_render_farm_(2009-04-07_19.01.43_by_Lee_Azzarello).jpg",https://upload.wikimedia.org/wikipedia/commons/thumb/8/89/I_live_in_the_matrix_forreal_-_Not_really._Compiling_boxee%2C_monitoring_the_render_farm_%282009-04-07_19.01.43_by_Lee_Azzarello%29.jpg/1920px-I_live_in_the_matrix_forreal_-_Not_really._Compiling_boxee%2C_monitoring_the_render_farm_%282009-04-07_19.01.43_by_Lee_Azzarello%29.jpg,"Lee from Brooklyn, NY, USA",CC BY-SA 2.0,https://creativecommons.org/licenses/by-sa/2.0,"I live in the matrix forreal Not really. Compiling boxee, monitoring the render farm. Flickr Tags: linux gcc matrix compiling top renderfarm dwm . from Flickr album "" Techno "" by Lee Azzarello from Brooklyn, NY, USA. "" Nerdy things I do or have witnessed done with technologies. It's dangerous out there. """,2048,1536,1400,1050,c137d125166c3382da2269a4282f8c91dd2957df03516e3a713a8e57c35cee0d,d185b3c1ed53e550,44.236
stylized_3d,19,cgi,visual-harvest-400/stylized_3d/019_cgi_cornell-box-octane-6k-8bit.jpg,"File:Cornell Box Octane (6K, 8bit).png","https://commons.wikimedia.org/wiki/File:Cornell_Box_Octane_(6K,_8bit).png",https://upload.wikimedia.org/wikipedia/commons/thumb/9/92/Cornell_Box_Octane_%286K%2C_8bit%29.png/1920px-Cornell_Box_Octane_%286K%2C_8bit%29.png,Czerniawskimc,CC0,http://creativecommons.org/publicdomain/zero/1.0/deed.en,"This image is for illustration purposes only. While it shares similarities with the Cornell Box, it was created for a specific purpose within an article and should not be used as a reference or for direct comparisons with other images. Certain elements were intentionally altered, including deliberate inaccuracies, to fit its intended context. This image does not represent the correct appearance of the Cornell Box, the rendering capabilities of the rendering engine used, or an accurate recreation of the original setup. It is known the light used in Cornell Box was 100W, but a 1W (sic!) light was used in this scene. Material properties are incorrect, too. I could tell you all about it, but you have been warned. Please use this intentionally broken image with caution and use it however you like. - Rendered using Octane Render with most of data inputs defined spectrally. Ray tracing method: Offline path tracing BRDF: Oren-Nayar BSDF: GGX (energy preserving) Data output: OpenEXR converted to PNG (Wikimedia Commons file format restrictions) Display Rendering Transform: NONE Tonemapping: sRGB tonemapping + basic ""highlight compression"" (50%) method so it resembles a 30+ year old image DCC tools used: Octane Standalone, GIMP, Cinema 4D, After Effects, Photoshop Post-processing: No color correction was performed after rendering. Hardware: CUDA-enabled 3000-series RTX Nvidia GPU Render time: Fast :-)",6144,6144,1400,1400,0017d767c7a8f832508aff8d95f627608dc80634caab20dfeb3e06d3be136ac6,859b6c35f0247a37,43.162
stylized_3d,20,cgi,visual-harvest-400/stylized_3d/020_cgi_sanctuary-of-ercole-vincitore-tivoli-render-model-gemini-generated.jpg,File:Sanctuary of Ercole Vincitore Tivoli Render Model Gemini-generated.png,https://commons.wikimedia.org/wiki/File:Sanctuary_of_Ercole_Vincitore_Tivoli_Render_Model_Gemini-generated.png,https://upload.wikimedia.org/wikipedia/commons/thumb/c/c8/Sanctuary_of_Ercole_Vincitore_Tivoli_Render_Model_Gemini-generated.png/1920px-Sanctuary_of_Ercole_Vincitore_Tivoli_Render_Model_Gemini-generated.png,Google Gemini; generated by Horst-schlaemma,Public domain,,A 3D model of the Sanctuary of Hercules Victor (Ercole Vincitore) in Tivoli (ancient Tibur) near Rome. Generated using Google Gemini with the help of physical models that provided reference.,2482,1728,1400,975,1e1cd525963ad33c2c547af6fb1c009cd69b4fe4fa354671aa64d20f38f595a3,d923703c47b0f4f2,43.49
stylized_3d,21,cgi,visual-harvest-400/stylized_3d/021_cgi_rendering-techniques-example-path-tracing-realistic-blender-cycles.jpg,"File:Rendering techniques example, path tracing, realistic, Blender Cycles.jpg","https://commons.wikimedia.org/wiki/File:Rendering_techniques_example,_path_tracing,_realistic,_Blender_Cycles.jpg",https://upload.wikimedia.org/wikipedia/commons/thumb/c/cc/Rendering_techniques_example%2C_path_tracing%2C_realistic%2C_Blender_Cycles.jpg/1920px-Rendering_techniques_example%2C_path_tracing%2C_realistic%2C_Blender_Cycles.jpg,KaiaVintr,CC BY-SA 4.0,https://creativecommons.org/licenses/by-sa/4.0,"A 3D rendered image using path tracing , rendered by Blender 's Cycles renderer. This version of the scene uses more complex materials and lighting, and adds some random bumpiness to the surfaces of the cow models, using procedural noise . The texture coordinates for the central cow have been perturbed slightly, also using procedural noise, and the number of colors has been reduced, to make the colors look more like paint or ceramic glaze. Indents representing nostrils have been added to the other two cows using displacement mapping . An environment map is used, which captures lighting from a real world location, a technique known as image-based lighting . To produce the same lighting and reflections without an environment map would require recreating the entire surrounding environment using 3D models and dozens of simulated lights. Image-based lighting can be used with other rendering methods, such as rasterization , but it works especially well with path tracing. The table uses texture mapping to incorporate surface details scanned from an actual wooden table. The texture data includes information about the roughness of different parts of the surface, allowing more realistic simulation of the reflection in the varnished table surface. Texture mapping can also be used with other rendering methods, such as rasterization.",2048,1536,1400,1050,616aa491767ed471ef7ddcc7e0db5a01f6a98e805d165cafe9f8f7c1e66dbd62,9ccc6263391b33a7,31.589
stylized_3d,22,cgi,visual-harvest-400/stylized_3d/022_cgi_rendering-von-seite-sierpi-ski-pyramide-20230513-002-rgb16.jpg,File:Rendering von Seite Sierpiński-Pyramide 20230513 002 RGB16.png,https://commons.wikimedia.org/wiki/File:Rendering_von_Seite_Sierpi%C5%84ski-Pyramide_20230513_002_RGB16.png,https://upload.wikimedia.org/wikipedia/commons/thumb/6/63/Rendering_von_Seite_Sierpi%C5%84ski-Pyramide_20230513_002_RGB16.png/1920px-Rendering_von_Seite_Sierpi%C5%84ski-Pyramide_20230513_002_RGB16.png,PantheraLeo1359531,CC0,http://creativecommons.org/publicdomain/zero/1.0/deed.en,"Rendering of a Sierpinski pyramid. The pyramids have a square base. The number of pyramids depends on the iteration depth. After iteration x the Sierpinski pyramid has 5^x pyramids. The rendering shows a downward view of the top. The shading of the fractal corresponds to gold. The rendering took 01:55:22 hours (6878 seconds; with GeForce RTX 3090 Gigabyte Eagle OC). This pyramid should represent iteration level 8. The light design was done with ray tracing, which is why the rendering took so long. The sampling (antialiasing) is 40.",10000,10000,1400,1400,05dd75f3a7adf8432ee53d91d3bf8b586209b2f3cd1b5dc268b7dfea21d3214b,eed1920ecb691e31,46.07
stylized_3d,23,cgi,visual-harvest-400/stylized_3d/023_cgi_render-farm-2825014185.jpg,File:Render farm (2825014185).jpg,https://commons.wikimedia.org/wiki/File:Render_farm_(2825014185).jpg,https://upload.wikimedia.org/wikipedia/commons/thumb/6/6e/Render_farm_%282825014185%29.jpg/1280px-Render_farm_%282825014185%29.jpg,"Pedro Lozano from Cádiz, Spain",CC BY 2.0,https://creativecommons.org/licenses/by/2.0,A company render farm in Madrid.,1365,2048,933,1400,5b91bfa65cad62d9a2bdc4a69119e47779a51375f4d43721a9cc6b2f2d965911,ab80543f1f1cb593,42.742
stylized_3d,24,spaceship,visual-harvest-400/stylized_3d/024_spaceship_off-world-research-base.jpg,File:Off-world research base.png,https://commons.wikimedia.org/wiki/File:Off-world_research_base.png,https://upload.wikimedia.org/wikipedia/commons/thumb/2/2b/Off-world_research_base.png/1920px-Off-world_research_base.png,Mysticsartdesign,CC0,http://creativecommons.org/publicdomain/zero/1.0/deed.en,A 3D render of an imaginary research base for studying an exoplanet.,3000,3000,1400,1400,c20dc50a2280445dbe78f047dc0ae2720a1ffc7fb47729c3d1760415e42f53b1,953d6a9a36c31ca5,45.894
stylized_3d,25,space,visual-harvest-400/stylized_3d/025_space_malaspina-panorama-no-type.jpg,File:Malaspina-panorama-no-type.jpg,https://commons.wikimedia.org/wiki/File:Malaspina-panorama-no-type.jpg,https://upload.wikimedia.org/wikipedia/commons/thumb/b/b9/Malaspina-panorama-no-type.jpg/1920px-Malaspina-panorama-no-type.jpg,Tom Patterson,Public domain,,"This is a 3D rendered panoramic map of Malaspina Glacier as of 2021, created by Tom Patterson. This version has no labels or any other text. Description on website: ""High, wild, remote, and icy—these are some of the words that describe the Saint Elias Mountains. They are the highest coastal mountains on Earth. Massive glaciers spill down their slopes, calving into the sea. But the Saint Elias Mountains are little-known because few people live nearby, a lack of road access, and an international border that divides them. They are neither here nor there. I rendered this panorama to showcase a wild landscape in its entirety where human development is minimal. The sprawling Malaspina Glacier with its concentric rings of ice, rubble, and meltwater is front and center. I started this project in 2017 and then put it aside for four years. However, accelerating climate change brought newfound urgency to my mapping. I wanted to map this beautiful glacier while it still exists. I hope that you find my panorama informative and inspiring."" Description on versions of map with text: ""You are looking at North America's icy heartland with a telephoto lens from an altitude of 206 kilometers (125 miles)—one half as high as the International Space Station. The map showcases a wild land where human influences are few. It is a rare day with no clouds. A Digital Elevation Model (DEM) with height samples every 22.5-meters underlies the scene. It contains US and Canadian government data. I employed manual touchups along the international border, especially on Mount Saint Elias, where the data matched poorly. The Alaska DEMs in the foreground date from 2015–17. Textures derive from the 2015 North American Land Cover 30-meter dataset. The natural colors represent water, snow and ice, barren land, low vegetation, broadleaf forest, needleleaf forest, and wetland. In addition, I merged 2017 Landsat imagery with the land cover to depict ocean sediments and glacier textures. Glacier snouts covered with dirt and rocks appear lighter than they actually are. I simplified other information for clarity, such as chaotic braided rivers. The international border appears as a continuous line, although in reality it hides behind mountains in places.""",12000,6563,1400,766,cdd1f7f685abce79523b96dbffe7a40943c404dd019a31f4875743c30fa1237d,89572ea8970ac1ef,37.676
stylized_3d,26,space,visual-harvest-400/stylized_3d/026_space_ceres-space-elevator.jpg,File:Ceres space elevator.webp,https://commons.wikimedia.org/wiki/File:Ceres_space_elevator.webp,https://upload.wikimedia.org/wikipedia/commons/thumb/5/52/Ceres_space_elevator.webp/1920px-Ceres_space_elevator.webp.png,Wikideas1,CC0,http://creativecommons.org/publicdomain/zero/1.0/deed.en,Ceres space elevator. 1000 kilometer space elevator. The space station at the top is the counterweight.,4813,2418,1400,704,ce919fb3d505d5649ef3a129e6e7ccf97d5b920498e0fca1933bb858b85320a9,c4cc33c639e339a3,34.079
stylized_3d,27,space,visual-harvest-400/stylized_3d/027_space_multi-level-stack-parking-in-nyc.jpg,File:Multi-Level-Stack-Parking-in-NYC.jpg,https://commons.wikimedia.org/wiki/File:Multi-Level-Stack-Parking-in-NYC.jpg,https://upload.wikimedia.org/wikipedia/commons/thumb/5/56/Multi-Level-Stack-Parking-in-NYC.jpg/1920px-Multi-Level-Stack-Parking-in-NYC.jpg,Rajesh Natraj,CC0,http://creativecommons.org/publicdomain/zero/1.0/deed.en,"Multi level car parking manufactures in chennai , Tamilnadu India",2560,1920,1400,1050,c965d584677d2102a78d28f9db0cdaf3f33be8e7f9ce63ab8f16e2a2d1f19961,ede8d41492738b4d,50.283
stylized_3d,28,raytrace,visual-harvest-400/stylized_3d/028_raytrace_rendering-techniques-example-path-tracing-high-quality-blender-cycles.jpg,"File:Rendering techniques example, path tracing, high quality, Blender Cycles.png","https://commons.wikimedia.org/wiki/File:Rendering_techniques_example,_path_tracing,_high_quality,_Blender_Cycles.png",https://upload.wikimedia.org/wikipedia/commons/thumb/0/0d/Rendering_techniques_example%2C_path_tracing%2C_high_quality%2C_Blender_Cycles.png/1920px-Rendering_techniques_example%2C_path_tracing%2C_high_quality%2C_Blender_Cycles.png,KaiaVintr,CC BY-SA 4.0,https://creativecommons.org/licenses/by-sa/4.0,"A 3D rendered image using path tracing , rendered by Blender 's Cycles renderer. The smoothness of the meshes used for the cows has been increased using subdivision . The scene uses very simple lighting, and uniform background colors, to make it easier to interpret differences in global illumination when comparing to versions of the image rendered using different techniques. 2000 light paths were sampled per pixel, but there is still noise in the shadow areas, and a few unwanted bright pixels still appear (known colloquially as ""fireflies""). (The noise and bright pixels can be cleaned up using a denoiser , although it may cause artifacts or excessive smoothing.) The image shows plausible bright areas (caustics) caused by light passing through the transparent cow or reflecting from the mirrored cow, but they are blurry because the path tracer needs to simulate slightly rough surfaces when computing the illumination, otherwise too few rays will be captured for the caustics and they will not show up. The image took 26 minutes to render using a recent GPU for acceleration.",2048,1536,1400,1050,d9d16ae3947cf530261242946bda085db33927652783abd30309663808e6d88b,9bdbc46296c2cc39,29.739
stylized_3d,29,raytrace,visual-harvest-400/stylized_3d/029_raytrace_cornell-box3-octane-6k-8bit.jpg,File:Cornell Box3 Octane (6K 8bit).png,https://commons.wikimedia.org/wiki/File:Cornell_Box3_Octane_(6K_8bit).png,https://upload.wikimedia.org/wikipedia/commons/thumb/2/21/Cornell_Box3_Octane_%286K_8bit%29.png/1920px-Cornell_Box3_Octane_%286K_8bit%29.png,Czerniawskimc,CC0,http://creativecommons.org/publicdomain/zero/1.0/deed.en,"This image is for illustration purposes only. While it shares similarities with the Cornell Box, it was created for a specific purpose within an article and should not be used as a reference or for direct comparisons with other images. Certain elements were intentionally altered, including deliberate inaccuracies, to fit its intended context. This image does not represent the correct appearance of the Cornell Box, the rendering capabilities of the rendering engine used, or an accurate recreation of the original setup. It is known the light used in Cornell Box was 100W, but a 1W (sic!) light was used in this scene. Material properties are incorrect, too. I could tell you all about it, but you have been warned. Please use this intentionally broken image with caution and use it however you like. - Rendered using Octane Render with most of data inputs defined spectrally. Ray tracing method: Offline path tracing BRDF: Oren-Nayar BSDF: GGX (energy preserving) Data output: OpenEXR converted to PNG (Wikimedia Commons file format restrictions) Display Rendering Transform: NONE Tonemapping: sRGB tonemapping + basic ""highlight compression"" (50%) method so it resembles a 30+ year old image DCC tools used: Octane Standalone, GIMP, Cinema 4D, After Effects, Photoshop Post-processing: No color correction was performed after rendering. Visible bloom with a spectral shift effect was added as a post effect in the rendering solution to aesthetically match another similar image embedded in the article. Hardware: Decentralized GPU rendering network 'Render Network (RNDR)' Render time: Fast :-)",7680,6144,1400,1120,050ca991f1bfd41bb2db6778171865998c70a111f5c35e8f9ebf997479d4823e,c3cd263239c63ec3,45.507
stylized_3d,30,raytrace,visual-harvest-400/stylized_3d/030_raytrace_anime-figure-3d-with-red-hair.jpg,File:Anime figure 3D with red hair.png,https://commons.wikimedia.org/wiki/File:Anime_figure_3D_with_red_hair.png,https://upload.wikimedia.org/wikipedia/commons/thumb/c/c7/Anime_figure_3D_with_red_hair.png/1920px-Anime_figure_3D_with_red_hair.png,Niabot,CC BY-SA 3.0,https://creativecommons.org/licenses/by-sa/3.0,A figure in the style of manga and anime. (Without clothes) rendered with Blender).,3000,3600,1167,1400,0842710968362eb536b2446e8a81b33459d88c1cafde2667080ab9624a391fe1,99cc33332ce4f386,43.45
stylized_3d,31,raytrace,visual-harvest-400/stylized_3d/031_raytrace_path-tracing-001.jpg,File:Path tracing 001.png,https://commons.wikimedia.org/wiki/File:Path_tracing_001.png,https://upload.wikimedia.org/wikipedia/commons/thumb/e/e0/Path_tracing_001.png/1920px-Path_tracing_001.png,Qutorial,CC BY-SA 4.0,https://creativecommons.org/licenses/by-sa/4.0,"An image rendered using path tracing, demonstrating notable features of the technique.",4000,4000,1400,1400,dff38315c71a951ff9945f39f5f2539497f9548885126187134a9d3f40012dda,f6c0a10edaa937ca,38.431
stylized_3d,32,raytrace,visual-harvest-400/stylized_3d/032_raytrace_polyhedron-small-rhombi-6-8-davinci.jpg,"File:Polyhedron small rhombi 6-8, davinci.png","https://commons.wikimedia.org/wiki/File:Polyhedron_small_rhombi_6-8,_davinci.png",https://upload.wikimedia.org/wikipedia/commons/thumb/a/a9/Polyhedron_small_rhombi_6-8%2C_davinci.png/1920px-Polyhedron_small_rhombi_6-8%2C_davinci.png,"Watchduck You can name the author as ""T. Piesk"", ""Tilman Piesk"" or ""Watchduck"".",CC BY 4.0,https://creativecommons.org/licenses/by/4.0,"small rhombicuboctahedron Image set Platonic, Archimedean and Catalan solids, rendered images similar to da Vinci drawings Part of Rendered polyhedra similar to da Vinci drawings This set contains ray tracings of a wooden polyhedra in a skeletonic style similar to the woodcuts in da Vinci 's De divina proportione (1509). This image was created with POV-Ray . This PNG graphic was created with Python . This file was uploaded with Commonist . https://github.com/watchduck/convex_polyhedra/blob/master/3b_davinci_png/pov/small_rhombi_6-8.pov",3977,3934,1400,1385,8da24cdd4c8cb11b23e63dc44f1840cbfc8ea86595201aad0d6d9894bb80e059,c68509967b7a3aca,56.977
stylized_3d,33,raytrace,visual-harvest-400/stylized_3d/033_raytrace_glass-ochem-dof2.jpg,File:Glass ochem dof2.png,https://commons.wikimedia.org/wiki/File:Glass_ochem_dof2.png,https://upload.wikimedia.org/wikipedia/commons/thumb/a/a0/Glass_ochem_dof2.png/1920px-Glass_ochem_dof2.png,Purpy Pupple,CC BY-SA 3.0,https://creativecommons.org/licenses/by-sa/3.0,"A 3D model of organic molecules created using Rhinoceros 3D and rendered with Vray . The molecules are, from foreground to background: cyclohexane , methane , ethane , and heptane . The ray-tracing depth was set to 9, and caustics are enabled. The index of refraction of the glass material is set to 1.55. Same as File:glass ochem dof.png , except now the focus is on cyclohexane, and the camera is stopped down to f/32 instead of f/11, and the field of view is slightly wider. Render time 6 hours 15 minutes 32 seconds.",5000,2500,1400,700,7b004474e664478726e7e075b80586223f55608fab982a295795b61dc16186a4,9155ab6bd4cce492,49.198
stylized_3d,34,raytrace,visual-harvest-400/stylized_3d/034_raytrace_glass-ochem-dof.jpg,File:Glass ochem dof.png,https://commons.wikimedia.org/wiki/File:Glass_ochem_dof.png,https://upload.wikimedia.org/wikipedia/commons/thumb/c/c3/Glass_ochem_dof.png/1920px-Glass_ochem_dof.png,Purpy Pupple,CC BY-SA 3.0,https://creativecommons.org/licenses/by-sa/3.0,"A 3D model of organic molecules created using Rhinoceros 3D and rendered with Vray . The molecules are, from foreground to background: cyclohexane , methane , ethane , and heptane . The ray-tracing depth was set to 9, and caustics are enabled. The index of refraction of the glass material is set to 1.55. Same as File:Glass ochem.png , except with depth of field enabled. The virtual lens has a focal length of 120 mm, is stopped down to f/11 , and is positioned 23.6 cm from the subject. Of course, there are no real-life 120 mm macro lenses capable of focusing that closely (the wonderful Voigtlander SL 125mm f/2.5 APO-Lanthar, for instance, has a minimum focusing distance of 38 cm). Due to the Monte-Carlo nature of the algorithms used, there is a significant amount of image noise; but this has been largely eradicated using Photoshop .",2560,1439,1400,787,3d5b87d6fa3b066ce9c97c7459cf12f0cabc0c7413e5f730bcd589b601dedebc,9175aa6ae49ee590,48.909
stylized_3d,35,raytrace,visual-harvest-400/stylized_3d/035_raytrace_rendering-techniques-example-rasterization-high-quality-blender-eevee.jpg,"File:Rendering techniques example, rasterization, high quality, Blender EEVEE.png","https://commons.wikimedia.org/wiki/File:Rendering_techniques_example,_rasterization,_high_quality,_Blender_EEVEE.png",https://upload.wikimedia.org/wikipedia/commons/thumb/0/00/Rendering_techniques_example%2C_rasterization%2C_high_quality%2C_Blender_EEVEE.png/1920px-Rendering_techniques_example%2C_rasterization%2C_high_quality%2C_Blender_EEVEE.png,KaiaVintr,CC BY-SA 4.0,https://creativecommons.org/licenses/by-sa/4.0,"A 3D rendered image using rasterization , rendered by Blender 's EEVEE renderer. The smoothness of the mesh used for the cows has been increased using subdivision . The scene uses very simple lighting, and uniform background colors, to make it easier to interpret differences in global illumination when comparing to versions of the image rendered using different techniques. High resolution shadow maps and shadow filtering have been used, so the shadows do not have a pixelated appearance. Carefully-placed light probes have been used to pre-compute indirect illumination, so it is no longer a uniform blue light, but it is still not realistic, for example it is darker and less green than in a path traced version of the image. A pre-rendered cube map was used to add detail to the reflection, but it is not completely accurate. The image took two seconds to render (using a recent GPU for acceleration). This figure does not include the time to pre-compute the light probes and cube map, which took much longer. Note that the methods used here to render reflection and refraction are advanced techniques that are more closely related to ray tracing than to rasterization, and they are not implemented by most rasterizing renderers.",2048,1536,1400,1050,80a2f18cddd2ca9d64ceb67b6a821f88160a1023030b370a4749d4935c0731d7,bbdfc46296e0cc18,33.29
stylized_3d,36,robot,visual-harvest-400/stylized_3d/036_robot_3.jpg,File:Погрузчик для Спутника 3.png,https://commons.wikimedia.org/wiki/File:%D0%9F%D0%BE%D0%B3%D1%80%D1%83%D0%B7%D1%87%D0%B8%D0%BA_%D0%B4%D0%BB%D1%8F_%D0%A1%D0%BF%D1%83%D1%82%D0%BD%D0%B8%D0%BA%D0%B0_3.png,https://upload.wikimedia.org/wikipedia/commons/thumb/2/2b/%D0%9F%D0%BE%D0%B3%D1%80%D1%83%D0%B7%D1%87%D0%B8%D0%BA_%D0%B4%D0%BB%D1%8F_%D0%A1%D0%BF%D1%83%D1%82%D0%BD%D0%B8%D0%BA%D0%B0_3.png/1920px-%D0%9F%D0%BE%D0%B3%D1%80%D1%83%D0%B7%D1%87%D0%B8%D0%BA_%D0%B4%D0%BB%D1%8F_%D0%A1%D0%BF%D1%83%D1%82%D0%BD%D0%B8%D0%BA%D0%B0_3.png,Vertar,CC BY-SA 4.0,https://creativecommons.org/licenses/by-sa/4.0,"3d модель робота погрузчика из кинофильма ""Гостья из будущего""",9999,7597,1400,1064,f9d3ccf8e89bd76456598a399808e2059880e95f22a95c49c14f43cd629517be,c63338c833cee137,28.856
stylized_3d,37,robot,visual-harvest-400/stylized_3d/037_robot_7.jpg,File:Погрузчик для Спутника 7.png,https://commons.wikimedia.org/wiki/File:%D0%9F%D0%BE%D0%B3%D1%80%D1%83%D0%B7%D1%87%D0%B8%D0%BA_%D0%B4%D0%BB%D1%8F_%D0%A1%D0%BF%D1%83%D1%82%D0%BD%D0%B8%D0%BA%D0%B0_7.png,https://upload.wikimedia.org/wikipedia/commons/thumb/b/b6/%D0%9F%D0%BE%D0%B3%D1%80%D1%83%D0%B7%D1%87%D0%B8%D0%BA_%D0%B4%D0%BB%D1%8F_%D0%A1%D0%BF%D1%83%D1%82%D0%BD%D0%B8%D0%BA%D0%B0_7.png/1920px-%D0%9F%D0%BE%D0%B3%D1%80%D1%83%D0%B7%D1%87%D0%B8%D0%BA_%D0%B4%D0%BB%D1%8F_%D0%A1%D0%BF%D1%83%D1%82%D0%BD%D0%B8%D0%BA%D0%B0_7.png,Vertar,CC BY-SA 4.0,https://creativecommons.org/licenses/by-sa/4.0,"3d модель робота погрузчика из кинофильма ""Гостья из будущего""",9999,7597,1400,1064,a4f9ec8b913d31c0d661a517c425df3fcbe98f86f5167ac89d16b037333dec35,92526da56cb5d26a,23.478
stylized_3d,38,robot,visual-harvest-400/stylized_3d/038_robot_5.jpg,File:Погрузчик для Спутника 5.png,https://commons.wikimedia.org/wiki/File:%D0%9F%D0%BE%D0%B3%D1%80%D1%83%D0%B7%D1%87%D0%B8%D0%BA_%D0%B4%D0%BB%D1%8F_%D0%A1%D0%BF%D1%83%D1%82%D0%BD%D0%B8%D0%BA%D0%B0_5.png,https://upload.wikimedia.org/wikipedia/commons/thumb/d/d4/%D0%9F%D0%BE%D0%B3%D1%80%D1%83%D0%B7%D1%87%D0%B8%D0%BA_%D0%B4%D0%BB%D1%8F_%D0%A1%D0%BF%D1%83%D1%82%D0%BD%D0%B8%D0%BA%D0%B0_5.png/1920px-%D0%9F%D0%BE%D0%B3%D1%80%D1%83%D0%B7%D1%87%D0%B8%D0%BA_%D0%B4%D0%BB%D1%8F_%D0%A1%D0%BF%D1%83%D1%82%D0%BD%D0%B8%D0%BA%D0%B0_5.png,Vertar,CC BY-SA 4.0,https://creativecommons.org/licenses/by-sa/4.0,"3d модель робота погрузчика из кинофильма ""Гостья из будущего""",9999,7597,1400,1064,c43b38612d3a0c97f28ec7f291910d0a143c4a7a8454c71f4041efaf77968b3d,9b643d64649b649b,21.043
stylized_3d,39,robot,visual-harvest-400/stylized_3d/039_robot_image.jpg,File:Робота погрузчик.png,https://commons.wikimedia.org/wiki/File:%D0%A0%D0%BE%D0%B1%D0%BE%D1%82%D0%B0_%D0%BF%D0%BE%D0%B3%D1%80%D1%83%D0%B7%D1%87%D0%B8%D0%BA.png,https://upload.wikimedia.org/wikipedia/commons/thumb/4/43/%D0%A0%D0%BE%D0%B1%D0%BE%D1%82%D0%B0_%D0%BF%D0%BE%D0%B3%D1%80%D1%83%D0%B7%D1%87%D0%B8%D0%BA.png/1920px-%D0%A0%D0%BE%D0%B1%D0%BE%D1%82%D0%B0_%D0%BF%D0%BE%D0%B3%D1%80%D1%83%D0%B7%D1%87%D0%B8%D0%BA.png,Vertar,CC BY-SA 4.0,https://creativecommons.org/licenses/by-sa/4.0,"3d модель робота погрузчика из кинофильма ""Гостья из будущего""",9999,7597,1400,1064,206e01efa8b61e2160a66dc7fb969c31f631567a165369536f095f12cd8fbf69,c6c7333ecc3131c3,29.314
stylized_3d,40,robot,visual-harvest-400/stylized_3d/040_robot_8.jpg,File:Погрузчик для Спутника 8.png,https://commons.wikimedia.org/wiki/File:%D0%9F%D0%BE%D0%B3%D1%80%D1%83%D0%B7%D1%87%D0%B8%D0%BA_%D0%B4%D0%BB%D1%8F_%D0%A1%D0%BF%D1%83%D1%82%D0%BD%D0%B8%D0%BA%D0%B0_8.png,https://upload.wikimedia.org/wikipedia/commons/thumb/9/9a/%D0%9F%D0%BE%D0%B3%D1%80%D1%83%D0%B7%D1%87%D0%B8%D0%BA_%D0%B4%D0%BB%D1%8F_%D0%A1%D0%BF%D1%83%D1%82%D0%BD%D0%B8%D0%BA%D0%B0_8.png/1920px-%D0%9F%D0%BE%D0%B3%D1%80%D1%83%D0%B7%D1%87%D0%B8%D0%BA_%D0%B4%D0%BB%D1%8F_%D0%A1%D0%BF%D1%83%D1%82%D0%BD%D0%B8%D0%BA%D0%B0_8.png,Vertar,CC BY-SA 4.0,https://creativecommons.org/licenses/by-sa/4.0,"3d модель робота погрузчика из кинофильма ""Гостья из будущего""",9999,7597,1400,1064,b079c01d4ed14c96b73adbee0c85ea1b79e787732bad3828de87e18ef1379113,9b678c24699b669c,22.62
stylized_3d,41,robot,visual-harvest-400/stylized_3d/041_robot_6.jpg,File:Погрузчик для Спутника 6.png,https://commons.wikimedia.org/wiki/File:%D0%9F%D0%BE%D0%B3%D1%80%D1%83%D0%B7%D1%87%D0%B8%D0%BA_%D0%B4%D0%BB%D1%8F_%D0%A1%D0%BF%D1%83%D1%82%D0%BD%D0%B8%D0%BA%D0%B0_6.png,https://upload.wikimedia.org/wikipedia/commons/thumb/8/86/%D0%9F%D0%BE%D0%B3%D1%80%D1%83%D0%B7%D1%87%D0%B8%D0%BA_%D0%B4%D0%BB%D1%8F_%D0%A1%D0%BF%D1%83%D1%82%D0%BD%D0%B8%D0%BA%D0%B0_6.png/1920px-%D0%9F%D0%BE%D0%B3%D1%80%D1%83%D0%B7%D1%87%D0%B8%D0%BA_%D0%B4%D0%BB%D1%8F_%D0%A1%D0%BF%D1%83%D1%82%D0%BD%D0%B8%D0%BA%D0%B0_6.png,Vertar,CC BY-SA 4.0,https://creativecommons.org/licenses/by-sa/4.0,"3d модель робота погрузчика из кинофильма ""Гостья из будущего""",9999,7597,1400,1064,f4a3c360c3ce806ec728cae3aa06960980f59fa76e252367eb70d120024f05ed,cc32d333cccc32cd,27.699
stylized_3d,42,robot,visual-harvest-400/stylized_3d/042_robot_image.jpg,File:Погрузчик для Спутника.png,https://commons.wikimedia.org/wiki/File:%D0%9F%D0%BE%D0%B3%D1%80%D1%83%D0%B7%D1%87%D0%B8%D0%BA_%D0%B4%D0%BB%D1%8F_%D0%A1%D0%BF%D1%83%D1%82%D0%BD%D0%B8%D0%BA%D0%B0.png,https://upload.wikimedia.org/wikipedia/commons/thumb/d/d0/%D0%9F%D0%BE%D0%B3%D1%80%D1%83%D0%B7%D1%87%D0%B8%D0%BA_%D0%B4%D0%BB%D1%8F_%D0%A1%D0%BF%D1%83%D1%82%D0%BD%D0%B8%D0%BA%D0%B0.png/1920px-%D0%9F%D0%BE%D0%B3%D1%80%D1%83%D0%B7%D1%87%D0%B8%D0%BA_%D0%B4%D0%BB%D1%8F_%D0%A1%D0%BF%D1%83%D1%82%D0%BD%D0%B8%D0%BA%D0%B0.png,Vertar,CC BY-SA 4.0,https://creativecommons.org/licenses/by-sa/4.0,"3d модель робота погрузчика из кинофильма ""Гостья из будущего""",9999,7597,1400,1064,28a7b835ca5618d64523d240961d38eaba8b0cd844355010ba5cccf3707f1faa,995a649466b5da69,21.961
stylized_3d,43,robot,visual-harvest-400/stylized_3d/043_robot_image.jpg,File:Робот погрузчик.png,https://commons.wikimedia.org/wiki/File:%D0%A0%D0%BE%D0%B1%D0%BE%D1%82_%D0%BF%D0%BE%D0%B3%D1%80%D1%83%D0%B7%D1%87%D0%B8%D0%BA.png,https://upload.wikimedia.org/wikipedia/commons/thumb/8/80/%D0%A0%D0%BE%D0%B1%D0%BE%D1%82_%D0%BF%D0%BE%D0%B3%D1%80%D1%83%D0%B7%D1%87%D0%B8%D0%BA.png/1920px-%D0%A0%D0%BE%D0%B1%D0%BE%D1%82_%D0%BF%D0%BE%D0%B3%D1%80%D1%83%D0%B7%D1%87%D0%B8%D0%BA.png,Vertar,CC BY-SA 4.0,https://creativecommons.org/licenses/by-sa/4.0,"3d модель робота погрузчика из кинофильма ""Гостья из будущего""",5555,4220,1400,1064,636cbf6b5fc39ebfda232de9b092dfd3e91c4ed989d801da7ac8dcc74f807422,d5205b7c03bee10f,44.631
stylized_3d,44,low-poly,visual-harvest-400/stylized_3d/044_low-poly_joe-low-poly.jpg,File:Joe low poly.png,https://commons.wikimedia.org/wiki/File:Joe_low_poly.png,https://upload.wikimedia.org/wikipedia/commons/thumb/e/e0/Joe_low_poly.png/1920px-Joe_low_poly.png,KenClarck11,CC BY-SA 4.0,https://creativecommons.org/licenses/by-sa/4.0,This is an example of low poly in art.,4608,2592,1400,788,8fbea22e1a303215ceb1b8126e53d90da2e6501df1fc7333233a55c1b8e7e505,9966643266cd9b99,26.072
stylized_3d,45,low-poly,visual-harvest-400/stylized_3d/045_low-poly_low-poly-stanford-bunny.jpg,File:Low Poly Stanford Bunny.jpg,https://commons.wikimedia.org/wiki/File:Low_Poly_Stanford_Bunny.jpg,https://upload.wikimedia.org/wikipedia/commons/thumb/d/de/Low_Poly_Stanford_Bunny.jpg/1920px-Low_Poly_Stanford_Bunny.jpg,Creative Tools,CC BY 2.0,https://creativecommons.org/licenses/by/2.0,The 3D model: www.thingiverse.com/thing:151081 The 3D printer: beeverycreative.creativetools.se,3264,2448,1400,1050,08aa6bb8e79aacdd52590c12c3dcfe6e0be0c47e82b5644b67d4ad0557c34b3c,cab665d87679a304,50.334
stylized_3d,46,low-poly,visual-harvest-400/stylized_3d/046_low-poly_gloomy-juncture-cleaning-trolley-interaction.jpg,File:Gloomy Juncture cleaning trolley interaction.png,https://commons.wikimedia.org/wiki/File:Gloomy_Juncture_cleaning_trolley_interaction.png,https://upload.wikimedia.org/wikipedia/commons/thumb/e/ed/Gloomy_Juncture_cleaning_trolley_interaction.png/1920px-Gloomy_Juncture_cleaning_trolley_interaction.png,Subtales,CC BY-SA 4.0,https://creativecommons.org/licenses/by-sa/4.0,"Screenshot from the upcoming video game Gloomy Juncture, developed by Filipe Rodrigues (Subtales), showing the protagonist interacting with a cleaning trolley, illustrating the point-and-click interaction system and hand-drawn low poly art style.",2558,1439,1400,788,97ed19bec194ea9d123b034480146f535bb66e354c94e5b287dd3582364159a0,c39a93f04f763055,42.469
stylized_3d,47,low-poly,visual-harvest-400/stylized_3d/047_low-poly_plasma-thruster-asteroid.jpg,File:Plasma thruster asteroid.webp,https://commons.wikimedia.org/wiki/File:Plasma_thruster_asteroid.webp,https://upload.wikimedia.org/wikipedia/commons/thumb/0/06/Plasma_thruster_asteroid.webp/1920px-Plasma_thruster_asteroid.webp.png,Wikideas1,CC0,http://creativecommons.org/publicdomain/zero/1.0/deed.en,3D sketch of a plasma electromagnetic thruster attaching to an asteroid for asteroid impact avoidance. There are 3 drilling augers that dig a few feet deep to get a good grip on the asteroid. The Pulsed plasma electromagnetic thruster changes the orbital inclination of the asteroid so that it doesn't collide with the earth.,5120,2418,1400,661,ee37379223f7b80e6b319d8b4a70acf983a041b7a7d31d04e70bef5b3e91d2be,91996ac66c666d69,30.406
stylized_3d,48,low-poly,visual-harvest-400/stylized_3d/048_low-poly_hand-painted-house-3d-model-stages.jpg,File:Hand-painted house 3D model stages.png,https://commons.wikimedia.org/wiki/File:Hand-painted_house_3D_model_stages.png,https://upload.wikimedia.org/wikipedia/commons/e/ec/Hand-painted_house_3D_model_stages.png,Drummyfish,CC0,http://creativecommons.org/publicdomain/zero/1.0/deed.en,"This image shows a hand-painted low-poly 3D model of a house from my RPG item collection , in wireframe, shaded without texture and textured, along with the 2D diffuse texture. I created the model with Blender, the texture with GIMP and the final image, and I release everything under CC0.",1024,919,1024,919,afcd03b14c05142e0165da54cde362c780946cfb9e94e233c674403914216b98,ede4e01493e9c23d,45.203
stylized_3d,49,low-poly,visual-harvest-400/stylized_3d/049_low-poly_inventex-spezialtextilwerk-20230708-hof02468-raw-export.jpg,File:INVENTEX Spezialtextilwerk 20230708 HOF02468 RAW-Export.png,https://commons.wikimedia.org/wiki/File:INVENTEX_Spezialtextilwerk_20230708_HOF02468_RAW-Export.png,https://upload.wikimedia.org/wikipedia/commons/thumb/0/0f/INVENTEX_Spezialtextilwerk_20230708_HOF02468_RAW-Export.png/1920px-INVENTEX_Spezialtextilwerk_20230708_HOF02468_RAW-Export.png,Foto: PantheraLeo1359531 Logo: INVENTEX® Spezialtextilwerk Funke,CC BY 4.0,https://creativecommons.org/licenses/by/4.0,"Luisenburgstraße 3, building of INVENTEX Spezialtextilwerk FUNKE. ""INVENTEX"" comes from ""inventor"" and ""textile"". The brand was developed in September 1997 by Dr. Peter Funke. The company takes care of fabrics that have special properties, such as fire resistance, moisture repellency and more. The logo looks a bit ""low-poly"" (angular/edgy) on the curves.",9504,6336,1400,933,32e99c014f5979127ba8b5a4adc7b64dbe0c59cd5589dac8880e357a6a210223,beb6d2c94141a93e,38.439
stylized_3d,50,procedural,visual-harvest-400/stylized_3d/050_procedural_painting-with-pixels-using-the-water-to-wine-method.jpg,File:Painting with Pixels using the water to wine method.jpg,https://commons.wikimedia.org/wiki/File:Painting_with_Pixels_using_the_water_to_wine_method.jpg,https://upload.wikimedia.org/wikipedia/commons/thumb/4/4e/Painting_with_Pixels_using_the_water_to_wine_method.jpg/1920px-Painting_with_Pixels_using_the_water_to_wine_method.jpg,ThomasWallaceScherzer,Public domain,,Painting with Pixels using the water to wine method! I use an original watercolor painting or 120mm FILM Wide Angle Pin Hole Camera to capture an image *and digital photos Ive taken around the world; changing its medium from physical to digital using a procedural and dynamic process adapted from my Fractal Art Series and Sets and workflow applications.,2560,1440,1400,788,84d4f11d2785cad32f828246802742a061dbdb56a1a848da892f9c696e026b1a,c08c3fcc3f223b33,61.857
stylized_3d,51,procedural,visual-harvest-400/stylized_3d/051_procedural_night-in-brussels-2022-02-12-19-51-06-ilce-7c-dscag3697-51880271220.jpg,File:Night in Brussels - 2022-02-12 19-51-06 ILCE-7C DSCAG3697 (51880271220).jpg,https://commons.wikimedia.org/wiki/File:Night_in_Brussels_-_2022-02-12_19-51-06_ILCE-7C_DSCAG3697_(51880271220).jpg,https://upload.wikimedia.org/wikipedia/commons/thumb/0/0c/Night_in_Brussels_-_2022-02-12_19-51-06_ILCE-7C_DSCAG3697_%2851880271220%29.jpg/1920px-Night_in_Brussels_-_2022-02-12_19-51-06_ILCE-7C_DSCAG3697_%2851880271220%29.jpg,Miguel Discart,CC BY-SA 2.0,https://creativecommons.org/licenses/by-sa/2.0,"Edition 2022 - Bright Brussels Frequences - Rencontres Audiovisuelles This 5-minute video mapping on the facade of the Maison de la Radio is a fresco of sounds that explores the various aspects of radio broadcasting. It is made up of three movements: the first symbolises the start of the broadcast, with the signal crackling and the beats gradually taking shape. This abstract sound material is materialised on the building through waves and lines. The second movement enriches the fresco with figurative sound matter: voices and music emerge, they blend and disrupt each other, and they merge into a chaotic whole. The image follows this chaos, with organic shapes appearing and disappearing. The third movement is built around clear sounds and ends in a musical climax. All these elements come together in a harmonious, masterful piece of mapping art. Jules HUVIG - Creation and animation Jules Huvig graduated from SUPINFOCOM Valenciennes in 2012 and started his career in advertising, as a 3D graphic designer. He then joined the company Nie Wiem for the creation of a digital scenography. In 2017, he completed the video mapping course of Rencontres Audiovisuelles and he participated in a workshop with Romain Tardy. From location scouting to script writing, from production to broadcasting, Jules masters the entire production chain. Hamza MRABET - Animation Hamza Mrabet is a visual artist who has been exploring 3D computer graphics for almost a decade. He graduated with a Master's degree in animation cinema and 3D special effects, and works as a director and media supervisor at Rencontres Audiovisuelles. He is also a VJ in the Hauts-de-France region, he performs on the Drum & Bass scene and has diversified his portfolio by also participating in electro events. His visual creations are characterised by a modern and minimalist style. Simon LEBON - Animation Simon is a versatile graphic designer who has specialised in 3D computer graphics since 2008, and has been involved in mapping since 2012. A fan of procedural and generative animation, his technique and creativity offer the public unique and contemporary shows combining sound and lighting. Geraldine KWIK - Composition and sound design Geraldine Kwik has been playing the piano since the age of four and is trained in many tools and methods in the field of media and sound. She has a Master's degree in interactive media, and for many years she worked as a composer and sound designer for films, series, video games and commercials. In parallel, she launched her own music series. Today, backed by more than 10 years of experience in artistic installations in the Hauts-de-France region, she works as an artist-musician at Rencontres Audiovisuelle. The festival of lights in Brussels Bright Brussels, the festival of lights returns to brighten up the capital this winter! Four evenings and three routes will take you on a journey to discover of some twenty immersive and poetic artistic works. From 10 to 13 February, the Royal Quarter, the European Quarter and the Flagey neighborhood will be illuminated by enchanting light installations. The festival will also feature a fringe programme, including evening events in the museums. It's become a tradition for the lights of Bright Brussels to warm us up in the dead of winter and, best of all, it's completely free! ( Bright Brussels is a light festival, a fascinating route through the city consisting of a dozen light installations that are artistic, interactive, playful,... and simply captivating. )",6000,3376,1400,788,40b2d9439097141444069c755ca88a60716d0b2af64f5b04f1405eb39d12ca0f,944569ab4b94b66d,34.243
stylized_3d,52,blender,visual-harvest-400/stylized_3d/052_blender_mercury-render-with-blender-01.jpg,File:Mercury render with Blender 01.png,https://commons.wikimedia.org/wiki/File:Mercury_render_with_Blender_01.png,https://upload.wikimedia.org/wikipedia/commons/thumb/7/79/Mercury_render_with_Blender_01.png/1920px-Mercury_render_with_Blender_01.png,Wikideas1,CC0,http://creativecommons.org/publicdomain/zero/1.0/deed.en,Mercury rendered in Blender with data from NASA and the USGS,4000,4000,1400,1400,196049ac10b833274a4645e924a1dc523653018eddf8cfdb77eefefbf46f091c,959e1f957a686849,36.753
stylized_3d,53,blender,visual-harvest-400/stylized_3d/053_blender_architectural-render-02-blender.jpg,File:Architectural render 02 (Blender).jpg,https://commons.wikimedia.org/wiki/File:Architectural_render_02_(Blender).jpg,https://upload.wikimedia.org/wikipedia/commons/thumb/3/3c/Architectural_render_02_%28Blender%29.jpg/1920px-Architectural_render_02_%28Blender%29.jpg,Mtpanchal,CC BY-SA 4.0,https://creativecommons.org/licenses/by-sa/4.0,Architectural render made in blender,4961,3508,1400,990,e6166b329382407de291757e66010fe4d86b37f0023fa4216f6e36f1b6275a88,93ce22998b34cf71,40.133
stylized_3d,54,blender,visual-harvest-400/stylized_3d/054_blender_earth-blender-render-3.jpg,File:Earth Blender render 3.png,https://commons.wikimedia.org/wiki/File:Earth_Blender_render_3.png,https://upload.wikimedia.org/wikipedia/commons/thumb/1/15/Earth_Blender_render_3.png/1920px-Earth_Blender_render_3.png,Wikideas1,CC0,http://creativecommons.org/publicdomain/zero/1.0/deed.en,Earth rendered with Blender with data from NASA,4000,4000,1400,1400,d698751c63326c2d016c8ae5dca132ab6997b1c097d4960c0414e1b8bace027e,95685a966a6969da,40.679
stylized_3d,55,blender,visual-harvest-400/stylized_3d/055_blender_europa-blender-render-02.jpg,File:Europa Blender render 02.png,https://commons.wikimedia.org/wiki/File:Europa_Blender_render_02.png,https://upload.wikimedia.org/wikipedia/commons/thumb/8/83/Europa_Blender_render_02.png/1920px-Europa_Blender_render_02.png,Wikideas1,CC0,http://creativecommons.org/publicdomain/zero/1.0/deed.en,Europa rendered with Blender and data from NASA and the USGS,2000,2000,1400,1400,d0a099c5741dd06bf3531df046eae87f74a431a8c420471c5cb5bd84e7aba3a9,851f5a706a692d73,37.02
stylized_3d,56,blender,visual-harvest-400/stylized_3d/056_blender_pluto-blender-render.jpg,File:Pluto Blender render.png,https://commons.wikimedia.org/wiki/File:Pluto_Blender_render.png,https://upload.wikimedia.org/wikipedia/commons/thumb/5/51/Pluto_Blender_render.png/1920px-Pluto_Blender_render.png,Wikideas1,CC0,http://creativecommons.org/publicdomain/zero/1.0/deed.en,Pluto rendered with Blender and data from NASA,4000,4000,1400,1400,09f72790547df1f47eca186bb77a373c66793f13aece74cd234af8782f36cdd6,94c94e3f2b3c2d32,40.689
stylized_3d,57,blender,visual-harvest-400/stylized_3d/057_blender_screenshot-blender-2-91-0-ger-20210107.jpg,File:Screenshot Blender 2.91.0 GER 20210107.png,https://commons.wikimedia.org/wiki/File:Screenshot_Blender_2.91.0_GER_20210107.png,https://upload.wikimedia.org/wikipedia/commons/thumb/1/15/Screenshot_Blender_2.91.0_GER_20210107.png/1920px-Screenshot_Blender_2.91.0_GER_20210107.png,Software by: Blender Foundation/Screenshot by PantheraLeo1359531 😺 ( talk ),CC0,http://creativecommons.org/publicdomain/zero/1.0/deed.en,Screenshot of Blender 2.91.0,7680,4320,1400,788,be432923dce5770aa95d6152467fe0d9e58d92d5d72d72d7acdde5923af0ccb4,9cc7b1a88eb9b087,18.722
stylized_3d,58,blender,visual-harvest-400/stylized_3d/058_blender_moon-blender-render.jpg,File:Moon Blender render.png,https://commons.wikimedia.org/wiki/File:Moon_Blender_render.png,https://upload.wikimedia.org/wikipedia/commons/thumb/2/29/Moon_Blender_render.png/1920px-Moon_Blender_render.png,Wikideas1,CC0,http://creativecommons.org/publicdomain/zero/1.0/deed.en,"Far side of the Moon, rendered with Blender with data from NASA.",3518,3521,1399,1400,4d956d0ea11735342f42e56ba1f8302a2967ca745bd3ced6caa52afe66cfe19c,94984b2f6f693c25,34.435
stylized_3d,59,blender,visual-harvest-400/stylized_3d/059_blender_blender-3-0-0-screenshot.jpg,File:Blender 3.0.0 screenshot.png,https://commons.wikimedia.org/wiki/File:Blender_3.0.0_screenshot.png,https://upload.wikimedia.org/wikipedia/commons/8/8c/Blender_3.0.0_screenshot.png,"Software: Blender Foundation , developers and Blender Studio for illustration Screenshot: VulcanSphere",CC BY 4.0,https://creativecommons.org/licenses/by/4.0,Screenshot of Blender 3.0.0,1596,987,1400,866,68d3ac9d0c0c2aa2ca87573bdae3fe9382e8bc9d9b4de9635811dd94d297dd99,e5d41ea339dc44a6,20.459
stylized_3d,60,neon,visual-harvest-400/stylized_3d/060_neon_pngtree-3d-rendered-stage-with-neon-5816835.jpg,File:—Pngtree—3d rendered stage with neon 5816835.jpg,https://commons.wikimedia.org/wiki/File:%E2%80%94Pngtree%E2%80%943d_rendered_stage_with_neon_5816835.jpg,https://upload.wikimedia.org/wikipedia/commons/thumb/1/15/%E2%80%94Pngtree%E2%80%943d_rendered_stage_with_neon_5816835.jpg/1920px-%E2%80%94Pngtree%E2%80%943d_rendered_stage_with_neon_5816835.jpg,Иоан Васильевич,CC BY-SA 4.0,https://creativecommons.org/licenses/by-sa/4.0,w,5824,3264,1400,785,156734b291bfe63e1afcf4eca51a6b8af9b58afb0c2b35ddc0c99776eb9a49ef,92726d4b6dc99c64,44.718
stylized_3d,61,fractal,visual-harvest-400/stylized_3d/061_fractal_sierpinski-oktaeder-hq-001-20210702-rgba8.jpg,File:Sierpinski-Oktaeder HQ 001 20210702 RGBA8.png,https://commons.wikimedia.org/wiki/File:Sierpinski-Oktaeder_HQ_001_20210702_RGBA8.png,https://upload.wikimedia.org/wikipedia/commons/thumb/e/e0/Sierpinski-Oktaeder_HQ_001_20210702_RGBA8.png/1920px-Sierpinski-Oktaeder_HQ_001_20210702_RGBA8.png,PantheraLeo1359531,CC0,http://creativecommons.org/publicdomain/zero/1.0/deed.en,A 32-bit version of the Sierpinski octahedron with adjusted depth and brightness.,26754,26754,1400,1400,4160dfa3d28c7505dad2d97d5681ed02b63b61d21687da3a37975c8a10e3ac62,c4964e6bb4d1326e,31.329
stylized_3d,62,fractal,visual-harvest-400/stylized_3d/062_fractal_3d-fraktal-auf-vicsek-basis-panorama-20240809.jpg,File:3D-Fraktal auf Vicsek-Basis – Panorama 20240809.jpg,https://commons.wikimedia.org/wiki/File:3D-Fraktal_auf_Vicsek-Basis_%E2%80%93_Panorama_20240809.jpg,https://upload.wikimedia.org/wikipedia/commons/thumb/7/7a/3D-Fraktal_auf_Vicsek-Basis_%E2%80%93_Panorama_20240809.jpg/1920px-3D-Fraktal_auf_Vicsek-Basis_%E2%80%93_Panorama_20240809.jpg,PantheraLeo1359531,CC0,http://creativecommons.org/publicdomain/zero/1.0/deed.en,Spherical panorama of a 3D version of the Vicsek fractal. Render time about 13 minutes with an RTX 3090.,16000,8000,1400,700,82d067805e774b29ee84e547eb83352621ebab3e62f4f01e0e2fae3c50648aff,bb46c43bc437c13c,57.115
stylized_3d,63,fractal,visual-harvest-400/stylized_3d/063_fractal_menger-chebyshev-rgba8-fix-20220408.jpg,File:Menger - Chebyshev RGBA8 fix 20220408.png,https://commons.wikimedia.org/wiki/File:Menger_-_Chebyshev_RGBA8_fix_20220408.png,https://upload.wikimedia.org/wikipedia/commons/thumb/e/e4/Menger_-_Chebyshev_RGBA8_fix_20220408.png/1920px-Menger_-_Chebyshev_RGBA8_fix_20220408.png,PantheraLeo1359531,CC0,http://creativecommons.org/publicdomain/zero/1.0/deed.en,"Fractal full of squares, generated from a special fractal formula of the Menger sponge. The self-similarity is visible by certain zooming operations here (e.g. directly into the center of the image).",34000,34000,1400,1400,c61ae9665b9f512e3d6dafa02c156061e89053d367694c93d07f32507c4437b9,9469419752de1e5b,44.328
stylized_3d,64,fractal,visual-harvest-400/stylized_3d/064_fractal_3d-view-of-apr182013lma1a-8691798240.jpg,File:3D view of Apr182013lma1a (8691798240).jpg,https://commons.wikimedia.org/wiki/File:3D_view_of_Apr182013lma1a_(8691798240).jpg,https://upload.wikimedia.org/wikipedia/commons/thumb/1/1c/3D_view_of_Apr182013lma1a_%288691798240%29.jpg/1920px-3D_view_of_Apr182013lma1a_%288691798240%29.jpg,Kent Schimke from USA,CC BY 2.0,https://creativecommons.org/licenses/by/2.0,"This image was created with FractalWorks, a high performance fractal renderer for Macintosh computers. You can purchase <a href="" http://itunes.apple.com/us/app/fractalworks/id403254961?mt=12# "" rel=""noreferrer nofollow"">FractalWorks in the Mac App Store</a>",2525,2500,1400,1386,08495b32d23decd07209f59b2f0478198272d9cdd62f7376edf90053f960349a,a87a823b855b374b,46.372
stylized_3d,65,fractal,visual-harvest-400/stylized_3d/065_fractal_mandelbox-20211128-pwr3-rgba8.jpg,File:Mandelbox 20211128 PWR3 RGBA8.png,https://commons.wikimedia.org/wiki/File:Mandelbox_20211128_PWR3_RGBA8.png,https://upload.wikimedia.org/wikipedia/commons/thumb/2/27/Mandelbox_20211128_PWR3_RGBA8.png/1920px-Mandelbox_20211128_PWR3_RGBA8.png,PantheraLeo1359531,CC0,http://creativecommons.org/publicdomain/zero/1.0/deed.en,A Mandelbox of power 3. The rendering required about 260 GiB of RAM (physical and virtual RAM) and took 82 minutes and 21.4 seconds. Rendering was done with a GeForce RTX 3090 Gigabyte Eagle OC 24G. Much fewer parts are connected compared to the standard Mandelbox.,7500,7500,1400,1400,252957400ec64fe01dba5e0c9eb1cad2d84ee19e5a9a7488893a2d65a6ecde94,916d6a906f6a2ec9,37.058
stylized_3d,66,fractal,visual-harvest-400/stylized_3d/066_fractal_fractal-art-series11.jpg,File:Fractal Art Series11.jpg,https://commons.wikimedia.org/wiki/File:Fractal_Art_Series11.jpg,https://upload.wikimedia.org/wikipedia/commons/thumb/e/e0/Fractal_Art_Series11.jpg/1920px-Fractal_Art_Series11.jpg,_ThomasWallaceScherzer_,Public domain,,"Series 1= Fractal Images Captured in a 3D Animation Rendering, Series 2= Videos Rendered as Animations, Series 3= Sequencing of fractal images Captured from a 3d Animated Rendering Series 4= Compounding Sequencial Imagery to form new fractals, and Fractal Artwork.",2560,1440,1400,788,488f34c22357ecd7f191bc5b785b6f12a0d7eacefa976f6029aa3a20e652e553,9933e63927f20fc0,66.219
stylized_3d,67,fractal,visual-harvest-400/stylized_3d/067_fractal_vicsek-15k-opencl-hq-20201214.jpg,File:Vicsek 15K OpenCL HQ 20201214.png,https://commons.wikimedia.org/wiki/File:Vicsek_15K_OpenCL_HQ_20201214.png,https://upload.wikimedia.org/wikipedia/commons/thumb/3/35/Vicsek_15K_OpenCL_HQ_20201214.png/1920px-Vicsek_15K_OpenCL_HQ_20201214.png,PantheraLeo1359531,CC0,http://creativecommons.org/publicdomain/zero/1.0/deed.en,Vicsek fractal as seen from the corner. Created with mandelbulber2.,5000,5000,1400,1400,4bbc192b64b72e61d649cd61f325c5ee13d17371eb0a8fa042a3f4bc2410f5f7,c4193be54b5e31a6,28.055
stylized_3d,68,fractal,visual-harvest-400/stylized_3d/068_fractal_kifs-rgba8-20220323.jpg,File:KIFS RGBA8 20220323.png,https://commons.wikimedia.org/wiki/File:KIFS_RGBA8_20220323.png,https://upload.wikimedia.org/wikipedia/commons/thumb/d/db/KIFS_RGBA8_20220323.png/1920px-KIFS_RGBA8_20220323.png,PantheraLeo1359531,CC0,http://creativecommons.org/publicdomain/zero/1.0/deed.en,"A kaleidoscopic iterated function system. It appears to be composed only of lattices, with the bars being relatively thin. This is also a fractal with self-similarity elements.",34000,34000,1400,1400,851f5c15abded54fda304b453c1a59472a41581de10ef287a17dee923137f03e,b0458d926f7a9969,40.412
stylized_3d,69,creature,visual-harvest-400/stylized_3d/069_creature_estonian-museum-of-natural-history-bergaueria-perata.jpg,File:Estonian Museum of Natural History - Bergaueria perata.png,https://commons.wikimedia.org/wiki/File:Estonian_Museum_of_Natural_History_-_Bergaueria_perata.png,https://upload.wikimedia.org/wikipedia/commons/thumb/6/65/Estonian_Museum_of_Natural_History_-_Bergaueria_perata.png/1920px-Estonian_Museum_of_Natural_History_-_Bergaueria_perata.png,"Vladislav Egorov (3D model), Jaagup Metsalu (render)",CC BY-SA 4.0,https://creativecommons.org/licenses/by-sa/4.0,3D model of creature who might have created trace fossils (Bergaueria perata). Lived in Cambrian period,2350,2350,1400,1400,ee6a08636e569165a58e4eb3e58e1b0aa246a2a6ec747d128cb12f38657e5fbd,91d66a29a1c7979a,43.081
stylized_3d,70,landscape,visual-harvest-400/stylized_3d/070_landscape_afterglow.jpg,File:Afterglow.png,https://commons.wikimedia.org/wiki/File:Afterglow.png,https://upload.wikimedia.org/wikipedia/commons/thumb/b/b6/Afterglow.png/1920px-Afterglow.png,Nadir 0001,CC BY 4.0,https://creativecommons.org/licenses/by/4.0,"A 3D digital render of a sunset over the sea, featuring silhouette pine trees and a vibrant violet and orange sky.",3840,2160,1400,788,8c85d63dd2d4d4d6a0bb26c6352a005c3e96a6a08f46d8b5386ca52b71b0a925,99b62341f0d9b23e,32.849
stylized_3d,71,cgi,visual-harvest-400/stylized_3d/071_cgi_recursive-raytrace-of-a-sphere.jpg,File:Recursive raytrace of a sphere.png,https://commons.wikimedia.org/wiki/File:Recursive_raytrace_of_a_sphere.png,https://upload.wikimedia.org/wikipedia/commons/3/32/Recursive_raytrace_of_a_sphere.png,Tim Babb,CC BY-SA 4.0,https://creativecommons.org/licenses/by-sa/4.0,"Recursive raytracing of a sphere, which incorporates the effects of diffuse interreflection, limited depth-of-field and area light sources. Generated using a custom Java renderer.",800,800,800,800,11fcc94dfd7eb6c0b027ba2cd74d16f656fe1d93c46754582458d384a162cea6,a0fe9f21f8466698,25.275
stylized_3d,72,cgi,visual-harvest-400/stylized_3d/072_cgi_render-farm-2825013521.jpg,File:Render farm (2825013521).jpg,https://commons.wikimedia.org/wiki/File:Render_farm_(2825013521).jpg,https://upload.wikimedia.org/wikipedia/commons/thumb/d/dc/Render_farm_%282825013521%29.jpg/1280px-Render_farm_%282825013521%29.jpg,"Pedro Lozano from Cádiz, Spain",CC BY 2.0,https://creativecommons.org/licenses/by/2.0,A company render farm in Madrid.,1365,2048,933,1400,59a9b8ea36677fe44e58603f8352da3081b02c23487fa7b3c478426e1eb7c28c,eda90655c4ced4d4,43.777
stylized_3d,73,cgi,visual-harvest-400/stylized_3d/073_cgi_elt-3d-rendering-rendering-e-elt-04.jpg,File:ELT 3D rendering (rendering e-elt 04).jpg,https://commons.wikimedia.org/wiki/File:ELT_3D_rendering_(rendering_e-elt_04).jpg,https://upload.wikimedia.org/wikipedia/commons/thumb/a/ad/ELT_3D_rendering_%28rendering_e-elt_04%29.jpg/1920px-ELT_3D_rendering_%28rendering_e-elt_04%29.jpg,ESO,CC BY 4.0,https://creativecommons.org/licenses/by/4.0,"Rendering of the ELT telescope structure. This structure design, presented in November 2008 at the Baseline Reference Design version 3, is the result for a detailed design study and was realised together with ESO's industrial partners. The 39 metre primary mirror reflects the light first to the 4.2-metre secondary mirror hanging upside-down at 60 m height. The light is then further transmitted to mirrors 3, 4 and 5 (located in the central tower) and finally reflected to either side where the astronomical cameras sitting on the Nasmyth platforms will see nearly perfect images of the celestial objects. To assist the adaptive optics included in the telescope, telescope guide stars are created in the sky by using powerful lasers launched at the corners of the primary mirror cell.The design for the ELT shown here is preliminary.",3200,2400,1400,1050,17588c8e8b7d34697c96e3bd3b097a599137e545130fdef6cb65383c017ff167,ab94c31ae09f609f,45.817
stylized_3d,74,cgi,visual-harvest-400/stylized_3d/074_cgi_forschungszentrum-f-r-translationale-medizin-und-therapien.jpg,File:Forschungszentrum für Translationale Medizin und Therapien.jpg,https://commons.wikimedia.org/wiki/File:Forschungszentrum_f%C3%BCr_Translationale_Medizin_und_Therapien.jpg,https://upload.wikimedia.org/wikipedia/commons/thumb/5/5e/Forschungszentrum_f%C3%BCr_Translationale_Medizin_und_Therapien.jpg/1920px-Forschungszentrum_f%C3%BCr_Translationale_Medizin_und_Therapien.jpg,ARGE Moser Architects + Ingenos / zoomvp.at,CC BY-SA 4.0,https://creativecommons.org/licenses/by-sa/4.0,"Rendering des geplanten Forschungszentrum für Translationale Medizin und Therapien von MedUni Wien und AKH Wien, erstellt von ARGE Moser Architects + Ingenos / zoomvp.at",3000,2000,1400,933,4a9b4ba29eb78b32f801ae9ccc0fc94d5e8c4cea3d5b578a662a74e298702012,d4d403d4f31d6a8b,52.421
stylized_3d,75,cgi,visual-harvest-400/stylized_3d/075_cgi_rendering-of-casitas-1-2.jpg,File:Rendering of Casitas 1 + 2 .png,https://commons.wikimedia.org/wiki/File:Rendering_of_Casitas_1_%2B_2_.png,https://upload.wikimedia.org/wikipedia/commons/thumb/5/50/Rendering_of_Casitas_1_%2B_2_.png/1920px-Rendering_of_Casitas_1_%2B_2_.png,Sarahanngregory,CC BY-SA 4.0,https://creativecommons.org/licenses/by-sa/4.0,Rendering of Casitas 1 + 2,2558,1302,1400,712,4eaca546da76ab70401111fcdcbc01b2e1547b772834109e2dd4fe75fba323df,bbf4446fdba001ca,31.981
stylized_3d,76,cgi,visual-harvest-400/stylized_3d/076_cgi_elt-3d-rendering-rendering-e-elt-06.jpg,File:ELT 3D rendering (rendering e-elt 06).jpg,https://commons.wikimedia.org/wiki/File:ELT_3D_rendering_(rendering_e-elt_06).jpg,https://upload.wikimedia.org/wikipedia/commons/thumb/4/45/ELT_3D_rendering_%28rendering_e-elt_06%29.jpg/1920px-ELT_3D_rendering_%28rendering_e-elt_06%29.jpg,ESO,CC BY 4.0,https://creativecommons.org/licenses/by/4.0,"Rendering of the ELT telescope structure. This structure design, presented in November 2008 at the Baseline Reference Design version 3, is the result for a detailed design study and was realised together with ESO's industrial partners. The 39-metre primary mirror reflects the light first to the 4.2-metre secondary mirror hanging upside-down at 60 m height. The light is then further transmitted to mirrors 3, 4 and 5 (located in the central tower) and finally reflected to either side where the astronomical cameras sitting on the Nasmyth platforms will see nearly perfect images of the celestial objects. To assist the adaptive optics included in the telescope, telescope guide stars are created in the sky by using powerful lasers launched at the corners of the primary mirror cell.The design for the ELT shown here was published in 2009 and is preliminary.",3200,2400,1400,1050,bf1cfe4aaed0786fc29d89f18a7202dcd21c49bad619b7191e741270b25bb99d,e1d2876c9637d02b,46.864
stylized_3d,77,fractal,visual-harvest-400/stylized_3d/077_fractal_mengerzug-20211230-rgba8.jpg,File:MengerZug 20211230 RGBA8.png,https://commons.wikimedia.org/wiki/File:MengerZug_20211230_RGBA8.png,https://upload.wikimedia.org/wikipedia/commons/thumb/3/3b/MengerZug_20211230_RGBA8.png/1920px-MengerZug_20211230_RGBA8.png,PantheraLeo1359531,CC0,http://creativecommons.org/publicdomain/zero/1.0/deed.en,"An artistic illustration with a series of Menger sponges. The fog looks like it is created by breaking the sound barrier, just like a supersonic airplane.",44444,25000,1400,788,42795ea3ca720c0024499a72db6a355743da6cdf6b9073b89a5888ac1e97b5c8,c25a09ad7e5689ad,40.457
stylized_3d,78,fractal,visual-harvest-400/stylized_3d/078_fractal_newtonpow3-delta-gnj-001b-color-20241123-mandelbulber2.jpg,File:NewtonPow3-delta-gnj-001b color 20241123 (mandelbulber2).png,https://commons.wikimedia.org/wiki/File:NewtonPow3-delta-gnj-001b_color_20241123_(mandelbulber2).png,https://upload.wikimedia.org/wikipedia/commons/thumb/c/c7/NewtonPow3-delta-gnj-001b_color_20241123_%28mandelbulber2%29.png/1920px-NewtonPow3-delta-gnj-001b_color_20241123_%28mandelbulber2%29.png,Gann Jondal (Vorlage) PantheraLeo1359531 😺 ( talk ) (kleine Bearbeitungen),CC BY 4.0,https://creativecommons.org/licenses/by/4.0,Newton fractal with clearly visible Misiurewicz points. Rendering took a bit more than 30 minutes (for approx. 1 Gigapixel). The rendering distance was reduced due to dots in the background.,10000,5625,1400,788,22a213591aecf4d1664a99b83a26d1fe8de28d53ece605c804625a47a8368554,933969ce3ce035c6,27.96
stylized_3d,79,fractal,visual-harvest-400/stylized_3d/079_fractal_multicolor-fractals-05.jpg,File:Multicolor fractals 05.jpg,https://commons.wikimedia.org/wiki/File:Multicolor_fractals_05.jpg,https://upload.wikimedia.org/wikipedia/commons/thumb/c/ca/Multicolor_fractals_05.jpg/1920px-Multicolor_fractals_05.jpg,_ThomasWallaceScherzer_,Public domain,,"Series 1= Fractal Images Captured in a 3D Animation Rendering, Series 2= Videos Rendered as Animations, Series 3= Sequencing of fractal images Captured from a 3d Animated Rendering Series 4= Compounding Sequencial Imagery to form new fractals, and Fractal Artwork.",2560,1440,1400,788,1f561abe3bee4707ba100fae451bd1d2c7fdb82f9b56e3b2d3afa86f0cd3c54c,e1ccb36499c661ce,20.977
stylized_3d,80,fractal,visual-harvest-400/stylized_3d/080_fractal_pseudo-kleinian-hq-opencl-16k-20201129-002.jpg,File:Pseudo Kleinian HQ OpenCL 16K 20201129 002.png,https://commons.wikimedia.org/wiki/File:Pseudo_Kleinian_HQ_OpenCL_16K_20201129_002.png,https://upload.wikimedia.org/wikipedia/commons/thumb/0/0b/Pseudo_Kleinian_HQ_OpenCL_16K_20201129_002.png/1920px-Pseudo_Kleinian_HQ_OpenCL_16K_20201129_002.png,PantheraLeo1359531,CC0,http://creativecommons.org/publicdomain/zero/1.0/deed.en,"Fractal, that makes circle shapes out of spheres. Created with mandelbulber2.",8000,4500,1400,788,e98d6a35c01551db72e97c8364a26aa340d6a0231d2cfa1f86aca6d3e327ef51,906fa81b6679871d,34.249
stylized_3d,81,fractal,visual-harvest-400/stylized_3d/081_fractal_menger-cross-mod1-001-20250911-diffuse.jpg,File:Menger cross mod1 001 20250911 diffuse.png,https://commons.wikimedia.org/wiki/File:Menger_cross_mod1_001_20250911_diffuse.png,https://upload.wikimedia.org/wikipedia/commons/thumb/c/c7/Menger_cross_mod1_001_20250911_diffuse.png/1920px-Menger_cross_mod1_001_20250911_diffuse.png,Mandelbulber-Team/ PantheraLeo1359531 😺 ( talk ),CC BY 4.0,https://creativecommons.org/licenses/by/4.0,"Fractal spiral approaching a Misiurewicz point, in 3D equivalent.",25600,14400,1400,788,a09228477698729bf2bfd5675b930096c76c638c5065c9694bc20b0d835ff067,97be63984d5302a7,51.178
stylized_3d,82,fractal,visual-harvest-400/stylized_3d/082_fractal_buffalo-hq-20211005-8-bit.jpg,File:Buffalo HQ 20211005 8 Bit.png,https://commons.wikimedia.org/wiki/File:Buffalo_HQ_20211005_8_Bit.png,https://upload.wikimedia.org/wikipedia/commons/thumb/d/d9/Buffalo_HQ_20211005_8_Bit.png/1920px-Buffalo_HQ_20211005_8_Bit.png,PantheraLeo1359531,CC0,http://creativecommons.org/publicdomain/zero/1.0/deed.en,A 3D version of the Buffalo fractal.,26754,26754,1400,1400,57c1fbdaece7a0bdca7dc37ea709bb5689a0c47b4e28806369e3f94537be9bbe,959364666fcd4a32,31.188
stylized_3d,83,robot,visual-harvest-400/stylized_3d/083_robot_robotic-spider.jpg,File:Robotic spider.png,https://commons.wikimedia.org/wiki/File:Robotic_spider.png,https://upload.wikimedia.org/wikipedia/commons/thumb/b/bc/Robotic_spider.png/1920px-Robotic_spider.png,TheDigitalArtist,CC0,http://creativecommons.org/publicdomain/zero/1.0/deed.en,A 3D render of a fictional spider-like robot.,3000,2000,1400,933,cddcf93b235c46c539f38499df7443fbd8e36b48fb3d7794d79217ba928cbc40,93c96a3eed80923e,33.897
stylized_3d,84,robot,visual-harvest-400/stylized_3d/084_robot_robot-image-created-in-rhinoceros-3d-and-rendered-in-flamingo.jpg,File:Robot image created in Rhinoceros 3D and rendered in Flamingo.jpg,https://commons.wikimedia.org/wiki/File:Robot_image_created_in_Rhinoceros_3D_and_rendered_in_Flamingo.jpg,https://upload.wikimedia.org/wikipedia/commons/7/75/Robot_image_created_in_Rhinoceros_3D_and_rendered_in_Flamingo.jpg,Kingoomieiii,Public domain,,"An example of a model created in Rhino, illustrating free-form NURBS surfaces (as well as the rendering plugin, Flamingo).",1531,2200,974,1400,282904d4d81c5b758a2f44d6226a0d12ae6df2e6fdd1a4a0eb81aa2ad7e3562b,b99e0cc663e3c1f0,39.287
stylized_3d,85,robot,visual-harvest-400/stylized_3d/085_robot_evolving-landscape-of-preclinical-tools-used-for-toxicological-assessm.jpg,File:Evolving Landscape of Preclinical Tools Used for Toxicological Assessment of Electronic Nicotine Delivery Systems.webp,https://commons.wikimedia.org/wiki/File:Evolving_Landscape_of_Preclinical_Tools_Used_for_Toxicological_Assessment_of_Electronic_Nicotine_Delivery_Systems.webp,https://upload.wikimedia.org/wikipedia/commons/thumb/e/ed/Evolving_Landscape_of_Preclinical_Tools_Used_for_Toxicological_Assessment_of_Electronic_Nicotine_Delivery_Systems.webp/1920px-Evolving_Landscape_of_Preclinical_Tools_Used_for_Toxicological_Assessment_of_Electronic_Nicotine_Delivery_Systems.webp.png,Kambez H Benam,CC BY 4.0,https://creativecommons.org/licenses/by/4.0,"a Electronic nicotine delivery systems (ENDS) are proliferating swiftly, with a wide array of e-liquid ingredients and device functionalities, presenting considerable challenges in assessing their potential pulmonary toxicity. Traditional methodologies predominantly include two-dimensional (2D) cell culture models that employ either cell lines or undifferentiated primary human lung cells (b) , as well as static three-dimensional (3D) in vitro models such as air-liquid interface (ALI) cultures using primary human airway epithelial cells in transwell inserts (TWIs) (c) , microtome-assisted precision cut lung slices (PCLS) (d) , laboratory animals, notably rodents (e) , and, rarely, lung spheroids and organoids (f) . Complementary techniques involve in silico modeling (g) and physicochemical analytical methods such as quartz crystal microbalance (QCM), gas chromatography-mass spectrometry (GC-MS), and nuclear magnetic resonance (NMR) spectroscopy (h, i) . Emerging bioengineered technologies, such as Lung-on-a-Chip living devices (j) and the bioinspired non-living robotic platform Human Vaping Mimetic Real-Time Particle Analyzer (HUMITIPAA) (k) , offer new opportunities to overcome certain limitations of existing tools, enhance human and clinical relevance, and expedite toxicity evaluation. Images in (j, k) were reproduced from ref. 87. and ref. 138, respectively. a–g, i Were fully or in part created using BioRender.com, and (j, k) were reproduced with permission from ref. 87 and ref. 138.",1995,2484,1124,1400,6f235eb44d38b45e801b3dd5dc5854fe764c0581e32eacfbd0e277f722604667,daaf3a1fa420c578,36.963
stylized_3d,86,robot,visual-harvest-400/stylized_3d/086_robot_2.jpg,File:Погрузчик для Спутника 2.png,https://commons.wikimedia.org/wiki/File:%D0%9F%D0%BE%D0%B3%D1%80%D1%83%D0%B7%D1%87%D0%B8%D0%BA_%D0%B4%D0%BB%D1%8F_%D0%A1%D0%BF%D1%83%D1%82%D0%BD%D0%B8%D0%BA%D0%B0_2.png,https://upload.wikimedia.org/wikipedia/commons/thumb/f/fc/%D0%9F%D0%BE%D0%B3%D1%80%D1%83%D0%B7%D1%87%D0%B8%D0%BA_%D0%B4%D0%BB%D1%8F_%D0%A1%D0%BF%D1%83%D1%82%D0%BD%D0%B8%D0%BA%D0%B0_2.png/1920px-%D0%9F%D0%BE%D0%B3%D1%80%D1%83%D0%B7%D1%87%D0%B8%D0%BA_%D0%B4%D0%BB%D1%8F_%D0%A1%D0%BF%D1%83%D1%82%D0%BD%D0%B8%D0%BA%D0%B0_2.png,Vertar,CC BY-SA 4.0,https://creativecommons.org/licenses/by-sa/4.0,"3d модель робота погрузчика из кинофильма ""Гостья из будущего""",9999,7597,1400,1064,f36c726dec7d83eb118204488c75c5fe1bc1999a9e9a23262cec981206cc8ddd,cd3863cf32ce1863,28.636
stylized_3d,87,robot,visual-harvest-400/stylized_3d/087_robot_4.jpg,File:Погрузчик для Спутника 4.png,https://commons.wikimedia.org/wiki/File:%D0%9F%D0%BE%D0%B3%D1%80%D1%83%D0%B7%D1%87%D0%B8%D0%BA_%D0%B4%D0%BB%D1%8F_%D0%A1%D0%BF%D1%83%D1%82%D0%BD%D0%B8%D0%BA%D0%B0_4.png,https://upload.wikimedia.org/wikipedia/commons/thumb/a/a0/%D0%9F%D0%BE%D0%B3%D1%80%D1%83%D0%B7%D1%87%D0%B8%D0%BA_%D0%B4%D0%BB%D1%8F_%D0%A1%D0%BF%D1%83%D1%82%D0%BD%D0%B8%D0%BA%D0%B0_4.png/1920px-%D0%9F%D0%BE%D0%B3%D1%80%D1%83%D0%B7%D1%87%D0%B8%D0%BA_%D0%B4%D0%BB%D1%8F_%D0%A1%D0%BF%D1%83%D1%82%D0%BD%D0%B8%D0%BA%D0%B0_4.png,Vertar,CC BY-SA 4.0,https://creativecommons.org/licenses/by-sa/4.0,"3d модель робота погрузчика из кинофильма ""Гостья из будущего""",9999,7597,1400,1064,b853208c8e61ec85f6ad32a3adc01336c6324405628d79e314baf48a4541da6b,936e69956c9ab462,27.252
stylized_3d,88,robot,visual-harvest-400/stylized_3d/088_robot_1.jpg,File:Погрузчик для Спутника 1.png,https://commons.wikimedia.org/wiki/File:%D0%9F%D0%BE%D0%B3%D1%80%D1%83%D0%B7%D1%87%D0%B8%D0%BA_%D0%B4%D0%BB%D1%8F_%D0%A1%D0%BF%D1%83%D1%82%D0%BD%D0%B8%D0%BA%D0%B0_1.png,https://upload.wikimedia.org/wikipedia/commons/thumb/2/24/%D0%9F%D0%BE%D0%B3%D1%80%D1%83%D0%B7%D1%87%D0%B8%D0%BA_%D0%B4%D0%BB%D1%8F_%D0%A1%D0%BF%D1%83%D1%82%D0%BD%D0%B8%D0%BA%D0%B0_1.png/1920px-%D0%9F%D0%BE%D0%B3%D1%80%D1%83%D0%B7%D1%87%D0%B8%D0%BA_%D0%B4%D0%BB%D1%8F_%D0%A1%D0%BF%D1%83%D1%82%D0%BD%D0%B8%D0%BA%D0%B0_1.png,Vertar,CC BY-SA 4.0,https://creativecommons.org/licenses/by-sa/4.0,"3d модель робота погрузчика из кинофильма ""Гостья из будущего""",9999,7597,1400,1064,5fe5d1655435afbb0520f35d9d791ebbd5b43350bbe9f2b19755a598c23a620b,936b249e6d934b25,28.828
stylized_3d,89,character,visual-harvest-400/stylized_3d/089_character_talagunda-fragment2-inscription01.jpg,File:Talagunda fragment2 Inscription01.jpg,https://commons.wikimedia.org/wiki/File:Talagunda_fragment2_Inscription01.jpg,https://upload.wikimedia.org/wikipedia/commons/thumb/0/0d/Talagunda_fragment2_Inscription01.jpg/1920px-Talagunda_fragment2_Inscription01.jpg,Bengaluru Inscriptions Digital Conservation Team,CC BY-SA 4.0,https://creativecommons.org/licenses/by-sa/4.0,"High-resolution digital image of an inscription attributed to the Kadamba dynasty. This image was generated by 3D scanning the original stone inscription as part of a documentation effort by the ""The Mythic Society Bengaluru Inscriptions 3D Digital Conservation Team . The digitisation was carried out on the occasion of the seminar ""Early Kadambas and Their Times"" , held at the Mythic Society, Bengaluru, from March 22–24, 2025. The inscription is located At Talagunda on a stone in the Pranaveshvara temple. It is engraved on a stone fragment and written in Kadamba script . The inscription is dated to the Kadamba, 5th Century This fragmentary inscription eulogises and good quality Naya vinaya-Satva-Sampannaḥ and it seems to mention crowned prince or eldest son Additional Resources Character-by-character images of this inscription have also been documented and made available through the Akshara Bhandara platform — a tool for viewing and studying individual letterforms from stone inscriptions. Access Akshara Bhandara here: https://mythicsociety.github.io/AksharaBhandara/#/ Licensing This image is licensed under the Creative Commons Attribution-ShareAlike 4.0 International license (CC BY-SA 4.0). You are free to share and adapt the material with appropriate credit. More details: https://creativecommons.org/licenses/by-sa/4.0/ Additional Resources Character-by-character images of this inscription have also been documented and made available through the Akshara Bhandara platform — a tool for viewing and studying individual letterforms from stone inscriptions. Access Akshara Bhandara here: https://mythicsociety.github.io/AksharaBhandara/#/",4048,3036,1400,1050,36981bc3738ac757d568be964ae09bba5509cd1091428864c48038a40feae0f6,95856a3bcd6a92cc,36.288
stylized_3d,90,character,visual-harvest-400/stylized_3d/090_character_talagunda-fragment2-inscription06.jpg,File:Talagunda fragment2 Inscription06.jpg,https://commons.wikimedia.org/wiki/File:Talagunda_fragment2_Inscription06.jpg,https://upload.wikimedia.org/wikipedia/commons/thumb/5/5f/Talagunda_fragment2_Inscription06.jpg/1920px-Talagunda_fragment2_Inscription06.jpg,Bengaluru Inscriptions Digital Conservation Team,CC BY-SA 4.0,https://creativecommons.org/licenses/by-sa/4.0,"High-resolution digital image of an inscription attributed to the Kadamba dynasty. This image was generated by 3D scanning the original stone inscription as part of a documentation effort by the ""The Mythic Society Bengaluru Inscriptions 3D Digital Conservation Team . The digitisation was carried out on the occasion of the seminar ""Early Kadambas and Their Times"" , held at the Mythic Society, Bengaluru, from March 22–24, 2025. The inscription is located At Talagunda on a stone in the Pranaveshvara temple. It is engraved on a stone fragment and written in Kadamba script . The inscription is dated to the Kadamba, 5th Century This fragmentary inscription eulogises and good quality Naya vinaya-Satva-Sampannaḥ and it seems to mention crowned prince or eldest son Additional Resources Character-by-character images of this inscription have also been documented and made available through the Akshara Bhandara platform — a tool for viewing and studying individual letterforms from stone inscriptions. Access Akshara Bhandara here: https://mythicsociety.github.io/AksharaBhandara/#/ Licensing This image is licensed under the Creative Commons Attribution-ShareAlike 4.0 International license (CC BY-SA 4.0). You are free to share and adapt the material with appropriate credit. More details: https://creativecommons.org/licenses/by-sa/4.0/ Additional Resources Character-by-character images of this inscription have also been documented and made available through the Akshara Bhandara platform — a tool for viewing and studying individual letterforms from stone inscriptions. Access Akshara Bhandara here: https://mythicsociety.github.io/AksharaBhandara/#/",4048,3036,1400,1050,8186880e2e16a98af7942894edda607a6408f1b6522aa9ca7d7e6c6de2326cbb,8dc9fe524cc18c7a,44.788
stylized_3d,91,character,visual-harvest-400/stylized_3d/091_character_banavasi-fragment1inscription4.jpg,File:Banavasi fragment1inscription4.jpg,https://commons.wikimedia.org/wiki/File:Banavasi_fragment1inscription4.jpg,https://upload.wikimedia.org/wikipedia/commons/thumb/7/7c/Banavasi_fragment1inscription4.jpg/1920px-Banavasi_fragment1inscription4.jpg,Bengaluru Inscriptions Digital Conservation Team,CC BY-SA 4.0,https://creativecommons.org/licenses/by-sa/4.0,"Photograph showing the 3D scanning of an inscription attributed to the Kadamba dynasty. This photo documents a member of the Mythic Society Bengaluru Inscriptions 3D Digital Conservation Team scanning the original stone inscription as part of a digitisation effort. The scanning was carried out during the seminar ""Early Kadambas and Their Times"" , held at the Mythic Society, Bengaluru, from March 22–24, 2025. The digitisation was carried out on the occasion of the seminar ""Early Kadambas and Their Times"" , held at the Mythic Society, Bengaluru, from March 22–24, 2025. The inscription is located in at Banavasi on a stone Fragment in the Madhukesvara temple. It is engraved on a Stone Fragment and written in Kadamba script . The inscription is dated to the Kadamba, 5th Century Since the inscription stone is fragmented, a comprehensive summary can not be understood Additional Resources Character-by-character images of this inscription have also been documented and made available through the Akshara Bhandara platform — a tool for viewing and studying individual letterforms from stone inscriptions. Access Akshara Bhandara here: https://mythicsociety.github.io/AksharaBhandara/#/ Licensing This image is licensed under the Creative Commons Attribution-ShareAlike 4.0 International license (CC BY-SA 4.0). You are free to share and adapt the material with appropriate credit. More details: https://creativecommons.org/licenses/by-sa/4.0/ Additional Resources Character-by-character images of this inscription have also been documented and made available through the Akshara Bhandara platform — a tool for viewing and studying individual letterforms from stone inscriptions. Access Akshara Bhandara here: https://mythicsociety.github.io/AksharaBhandara/#/",4624,3472,1400,1051,51c9800fc5a5db8c23f950883077fdee36c9ff3cc32b0d15afeb735355308339,ffe1842d6d90c394,40.6
stylized_3d,92,character,visual-harvest-400/stylized_3d/092_character_banavasi-mahadevi-inscription6.jpg,File:Banavasi Mahadevi Inscription6.jpg,https://commons.wikimedia.org/wiki/File:Banavasi_Mahadevi_Inscription6.jpg,https://upload.wikimedia.org/wikipedia/commons/thumb/1/17/Banavasi_Mahadevi_Inscription6.jpg/1920px-Banavasi_Mahadevi_Inscription6.jpg,Bengaluru Inscriptions Digital Conservation Team,CC BY-SA 4.0,https://creativecommons.org/licenses/by-sa/4.0,"Photograph showing the 3D scanning of an inscription attributed to the Satavahana dynasty. This photo documents a member of the Mythic Society Bengaluru Inscriptions 3D Digital Conservation Team scanning the original stone inscription as part of a digitisation effort. The scanning was carried out during the seminar ""Early Kadambas and Their Times"" , held at the Mythic Society, Bengaluru, from March 22–24, 2025. The inscription is located At Banavasi on a stone slab in the Madhukesvara temple. It is engraved on a Stone slab and written in Satavahana Brahmi script . The inscription is dated to the Satavahana, 2nd Century , The memorial stone of the queen Mahadevi of king Vasishthiputra Siva Sri Pulumavi Additional Resources Character-by-character images of this inscription have also been documented and made available through the Akshara Bhandara platform — a tool for viewing and studying individual letterforms from stone inscriptions. Access Akshara Bhandara here: https://mythicsociety.github.io/AksharaBhandara/#/ Licensing This image is licensed under the Creative Commons Attribution-ShareAlike 4.0 International license (CC BY-SA 4.0). You are free to share and adapt the material with appropriate credit. More details: https://creativecommons.org/licenses/by-sa/4.0/ Additional Resources Character-by-character images of this inscription have also been documented and made available through the Akshara Bhandara platform — a tool for viewing and studying individual letterforms from stone inscriptions. Access Akshara Bhandara here: https://mythicsociety.github.io/AksharaBhandara/#/",4624,3472,1400,1051,8016cfec506a3d133638dc1e1e3d7569d347752bf2e62f5a2a78f15c77ffcd53,84b54360dd0fcdf8,39.195
stylized_3d,93,character,visual-harvest-400/stylized_3d/093_character_file-kavadi-inscription-view-1.jpg,File:File-Kavadi Inscription View 1.jpg,https://commons.wikimedia.org/wiki/File:File-Kavadi_Inscription_View_1.jpg,https://upload.wikimedia.org/wikipedia/commons/thumb/a/af/File-Kavadi_Inscription_View_1.jpg/1920px-File-Kavadi_Inscription_View_1.jpg,Bengaluru Inscriptions Digital Conservation Team,CC BY-SA 4.0,https://creativecommons.org/licenses/by-sa/4.0,"Wide-angle photograph of an inscription at Kavadi attributed to the Kadamba dynasty. This image was captured as part of a documentation effort by the Mythic Society Bengaluru Inscriptions 3D Digital Conservation Team . The digitisation was carried out on the occasion of the seminar ""Early Kadambas and Their Times"" , held at the Mythic Society, Bengaluru, from March 22–24, 2025. The inscription is located at Kavadi village, on a stone near Yalla's house. It is engraved on a stone slab and written in the Kadamba Kannada script . It is dated to the Kadamba, 400 CE and registers the **death and liberation (mukti) of Queen Hamalla**, who was united in death with Ravivarma, like the radiance of the sun. A translation of the inscription reads: ""...... and Mrigêśa's son, who .. hamalla, the queen herself, along with Ravivarmma, her own, obtained mukti, being like the glory to Ravi (or the sun), .. united with her own."" Additional Resources Character-by-character images of this inscription have also been documented and made available through the Akshara Bhandara platform — a tool for viewing and studying individual letterforms from stone inscriptions. Access Akshara Bhandara here: https://mythicsociety.github.io/AksharaBhandara/#/",4048,3036,1400,1050,35fac874ef1ce008a97a74c54ffc4fc80432cccc7070e593bd348f0133d47abb,8b4fb86676357121,49.695
stylized_3d,94,character,visual-harvest-400/stylized_3d/094_character_file-tadagani-inscription-photo.jpg,File:File-Tadagani Inscription Photo.jpg,https://commons.wikimedia.org/wiki/File:File-Tadagani_Inscription_Photo.jpg,https://upload.wikimedia.org/wikipedia/commons/thumb/7/77/File-Tadagani_Inscription_Photo.jpg/1920px-File-Tadagani_Inscription_Photo.jpg,Bengaluru Inscriptions Digital Conservation Team,CC BY-SA 4.0,https://creativecommons.org/licenses/by-sa/4.0,"Photograph of a stone inscription attributed to the Kadamba dynasty, documenting a land grant. This image was produced as part of a digital conservation effort by the Mythic Society Bengaluru Inscriptions 3D Team . The inscription is engraved on a stone slab , written in the Kadamba Kannada script , and dated to the 6th century CE . It records a grant made by Kadamba king Madhuvarma to Narayanasarman of the Gautama-gotra.",3036,4048,1050,1400,7d8dcfb732ee12175085724e8fa0ccf1abf6c11cca1147deec0483d0e08074ce,85a83894f5d0dcde,37.579
stylized_3d,95,blender,visual-harvest-400/stylized_3d/095_blender_europa-blender-render-01.jpg,File:Europa Blender render 01.png,https://commons.wikimedia.org/wiki/File:Europa_Blender_render_01.png,https://upload.wikimedia.org/wikipedia/commons/thumb/c/ce/Europa_Blender_render_01.png/1920px-Europa_Blender_render_01.png,Wikideas1,CC0,http://creativecommons.org/publicdomain/zero/1.0/deed.en,Europa rendered with Blender and data from NASA and the USGS,2000,2000,1400,1400,8b70478492e6e6fdfff6c9e29f8b5825200ca6a23512923dd882cfda6ac592b1,c0481b333fb57876,38.723
stylized_3d,96,blender,visual-harvest-400/stylized_3d/096_blender_mercury-render-with-blender-02.jpg,File:Mercury render with Blender 02.png,https://commons.wikimedia.org/wiki/File:Mercury_render_with_Blender_02.png,https://upload.wikimedia.org/wikipedia/commons/thumb/2/28/Mercury_render_with_Blender_02.png/1920px-Mercury_render_with_Blender_02.png,Wikideas1,CC0,http://creativecommons.org/publicdomain/zero/1.0/deed.en,Mercury rendered in Blender with data from NASA and the USGS,4000,4000,1400,1400,ff36e51e664f9c22ba776fdcb86c1562cc6f7c1948d4415d36c18c393c5f45f3,d0d01f2d6e1e3de0,33.134
stylized_3d,97,blender,visual-harvest-400/stylized_3d/097_blender_20221130-18-32-57-stupa-in-blender-3-2-1.jpg,File:20221130 18 32 57-Stupa in Blender 3.2.1.png,https://commons.wikimedia.org/wiki/File:20221130_18_32_57-Stupa_in_Blender_3.2.1.png,https://upload.wikimedia.org/wikipedia/commons/thumb/6/67/20221130_18_32_57-Stupa_in_Blender_3.2.1.png/1920px-20221130_18_32_57-Stupa_in_Blender_3.2.1.png,Blender: Blender Foundation Stupa: Wildfire Games Screenshot by PantheraLeo1359531 😺 ( talk ),CC BY-SA 3.0,https://creativecommons.org/licenses/by-sa/3.0,Viewport view in Blender showing 3 parts of a stupa assembled to form a stupa. The stupa is from 0 A.D. by Wildfire Games.,7680,4080,1400,744,151da0619003834d33d7aa94033a5afc484bd600b9d424d72d17393852ed4fe2,cef431c3c39cc6a1,22.683
stylized_3d,98,blender,visual-harvest-400/stylized_3d/098_blender_blender-dynamic-color.jpg,File:Blender-dynamic-color.png,https://commons.wikimedia.org/wiki/File:Blender-dynamic-color.png,https://upload.wikimedia.org/wikipedia/commons/thumb/7/7a/Blender-dynamic-color.png/1920px-Blender-dynamic-color.png,Vijay Verma,CC0,http://creativecommons.org/publicdomain/zero/1.0/deed.en,3-d Blender color dynamic icon,2400,2400,1400,1400,1bfc209e2f5062fcb00f7424219ab5c3532d126cd14c0ae2f43274a3a5cfb387,94ce7b356612d8e1,49.803
stylized_3d,99,blender,visual-harvest-400/stylized_3d/099_blender_blender-3d-modelling-at-game-jam.jpg,File:Blender 3D modelling at Game Jam.jpg,https://commons.wikimedia.org/wiki/File:Blender_3D_modelling_at_Game_Jam.jpg,https://upload.wikimedia.org/wikipedia/commons/thumb/9/92/Blender_3D_modelling_at_Game_Jam.jpg/1920px-Blender_3D_modelling_at_Game_Jam.jpg,I G,CC BY 2.0,https://creativecommons.org/licenses/by/2.0,Blender 3D modelling on a laptop at Game Jam youtube.com/playlist?list=PLw4PA32s7H54bCcVYJWJ6-UvaU...,2592,1944,1400,1050,55f3834865be52fa03d06bcf5c85d4ff1a01db665d059ee31ba70bb9c08bff8d,f9d567220e1f3126,36.976
stylized_3d,100,blender,visual-harvest-400/stylized_3d/100_blender_blender-2-80-startup-screen.jpg,File:Blender 2.80 startup screen.png,https://commons.wikimedia.org/wiki/File:Blender_2.80_startup_screen.png,https://upload.wikimedia.org/wikipedia/commons/thumb/b/b0/Blender_2.80_startup_screen.png/1920px-Blender_2.80_startup_screen.png,domdomegg,CC BY 4.0,https://creativecommons.org/licenses/by/4.0,The default startup screen of blender 2.80,2939,1688,1400,804,c42f9fcf0c869249a8bf5918101da6a302672036a060f5434715a503fce8a391,9bdb6424889b5b2e,22.893
stylized_3d,101,raytrace,visual-harvest-400/stylized_3d/101_raytrace_glass-ochem.jpg,File:Glass ochem.png,https://commons.wikimedia.org/wiki/File:Glass_ochem.png,https://upload.wikimedia.org/wikipedia/commons/thumb/4/40/Glass_ochem.png/1920px-Glass_ochem.png,Purpy Pupple,CC BY-SA 3.0,https://creativecommons.org/licenses/by-sa/3.0,"A 3D model of organic molecules created using Rhinoceros 3D and rendered with Vray . The molecules are, from foreground to background: cyclohexane , methane , ethane , and heptane . The ray-tracing depth was set to 9, and caustics are enabled. The index of refraction of the glass material is set to 1.55. A small amount of lens flare around highlights was added with Photoshop .",2880,1440,1400,700,9c90c2f526ee7fd955ae7766e9d662e510541301291e47aab0c8024802f10b72,9175ab6be41ac493,49.108
stylized_3d,102,raytrace,visual-harvest-400/stylized_3d/102_raytrace_lcd-rgb-subpixel.jpg,File:LCD RGB subpixel.jpg,https://commons.wikimedia.org/wiki/File:LCD_RGB_subpixel.jpg,https://upload.wikimedia.org/wikipedia/commons/thumb/3/3d/LCD_RGB_subpixel.jpg/1920px-LCD_RGB_subpixel.jpg,"LCD_subpixel_(en).png : Marvin Raaijmakers, modified by ed g2s • talk derivative work: Angelo La Spina",CC BY-SA 2.5,https://creativecommons.org/licenses/by-sa/2.5,RGB LCD subpixel. Rendered by Lightwave 9.6 using ray-tracing and radiosity algorithms.,2967,2225,1400,1050,470e440622d23752bb3cf990fe2011284fdbd59e2dea6530621b627c885f2d40,d39d70dbcd852462,29.019
stylized_3d,103,raytrace,visual-harvest-400/stylized_3d/103_raytrace_make-your-pony-sample.jpg,File:Make Your Pony sample.png,https://commons.wikimedia.org/wiki/File:Make_Your_Pony_sample.png,https://upload.wikimedia.org/wikipedia/commons/thumb/a/a9/Make_Your_Pony_sample.png/1920px-Make_Your_Pony_sample.png,JayPasta,CC BY 4.0,https://creativecommons.org/licenses/by/4.0,"Default character of Make Your Pony 0.1.0, rendered in Blender 4.2.3 LTS with almost no changes (hair flipped to uncover the eye).",2880,3840,1050,1400,2e13611a872ceda737f0b13a0b67220ffb8568639828fd059a286d8d883af28d,91b53f5e40436b59,45.173
stylized_3d,104,fractal,visual-harvest-400/stylized_3d/104_fractal_mandelbulblamellen-20220112-rgba8.jpg,File:MandelbulbLamellen 20220112 RGBA8.png,https://commons.wikimedia.org/wiki/File:MandelbulbLamellen_20220112_RGBA8.png,https://upload.wikimedia.org/wikipedia/commons/thumb/7/7c/MandelbulbLamellen_20220112_RGBA8.png/1920px-MandelbulbLamellen_20220112_RGBA8.png,PantheraLeo1359531,CC0,http://creativecommons.org/publicdomain/zero/1.0/deed.en,An overview of the lamellae of the mandelbulb.,44444,25000,1400,788,f179e7f7b0055429ca1ec74f7cc2a78fc6fb2f01b31c4b006c84579ae9bc833c,b91b81cf055c3774,26.753
stylized_3d,105,fractal,visual-harvest-400/stylized_3d/105_fractal_mandelbulber-3d-fractal.jpg,File:Mandelbulber 3D fractal.png,https://commons.wikimedia.org/wiki/File:Mandelbulber_3D_fractal.png,https://upload.wikimedia.org/wikipedia/commons/8/85/Mandelbulber_3D_fractal.png,Drummyfish,CC0,http://creativecommons.org/publicdomain/zero/1.0/deed.en,This is a 3D fractal rendering I have made with Mandelbulber 2.,1280,720,1280,720,a0851da2a7fe4aebc03011956a012f46ac1b7de43ec3dfae25cd52cd4cf02ee6,9c4ca399bfa0889f,37.47
stylized_3d,106,fractal,visual-harvest-400/stylized_3d/106_fractal_kochv2-20200317-opencl-10k-hq-klein.jpg,File:KochV2 20200317 OpenCL 10K HQ klein.png,https://commons.wikimedia.org/wiki/File:KochV2_20200317_OpenCL_10K_HQ_klein.png,https://upload.wikimedia.org/wikipedia/commons/thumb/b/b7/KochV2_20200317_OpenCL_10K_HQ_klein.png/1920px-KochV2_20200317_OpenCL_10K_HQ_klein.png,PantheraLeo1359531,CC BY 4.0,https://creativecommons.org/licenses/by/4.0,A special 3D Vicsek fractal. Created with mandelbulber2.,10000,5000,1400,700,56d9ecc4a1dbe0ba9efc01dd2e00c60bfa5226fef0354597574249055f316a8f,934ca5926f934ca7,15.545
stylized_3d,107,fractal,visual-harvest-400/stylized_3d/107_fractal_rhombische-schnittstelle-hq-opencl-10k-20200705.jpg,File:Rhombische Schnittstelle HQ OpenCL 10K 20200705.png,https://commons.wikimedia.org/wiki/File:Rhombische_Schnittstelle_HQ_OpenCL_10K_20200705.png,https://upload.wikimedia.org/wikipedia/commons/thumb/9/95/Rhombische_Schnittstelle_HQ_OpenCL_10K_20200705.png/1920px-Rhombische_Schnittstelle_HQ_OpenCL_10K_20200705.png,PantheraLeo1359531,CC0,http://creativecommons.org/publicdomain/zero/1.0/deed.en,"A fractal with rhombus shapes. You can find empty shapes of 3D rhombi which were carved into this structure. Created with mandelbulber2. The specialty of this image is that all the notches are rhombus shapes. This clipping shows theoretically an infinite number of rhombi, but is limited due to pixel rastering.",10000,5625,1400,788,c58b698c73cf51f473405b30d2132c2c42c0c0ac5efd2658d97837f73c1b3b76,aa64f5a12a51d5ab,42.404
stylized_3d,108,fractal,visual-harvest-400/stylized_3d/108_fractal_fractal-art-series-14465834074.jpg,File:Fractal Art Series (14465834074).jpg,https://commons.wikimedia.org/wiki/File:Fractal_Art_Series_(14465834074).jpg,https://upload.wikimedia.org/wikipedia/commons/thumb/b/b5/Fractal_Art_Series_%2814465834074%29.jpg/1920px-Fractal_Art_Series_%2814465834074%29.jpg,_ThomasWallaceScherzer_,Public domain,,"Series 1= Fractal Images Captured in a 3D Animation Rendering, Series 2= Videos Rendered as Animations, Series 3= Sequencing of fractal images Captured from a 3d Animated Rendering Series 4= Compounding Sequencial Imagery to form new fractals, and Fractal Artwork.",2560,1440,1400,788,64899a4b9b95a0f8d5ba88d732d5c84c751b46db8b79aa823875bfa967a59ca5,fbfb5a7a25050505,35.993
stylized_3d,109,fractal,visual-harvest-400/stylized_3d/109_fractal_sierpinski-3d-360-20191218.jpg,File:Sierpinski 3D 360 20191218.jpg,https://commons.wikimedia.org/wiki/File:Sierpinski_3D_360_20191218.jpg,https://upload.wikimedia.org/wikipedia/commons/thumb/d/d4/Sierpinski_3D_360_20191218.jpg/1920px-Sierpinski_3D_360_20191218.jpg,PantheraLeo1359531,CC BY-SA 4.0,https://creativecommons.org/licenses/by-sa/4.0,Testbeispiel für eine 360°-Panoramaaufnahme aus der Mitte eines 3D-Analogons des Sierpinski-Dreiecks.,10000,5000,1400,700,804aee3118bfc74a71e8659f28a5a24c96c338f1d807f442bb425410c4fb3681,8758e2e4ad73d4a4,19.016
stylized_3d,110,fractal,visual-harvest-400/stylized_3d/110_fractal_3d-gitternetz-20191201-8k.jpg,File:3D-Gitternetz 20191201 8K.png,https://commons.wikimedia.org/wiki/File:3D-Gitternetz_20191201_8K.png,https://upload.wikimedia.org/wikipedia/commons/thumb/c/c5/3D-Gitternetz_20191201_8K.png/1920px-3D-Gitternetz_20191201_8K.png,PantheraLeo1359531,CC BY-SA 4.0,https://creativecommons.org/licenses/by-sa/4.0,A 3D grid that shows special mathematical properties like vanishing points.,8000,4500,1400,788,a1ca457016a7b0d739e15535d1c51657bff1c5b940145a48b45996d6c8a54aba,c222fc6613d2fae1,36.213
stylized_3d,111,fractal,visual-harvest-400/stylized_3d/111_fractal_3d-fraktal-auf-vicsek-basis-panorama-20240809.jpg,File:3D-Fraktal auf Vicsek-Basis – Panorama 20240809.png,https://commons.wikimedia.org/wiki/File:3D-Fraktal_auf_Vicsek-Basis_%E2%80%93_Panorama_20240809.png,https://upload.wikimedia.org/wikipedia/commons/thumb/a/af/3D-Fraktal_auf_Vicsek-Basis_%E2%80%93_Panorama_20240809.png/1920px-3D-Fraktal_auf_Vicsek-Basis_%E2%80%93_Panorama_20240809.png,PantheraLeo1359531,CC0,http://creativecommons.org/publicdomain/zero/1.0/deed.en,Spherical panorama of a 3D version of the Vicsek fractal. Render time about 13 minutes with an RTX 3090.,32000,16000,1400,700,803481c2d42dcc28ebb9e39eb20b897557ce52d4e8ab0a04cef84a228af7a42c,91ec66916eb56994,36.988
stylized_3d,112,fractal,visual-harvest-400/stylized_3d/112_fractal_menger-cross-mod1-001-20250911-shadow.jpg,File:Menger cross mod1 001 20250911 shadow.png,https://commons.wikimedia.org/wiki/File:Menger_cross_mod1_001_20250911_shadow.png,https://upload.wikimedia.org/wikipedia/commons/thumb/5/55/Menger_cross_mod1_001_20250911_shadow.png/1920px-Menger_cross_mod1_001_20250911_shadow.png,Mandelbulber-Team/ PantheraLeo1359531 😺 ( talk ),CC BY 4.0,https://creativecommons.org/licenses/by/4.0,"Fractal spiral approaching a Misiurewicz point, in 3D equivalent.",25600,14400,1400,788,101ea04b82abc602ff036ca30e2815262f96251c795e69e1d67e8574221f215e,be6561c644730f35,66.293
stylized_3d,113,fractal,visual-harvest-400/stylized_3d/113_fractal_pseudokleinian-360vr-rgba8-20220117.jpg,File:PseudoKleinian 360VR RGBA8 20220117.png,https://commons.wikimedia.org/wiki/File:PseudoKleinian_360VR_RGBA8_20220117.png,https://upload.wikimedia.org/wikipedia/commons/thumb/9/94/PseudoKleinian_360VR_RGBA8_20220117.png/1920px-PseudoKleinian_360VR_RGBA8_20220117.png,PantheraLeo1359531,CC0,http://creativecommons.org/publicdomain/zero/1.0/deed.en,A 360° view in the pseudo-Kleinian fractal. One sees many columns consisting only of spheres. With panorama software you can look around freely.,50000,25000,1400,700,1ee44507be46569c25762b08197e5d7d14032b0d72ea687b5a3dcb0bad9b3644,906fe5b84661bac6,46.227
stylized_3d,114,fractal,visual-harvest-400/stylized_3d/114_fractal_menger-cross-mod1-001-20250911-color.jpg,File:Menger cross mod1 001 20250911 COLOR.png,https://commons.wikimedia.org/wiki/File:Menger_cross_mod1_001_20250911_COLOR.png,https://upload.wikimedia.org/wikipedia/commons/thumb/2/21/Menger_cross_mod1_001_20250911_COLOR.png/1920px-Menger_cross_mod1_001_20250911_COLOR.png,Mandelbulber-Team/ PantheraLeo1359531 😺 ( talk ),CC BY 4.0,https://creativecommons.org/licenses/by/4.0,"Fractal spiral approaching a Misiurewicz point, in 3D equivalent.",8000,4500,1400,788,bd8d8a2f6dedff349cf4d1c5807730bc6d90d8c2a1601571ffb3b52585256863,96e5639267538b25,50.538
stylized_3d,115,character,visual-harvest-400/stylized_3d/115_character_banavasi-fragment3-inscription05.jpg,File:Banavasi Fragment3 Inscription05.jpg,https://commons.wikimedia.org/wiki/File:Banavasi_Fragment3_Inscription05.jpg,https://upload.wikimedia.org/wikipedia/commons/thumb/d/dc/Banavasi_Fragment3_Inscription05.jpg/1920px-Banavasi_Fragment3_Inscription05.jpg,Bengaluru Inscriptions Digital Conservation Team,CC BY-SA 4.0,https://creativecommons.org/licenses/by-sa/4.0,"Photograph showing the 3D scanning of an inscription attributed to the Kadamba dynasty. This photo documents a member of the Mythic Society Bengaluru Inscriptions 3D Digital Conservation Team scanning the original stone inscription as part of a digitisation effort. The scanning was carried out during the seminar ""Early Kadambas and Their Times"" , held at the Mythic Society, Bengaluru, from March 22–24, 2025. The inscription is located at Banavasi on a stone Fragment in the Madhukesvara temple. It is engraved on a Stone Fragment and written in Kadamba script . The inscription is dated to the Kadamba, 5th Century , Due to damage to the stone, the inscription's meaning is unclear, and we are unable to provide a summary Additional Resources Character-by-character images of this inscription have also been documented and made available through the Akshara Bhandara platform — a tool for viewing and studying individual letterforms from stone inscriptions. Access Akshara Bhandara here: https://mythicsociety.github.io/AksharaBhandara/#/ Licensing This image is licensed under the Creative Commons Attribution-ShareAlike 4.0 International license (CC BY-SA 4.0). You are free to share and adapt the material with appropriate credit. More details: https://creativecommons.org/licenses/by-sa/4.0/ Additional Resources Character-by-character images of this inscription have also been documented and made available through the Akshara Bhandara platform — a tool for viewing and studying individual letterforms from stone inscriptions. Access Akshara Bhandara here: https://mythicsociety.github.io/AksharaBhandara/#/",4624,3472,1400,1051,2eefc6bf821b8b9e16dc2d4c570f0314b7780f14218aa8886545bc53b3e245ba,d86cf2d986b2c127,37.848
stylized_3d,116,character,visual-harvest-400/stylized_3d/116_character_banavasi-fragment1inscription5.jpg,File:Banavasi fragment1inscription5.jpg,https://commons.wikimedia.org/wiki/File:Banavasi_fragment1inscription5.jpg,https://upload.wikimedia.org/wikipedia/commons/thumb/6/62/Banavasi_fragment1inscription5.jpg/1920px-Banavasi_fragment1inscription5.jpg,Bengaluru Inscriptions Digital Conservation Team,CC BY-SA 4.0,https://creativecommons.org/licenses/by-sa/4.0,"High-resolution digital image of an inscription attributed to the Kadamba dynasty. This image was generated by 3D scanning the original stone inscription as part of a documentation effort by the ""The Mythic Society Bengaluru Inscriptions 3D Digital Conservation Team . The digitisation was carried out on the occasion of the seminar ""Early Kadambas and Their Times"" , held at the Mythic Society, Bengaluru, from March 22–24, 2025. The inscription is located in At Banavasi on a stone Fragment in the Madhukesvara temple. It is engraved on a Stone Fragment and written in Kadamba script . The inscription is dated to the Kadamba, 5th Century Since the inscription stone is fragmented, a comprehensive summary can not be understood Additional Resources Character-by-character images of this inscription have also been documented and made available through the Akshara Bhandara platform — a tool for viewing and studying individual letterforms from stone inscriptions. Access Akshara Bhandara here: https://mythicsociety.github.io/AksharaBhandara/#/ Licensing This image is licensed under the Creative Commons Attribution-ShareAlike 4.0 International license (CC BY-SA 4.0). You are free to share and adapt the material with appropriate credit. More details: https://creativecommons.org/licenses/by-sa/4.0/ Additional Resources Character-by-character images of this inscription have also been documented and made available through the Akshara Bhandara platform — a tool for viewing and studying individual letterforms from stone inscriptions. Access Akshara Bhandara here: https://mythicsociety.github.io/AksharaBhandara/#/",4624,3472,1400,1051,b9e779c940ab93ecf5d5262b47af92fbcaeca2c9c9c03253bc7d1dd5c9c88828,c4d4d3f72f0cc0c5,44.007
stylized_3d,117,character,visual-harvest-400/stylized_3d/117_character_banavasi-fragment3-inscription07.jpg,File:Banavasi Fragment3 Inscription07.jpg,https://commons.wikimedia.org/wiki/File:Banavasi_Fragment3_Inscription07.jpg,https://upload.wikimedia.org/wikipedia/commons/thumb/c/c4/Banavasi_Fragment3_Inscription07.jpg/1920px-Banavasi_Fragment3_Inscription07.jpg,Bengaluru Inscriptions Digital Conservation Team,CC BY-SA 4.0,https://creativecommons.org/licenses/by-sa/4.0,"High-resolution digital image of an inscription attributed to the Kadamba dynasty. This image was generated by 3D scanning the original stone inscription as part of a documentation effort by the ""The Mythic Society Bengaluru Inscriptions 3D Digital Conservation Team . The digitisation was carried out on the occasion of the seminar ""Early Kadambas and Their Times"" , held at the Mythic Society, Bengaluru, from March 22–24, 2025. The inscription is located At Banavasi on a stone Fragment in the Madhukesvara temple. It is engraved on a Stone Fragment and written in Kadamba script . The inscription is dated to the Kadamba, 5th Century , Due to damage to the stone, the inscription's meaning is unclear, and we are unable to provide a summary Additional Resources Character-by-character images of this inscription have also been documented and made available through the Akshara Bhandara platform — a tool for viewing and studying individual letterforms from stone inscriptions. Access Akshara Bhandara here: https://mythicsociety.github.io/AksharaBhandara/#/ Licensing This image is licensed under the Creative Commons Attribution-ShareAlike 4.0 International license (CC BY-SA 4.0). You are free to share and adapt the material with appropriate credit. More details: https://creativecommons.org/licenses/by-sa/4.0/ Additional Resources Character-by-character images of this inscription have also been documented and made available through the Akshara Bhandara platform — a tool for viewing and studying individual letterforms from stone inscriptions. Access Akshara Bhandara here: https://mythicsociety.github.io/AksharaBhandara/#/",4048,3036,1400,1050,7014afd4656d33b037ea1091833f9ae34d1946635ab8e7c7bc93286da5fd5b76,d1d5f53b40d07f80,40.425
stylized_3d,118,character,visual-harvest-400/stylized_3d/118_character_banavasi-fragment2-inscription08.jpg,File:Banavasi Fragment2 Inscription08.jpg,https://commons.wikimedia.org/wiki/File:Banavasi_Fragment2_Inscription08.jpg,https://upload.wikimedia.org/wikipedia/commons/thumb/8/8e/Banavasi_Fragment2_Inscription08.jpg/1920px-Banavasi_Fragment2_Inscription08.jpg,Bengaluru Inscriptions Digital Conservation Team,CC BY-SA 4.0,https://creativecommons.org/licenses/by-sa/4.0,"High-resolution digital image of an inscription attributed to the Kadamba dynasty. This image was generated by 3D scanning the original stone inscription as part of a documentation effort by the ""The Mythic Society Bengaluru Inscriptions 3D Digital Conservation Team . The digitisation was carried out on the occasion of the seminar ""Early Kadambas and Their Times"" , held at the Mythic Society, Bengaluru, from March 22–24, 2025. The inscription is located At Banavasi on a stone Fragment in the Madhukesvara temple. It is engraved on a Stone Fragment and written in Kadamba script . The inscription is dated to the Kadamba, 5th Century Due to damage to the stone, the inscription's meaning is unclear, and we are unable to provide a summary Additional Resources Character-by-character images of this inscription have also been documented and made available through the Akshara Bhandara platform — a tool for viewing and studying individual letterforms from stone inscriptions. Access Akshara Bhandara here: https://mythicsociety.github.io/AksharaBhandara/#/ Licensing This image is licensed under the Creative Commons Attribution-ShareAlike 4.0 International license (CC BY-SA 4.0). You are free to share and adapt the material with appropriate credit. More details: https://creativecommons.org/licenses/by-sa/4.0/ Additional Resources Character-by-character images of this inscription have also been documented and made available through the Akshara Bhandara platform — a tool for viewing and studying individual letterforms from stone inscriptions. Access Akshara Bhandara here: https://mythicsociety.github.io/AksharaBhandara/#/",4624,3472,1400,1051,0a7271a79df9b30e250e50093d7a23814265d87854af31b12b0f522c4c8fada7,d5c5f9ad210a9ad2,41.532
stylized_3d,119,character,visual-harvest-400/stylized_3d/119_character_talagunda-fragment2-inscription02.jpg,File:Talagunda fragment2 Inscription02.png,https://commons.wikimedia.org/wiki/File:Talagunda_fragment2_Inscription02.png,https://upload.wikimedia.org/wikipedia/commons/thumb/2/24/Talagunda_fragment2_Inscription02.png/1920px-Talagunda_fragment2_Inscription02.png,Bengaluru Inscriptions Digital Conservation Team,CC BY-SA 4.0,https://creativecommons.org/licenses/by-sa/4.0,"High-resolution digital image of an inscription attributed to the Kadamba dynasty. This image was generated by 3D scanning the original stone inscription as part of a documentation effort by the ""The Mythic Society Bengaluru Inscriptions 3D Digital Conservation Team . The digitisation was carried out on the occasion of the seminar ""Early Kadambas and Their Times"" , held at the Mythic Society, Bengaluru, from March 22–24, 2025. The inscription is located At Talagunda on a stone in the Pranaveshvara temple. It is engraved on a stone fragment and written in Kadamba script . The inscription is dated to the Kadamba, 5th Century This fragmentary inscription eulogises and good quality Naya vinaya-Satva-Sampannaḥ and it seems to mention crowned prince or eldest son Additional Resources Character-by-character images of this inscription have also been documented and made available through the Akshara Bhandara platform — a tool for viewing and studying individual letterforms from stone inscriptions. Access Akshara Bhandara here: https://mythicsociety.github.io/AksharaBhandara/#/ Licensing This image is licensed under the Creative Commons Attribution-ShareAlike 4.0 International license (CC BY-SA 4.0). You are free to share and adapt the material with appropriate credit. More details: https://creativecommons.org/licenses/by-sa/4.0/ Additional Resources Character-by-character images of this inscription have also been documented and made available through the Akshara Bhandara platform — a tool for viewing and studying individual letterforms from stone inscriptions. Access Akshara Bhandara here: https://mythicsociety.github.io/AksharaBhandara/#/",2668,1494,1400,784,2744160a23f4c4182c8662015fe7c24cd7c61d79aad27bfe0719a1d146fad524,95c07a3f4b253a2d,34.381
stylized_3d,120,character,visual-harvest-400/stylized_3d/120_character_banavasi-fragment3-inscription04.jpg,File:Banavasi Fragment3 Inscription04.jpg,https://commons.wikimedia.org/wiki/File:Banavasi_Fragment3_Inscription04.jpg,https://upload.wikimedia.org/wikipedia/commons/thumb/9/96/Banavasi_Fragment3_Inscription04.jpg/1920px-Banavasi_Fragment3_Inscription04.jpg,Bengaluru Inscriptions Digital Conservation Team,CC BY-SA 4.0,https://creativecommons.org/licenses/by-sa/4.0,"Photograph showing the 3D scanning of an inscription attributed to the Kadamba dynasty. This photo documents a member of the Mythic Society Bengaluru Inscriptions 3D Digital Conservation Team scanning the original stone inscription as part of a digitisation effort. The scanning was carried out during the seminar ""Early Kadambas and Their Times"" , held at the Mythic Society, Bengaluru, from March 22–24, 2025. The inscription is located At Banavasi on a stone Fragment in the Madhukesvara temple. It is engraved on a Stone Fragment and written in Kadamba script . The inscription is dated to the Kadamba, 5th Century , Due to damage to the stone, the inscription's meaning is unclear, and we are unable to provide a summary Additional Resources Character-by-character images of this inscription have also been documented and made available through the Akshara Bhandara platform — a tool for viewing and studying individual letterforms from stone inscriptions. Access Akshara Bhandara here: https://mythicsociety.github.io/AksharaBhandara/#/ Licensing This image is licensed under the Creative Commons Attribution-ShareAlike 4.0 International license (CC BY-SA 4.0). You are free to share and adapt the material with appropriate credit. More details: https://creativecommons.org/licenses/by-sa/4.0/ Additional Resources Character-by-character images of this inscription have also been documented and made available through the Akshara Bhandara platform — a tool for viewing and studying individual letterforms from stone inscriptions. Access Akshara Bhandara here: https://mythicsociety.github.io/AksharaBhandara/#/",4624,3472,1400,1051,2295232e1f8e4c8750f61cfdb52cadaba3c5fcb682b01f6f26e818c74c273917,fa7bd26469a19390,37.998
stylized_3d,121,character,visual-harvest-400/stylized_3d/121_character_banavasi-nagastone-inscription8.jpg,File:Banavasi Nagastone Inscription8.png,https://commons.wikimedia.org/wiki/File:Banavasi_Nagastone_Inscription8.png,https://upload.wikimedia.org/wikipedia/commons/thumb/6/6c/Banavasi_Nagastone_Inscription8.png/1920px-Banavasi_Nagastone_Inscription8.png,Bengaluru Inscriptions Digital Conservation Team,CC BY-SA 4.0,https://creativecommons.org/licenses/by-sa/4.0,"High-resolution digital image of an inscription attributed to the Satavahana dynasty. This image was generated by 3D scanning the original stone inscription as part of a documentation effort by the ""The Mythic Society Bengaluru Inscriptions 3D Digital Conservation Team . The digitisation was carried out on the occasion of the seminar ""Early Kadambas and Their Times"" , held at the Mythic Society, Bengaluru, from March 22–24, 2025. The inscription is located At Banavasi on a Naga stone in the Madhukesvara temple. It is engraved on a Naga stone and written in Satavahana Brahmi script . The inscription is dated to the Satavahana, 2nd Century , In the twelfth year, during the Hemanta season, on the first day of the seventh fortnight, in the reign of Hartiputra Viṇhu Kula Chutukulananda Satakarni, on this day, while serving as the (Yuvaraja), Sivakhada Nagasiri gave the gift of this Naga stone, a tank, and a Vihara. The person who made this image was Nataka, an achari of Banavasi (Sanjayataka), a disciple of Damoraka Additional Resources Character-by-character images of this inscription have also been documented and made available through the Akshara Bhandara platform — a tool for viewing and studying individual letterforms from stone inscriptions. Access Akshara Bhandara here: https://mythicsociety.github.io/AksharaBhandara/#/ Licensing This image is licensed under the Creative Commons Attribution-ShareAlike 4.0 International license (CC BY-SA 4.0). You are free to share and adapt the material with appropriate credit. More details: https://creativecommons.org/licenses/by-sa/4.0/ Additional Resources Character-by-character images of this inscription have also been documented and made available through the Akshara Bhandara platform — a tool for viewing and studying individual letterforms from stone inscriptions. Access Akshara Bhandara here: https://mythicsociety.github.io/AksharaBhandara/#/",3018,1947,1400,903,439a674f6d92512df5eebd524e03e0df5131988d79ce8ef628ee0ff51ce32bf0,81d77ac107d527e4,57.504
stylized_3d,122,character,visual-harvest-400/stylized_3d/122_character_talagunda-left-door-jamb07.jpg,File:Talagunda Left Door Jamb07.jpg,https://commons.wikimedia.org/wiki/File:Talagunda_Left_Door_Jamb07.jpg,https://upload.wikimedia.org/wikipedia/commons/thumb/c/ca/Talagunda_Left_Door_Jamb07.jpg/1920px-Talagunda_Left_Door_Jamb07.jpg,Bengaluru Inscriptions Digital Conservation Team,CC BY-SA 4.0,https://creativecommons.org/licenses/by-sa/4.0,"Photograph showing the 3D scanning of an inscription attributed to the Kadamba dynasty. This photo documents a member of the Mythic Society Bengaluru Inscriptions 3D Digital Conservation Team scanning the original stone inscription as part of a digitisation effort. The scanning was carried out during the seminar ""Early Kadambas and Their Times"" , held at the Mythic Society, Bengaluru, from March 22–24, 2025. The inscription is located At Talagunda on a stone in the left door jamb of the sanctum (garbhagriha) of the Pranaveshvara temple. It is engraved on a Door jamb and written in Kadamba script . The inscription is dated to the Kadamba, 450CE This inscription, engraved on the left door jamb of the sanctum (garbhagriha) of the Pranaveshvara temple. Be it well. born in the noble Kaikeya family, this queen Prabhavathi, beloved wife of the illustrious Mrigeshavarma-dharma-maharaja, sprung from the well known Kadamba family., and mother of the illustrious Ravivarma-dharma-maharaja, being daily praised by thousands of Brahmanas, born in noble families, well versed in Vedas, Vedangas, Itihasas, Puranas and several dharma-shastras, devotrd to the practtice of yama and niyama and engaged in the performance of their own rites Additional Resources Character-by-character images of this inscription have also been documented and made available through the Akshara Bhandara platform — a tool for viewing and studying individual letterforms from stone inscriptions. Access Akshara Bhandara here: https://mythicsociety.github.io/AksharaBhandara/#/ Licensing This image is licensed under the Creative Commons Attribution-ShareAlike 4.0 International license (CC BY-SA 4.0). You are free to share and adapt the material with appropriate credit. More details: https://creativecommons.org/licenses/by-sa/4.0/ Additional Resources Character-by-character images of this inscription have also been documented and made available through the Akshara Bhandara platform — a tool for viewing and studying individual letterforms from stone inscriptions. Access Akshara Bhandara here: https://mythicsociety.github.io/AksharaBhandara/#/",4624,3472,1400,1051,6b2d8088534ad56c585146afe3b6557bf8341ebff0bf9f015a3bd12f980d1ae0,f3f30cc58cc6986c,37.624
stylized_3d,123,character,visual-harvest-400/stylized_3d/123_character_talagunda-fragment2-inscription05.jpg,File:Talagunda fragment2 Inscription05.jpg,https://commons.wikimedia.org/wiki/File:Talagunda_fragment2_Inscription05.jpg,https://upload.wikimedia.org/wikipedia/commons/thumb/6/61/Talagunda_fragment2_Inscription05.jpg/1920px-Talagunda_fragment2_Inscription05.jpg,Bengaluru Inscriptions Digital Conservation Team,CC BY-SA 4.0,https://creativecommons.org/licenses/by-sa/4.0,"Photograph showing the 3D scanning of an inscription attributed to the Kadamba dynasty. This photo documents a member of the Mythic Society Bengaluru Inscriptions 3D Digital Conservation Team scanning the original stone inscription as part of a digitisation effort. The scanning was carried out during the seminar ""Early Kadambas and Their Times"" , held at the Mythic Society, Bengaluru, from March 22–24, 2025. The inscription is located At Talagunda on a stone in the Pranaveshvara temple. It is engraved on a stone fragment and written in Kadamba script . The inscription is dated to the Kadamba, 5th Century This fragmentary inscription eulogises and good quality Naya vinaya-Satva-Sampannaḥ and it seems to mention crowned prince or eldest son Additional Resources Character-by-character images of this inscription have also been documented and made available through the Akshara Bhandara platform — a tool for viewing and studying individual letterforms from stone inscriptions. Access Akshara Bhandara here: https://mythicsociety.github.io/AksharaBhandara/#/ Licensing This image is licensed under the Creative Commons Attribution-ShareAlike 4.0 International license (CC BY-SA 4.0). You are free to share and adapt the material with appropriate credit. More details: https://creativecommons.org/licenses/by-sa/4.0/ Additional Resources Character-by-character images of this inscription have also been documented and made available through the Akshara Bhandara platform — a tool for viewing and studying individual letterforms from stone inscriptions. Access Akshara Bhandara here: https://mythicsociety.github.io/AksharaBhandara/#/",4624,3472,1400,1051,57de5629327d573da2cc611427aff5e1e090ac7ccae93a3b36faa3b65e32d4b8,b1f19b4b9436c568,35.563
stylized_3d,124,character,visual-harvest-400/stylized_3d/124_character_banavasi-nagastone-inscription9.jpg,File:Banavasi Nagastone Inscription9.jpg,https://commons.wikimedia.org/wiki/File:Banavasi_Nagastone_Inscription9.jpg,https://upload.wikimedia.org/wikipedia/commons/thumb/9/97/Banavasi_Nagastone_Inscription9.jpg/1920px-Banavasi_Nagastone_Inscription9.jpg,Bengaluru Inscriptions Digital Conservation Team,CC BY-SA 4.0,https://creativecommons.org/licenses/by-sa/4.0,"Photograph showing the 3D scanning of an inscription attributed to the Satavahana dynasty. This photo documents a member of the Mythic Society Bengaluru Inscriptions 3D Digital Conservation Team scanning the original stone inscription as part of a digitisation effort. The scanning was carried out during the seminar ""Early Kadambas and Their Times"" , held at the Mythic Society, Bengaluru, from March 22–24, 2025. The inscription is located At Banavasi on a Naga stone in the Madhukesvara temple. It is engraved on a Naga stone and written in Satavahana Brahmi script . The inscription is dated to the Satavahana, 2nd Century , In the twelfth year, during the Hemanta season, on the first day of the seventh fortnight, in the reign of Hartiputra Viṇhu Kula Chutukulananda Satakarni, on this day, while serving as the (Yuvaraja), Sivakhada Nagasiri gave the gift of this Naga stone, a tank, and a Vihara. The person who made this image was Nataka, an achari of Banavasi (Sanjayataka), a disciple of Damoraka Additional Resources Character-by-character images of this inscription have also been documented and made available through the Akshara Bhandara platform — a tool for viewing and studying individual letterforms from stone inscriptions. Access Akshara Bhandara here: https://mythicsociety.github.io/AksharaBhandara/#/ Licensing This image is licensed under the Creative Commons Attribution-ShareAlike 4.0 International license (CC BY-SA 4.0). You are free to share and adapt the material with appropriate credit. More details: https://creativecommons.org/licenses/by-sa/4.0/ Additional Resources Character-by-character images of this inscription have also been documented and made available through the Akshara Bhandara platform — a tool for viewing and studying individual letterforms from stone inscriptions. Access Akshara Bhandara here: https://mythicsociety.github.io/AksharaBhandara/#/",3472,4624,1051,1400,3d0de943d07205c7227359a3b51641296a0791400543effcd70bcacb1ba07fc7,a4a0df19c88fec39,48.229
stylized_3d,125,character,visual-harvest-400/stylized_3d/125_character_banavasi-mahadevi-inscription7.jpg,File:Banavasi Mahadevi Inscription7.jpg,https://commons.wikimedia.org/wiki/File:Banavasi_Mahadevi_Inscription7.jpg,https://upload.wikimedia.org/wikipedia/commons/thumb/d/da/Banavasi_Mahadevi_Inscription7.jpg/1920px-Banavasi_Mahadevi_Inscription7.jpg,Bengaluru Inscriptions Digital Conservation Team,CC BY-SA 4.0,https://creativecommons.org/licenses/by-sa/4.0,"High-resolution digital image of an inscription attributed to the Satavahana dynasty. This image was generated by 3D scanning the original stone inscription as part of a documentation effort by the ""The Mythic Society Bengaluru Inscriptions 3D Digital Conservation Team . The digitisation was carried out on the occasion of the seminar ""Early Kadambas and Their Times"" , held at the Mythic Society, Bengaluru, from March 22–24, 2025. The inscription is located At Banavasi on a stone slab in the Madhukesvara temple. It is engraved on a Stone slab and written in Satavahana Brahmi script . The inscription is dated to the Satavahana, 2nd Century , The memorial stone of the queen Mahadevi of king Vasishthiputra Siva Sri Pulumavi Additional Resources Character-by-character images of this inscription have also been documented and made available through the Akshara Bhandara platform — a tool for viewing and studying individual letterforms from stone inscriptions. Access Akshara Bhandara here: https://mythicsociety.github.io/AksharaBhandara/#/ Licensing This image is licensed under the Creative Commons Attribution-ShareAlike 4.0 International license (CC BY-SA 4.0). You are free to share and adapt the material with appropriate credit. More details: https://creativecommons.org/licenses/by-sa/4.0/ Additional Resources Character-by-character images of this inscription have also been documented and made available through the Akshara Bhandara platform — a tool for viewing and studying individual letterforms from stone inscriptions. Access Akshara Bhandara here: https://mythicsociety.github.io/AksharaBhandara/#/",4048,3036,1400,1050,67d5cb5af416e890935ca2aba620448bb2f17f1143dccc2cf84322ac975a12dd,87c2871f212d54df,41.807
stylized_3d,126,blender,visual-harvest-400/stylized_3d/126_blender_splashscreen-blender-4-2-lts-gold-8000-4500.jpg,File:Splashscreen Blender 4.2 LTS – Gold (8000×4500).png,https://commons.wikimedia.org/wiki/File:Splashscreen_Blender_4.2_LTS_%E2%80%93_Gold_(8000%C3%974500).png,https://upload.wikimedia.org/wikipedia/commons/thumb/7/7f/Splashscreen_Blender_4.2_LTS_%E2%80%93_Gold_%288000%C3%974500%29.png/1920px-Splashscreen_Blender_4.2_LTS_%E2%80%93_Gold_%288000%C3%974500%29.png,Datei: Blender-Studio Kleine Anpassungen (wie Auflösung)+Rendering: PantheraLeo1359531 😺 ( talk ),CC BY 4.0,https://creativecommons.org/licenses/by/4.0,Splashscreen named “Gold” from Blender 4.2 LTS.,8000,4500,1400,788,2407a21e8b15c201effc13f4ef3688de7b27490d32bfc3e2473c873693ee4999,e0e3f6e516636486,31.542
stylized_3d,127,blender,visual-harvest-400/stylized_3d/127_blender_blender-2-8-orange-and-blue-tiles-render.jpg,File:Blender 2.8 Orange and Blue tiles render.jpg,https://commons.wikimedia.org/wiki/File:Blender_2.8_Orange_and_Blue_tiles_render.jpg,https://upload.wikimedia.org/wikipedia/commons/thumb/9/95/Blender_2.8_Orange_and_Blue_tiles_render.jpg/1920px-Blender_2.8_Orange_and_Blue_tiles_render.jpg,Caleb Carlson,CC BY-SA 2.0,https://creativecommons.org/licenses/by-sa/2.0,Blender,4096,2160,1400,738,d6e382c90911d666ede70789a48e592498773470dfe819cd90b2bf13f38c7f6f,864b34384dc7cabd,27.874
stylized_3d,128,blender,visual-harvest-400/stylized_3d/128_blender_blender-dynamic-premium.jpg,File:Blender-dynamic-premium.png,https://commons.wikimedia.org/wiki/File:Blender-dynamic-premium.png,https://upload.wikimedia.org/wikipedia/commons/thumb/2/26/Blender-dynamic-premium.png/1920px-Blender-dynamic-premium.png,Vijay Verma,CC0,http://creativecommons.org/publicdomain/zero/1.0/deed.en,3-d Blender premium dynamic icon,2400,2400,1400,1400,69712e23b37e7c73c1ef3ed097083c32ec03d76323ae27171757e14d1b0eb880,94ce6a35a616b9e1,36.2
stylized_3d,129,blender,visual-harvest-400/stylized_3d/129_blender_blender-hair-denoised-001.jpg,File:Blender hair denoised 001.png,https://commons.wikimedia.org/wiki/File:Blender_hair_denoised_001.png,https://upload.wikimedia.org/wikipedia/commons/thumb/3/32/Blender_hair_denoised_001.png/1920px-Blender_hair_denoised_001.png,Rd99099,CC0,http://creativecommons.org/publicdomain/zero/1.0/deed.en,blenderのhairシェーダー見本,3840,2102,1400,766,eaa5567cc665fb4a45ea842b3da752c3fd92591a8519631675b042579ffe9809,d292d0cd4d0d3e3e,36.095
stylized_3d,130,blender,visual-harvest-400/stylized_3d/130_blender_blender-dynamic-gradient.jpg,File:Blender-dynamic-gradient.png,https://commons.wikimedia.org/wiki/File:Blender-dynamic-gradient.png,https://upload.wikimedia.org/wikipedia/commons/thumb/4/41/Blender-dynamic-gradient.png/1920px-Blender-dynamic-gradient.png,Vijay Verma,CC0,http://creativecommons.org/publicdomain/zero/1.0/deed.en,3-d Blender gradient dynamic icon,2400,2400,1400,1400,f8c06c03f3c5975a5f13591f55db12a257b36142c295b16fb8a54f201195f6af,94ce6f352616f8c1,45.118
stylized_3d,131,blender,visual-harvest-400/stylized_3d/131_blender_blender269.jpg,File:Blender269.jpg,https://commons.wikimedia.org/wiki/File:Blender269.jpg,https://upload.wikimedia.org/wikipedia/commons/thumb/a/ac/Blender269.jpg/1920px-Blender269.jpg,Giperion,CC BY-SA 3.0,https://creativecommons.org/licenses/by-sa/3.0,Окно интерфейса Blender 2.69 при запуске.,2544,1362,1400,750,320bd5079421cfbbc80c3e0caaa0000952c13f4960f20bc8df75cce00ac60018,ab3fd037c02dc076,22.323
stylized_3d,132,blender,visual-harvest-400/stylized_3d/132_blender_nvidia-cube-blender.jpg,File:NVIDIA cube Blender.webp,https://commons.wikimedia.org/wiki/File:NVIDIA_cube_Blender.webp,https://upload.wikimedia.org/wikipedia/commons/thumb/5/58/NVIDIA_cube_Blender.webp/1920px-NVIDIA_cube_Blender.webp.png,Wikideas1,CC0,http://creativecommons.org/publicdomain/zero/1.0/deed.en,3D concept of an NVIDIA cube made with Blender,2000,1550,1400,1085,723c2cb68349ab6beba0e3619bfa2636f7352b4f0b192a58b047859440fe9754,916d1eb0c936b6c9,28.407
stylized_3d,133,blender,visual-harvest-400/stylized_3d/133_blender_monster-udim.jpg,File:Monster udim.png,https://commons.wikimedia.org/wiki/File:Monster_udim.png,https://upload.wikimedia.org/wikipedia/commons/thumb/2/25/Monster_udim.png/1920px-Monster_udim.png,Daniel Bystedt,CC0,http://creativecommons.org/publicdomain/zero/1.0/deed.en,UDIMを使用したモンスター,3840,2097,1400,764,29f549a3d64d0a21b450aee0b74b2374f1a57b845a54680da87e76842c53b9fc,da0a6de4133cf0b3,30.313
stylized_3d,134,blender,visual-harvest-400/stylized_3d/134_blender_grease-pencil-rasoahaingo.jpg,File:Grease pencil rasoahaingo.png,https://commons.wikimedia.org/wiki/File:Grease_pencil_rasoahaingo.png,https://upload.wikimedia.org/wikipedia/commons/thumb/3/39/Grease_pencil_rasoahaingo.png/1920px-Grease_pencil_rasoahaingo.png,Andry Rasoahaingo,CC BY-SA 3.0,https://creativecommons.org/licenses/by-sa/3.0,Grease pencil,2407,1538,1400,895,b1c2a14349db0b3071ea356277db86051b61099f886e170d62837bb8251634c0,d4de1121ecde6721,44.862
stylized_3d,135,blender,visual-harvest-400/stylized_3d/135_blender_jupiter-2.jpg,File:Jupiter 2.png,https://commons.wikimedia.org/wiki/File:Jupiter_2.png,https://upload.wikimedia.org/wikipedia/commons/thumb/7/72/Jupiter_2.png/1920px-Jupiter_2.png,Wikideas1,CC0,http://creativecommons.org/publicdomain/zero/1.0/deed.en,Jupiter rendered with Blender with NASA data,2000,2000,1400,1400,fcaff978603f46b379ec852559615248b580ac957c5ec5a302dec3fd79ab7d64,853f5a913b582de4,40.373
stylized_3d,136,blender,visual-harvest-400/stylized_3d/136_blender_jupiter-1.jpg,File:Jupiter 1.png,https://commons.wikimedia.org/wiki/File:Jupiter_1.png,https://upload.wikimedia.org/wikipedia/commons/thumb/0/0d/Jupiter_1.png/1920px-Jupiter_1.png,Wikideas1,CC0,http://creativecommons.org/publicdomain/zero/1.0/deed.en,Jupiter rendered with Blender with NASA data,2000,2000,1400,1400,19c91d808586aa4c53e7cb04179c30f949ea8d4260b80f7cb4359ea9c9150743,c17a1ee52f1568b2,40.498
stylized_3d,137,cgi,visual-harvest-400/stylized_3d/137_cgi_crane-application-sketch-oritcranes.jpg,File:Crane Application Sketch -- ORITCRANES.png,https://commons.wikimedia.org/wiki/File:Crane_Application_Sketch_--_ORITCRANES.png,https://upload.wikimedia.org/wikipedia/commons/thumb/9/9d/Crane_Application_Sketch_--_ORITCRANES.png/1920px-Crane_Application_Sketch_--_ORITCRANES.png,Alex.huang,CC BY-SA 4.0,https://creativecommons.org/licenses/by-sa/4.0,"Image produced by ORITCRANES, website: http://www.oritcranes.com",4699,2200,1400,656,512c71645caf08ba4e49fe534c74f04cc8073f3a944925fc6133816cbffe7c2b,c4b4205f1f6c7972,45.407
stylized_3d,138,cgi,visual-harvest-400/stylized_3d/138_cgi_brandon-kutcha-creating-origami-animation-2.jpg,File:Brandon Kutcha Creating Origami Animation (2).jpg,https://commons.wikimedia.org/wiki/File:Brandon_Kutcha_Creating_Origami_Animation_(2).jpg,https://upload.wikimedia.org/wikipedia/commons/thumb/9/97/Brandon_Kutcha_Creating_Origami_Animation_%282%29.jpg/1920px-Brandon_Kutcha_Creating_Origami_Animation_%282%29.jpg,Intel Free Press,CC BY 2.0,https://creativecommons.org/licenses/by/2.0,"John McNeil Studio co-director Brandon Kuchta helped turn the origami designs into moving imagery using Amazon’s EC2, or Elastic Compute Cloud. The McNeil team needed to render 9,000 hours of digital artwork. If they had to use only one in-house computer, it would've taken a year and yet they had a week to do the rendering phase of this particular project. Using their internal render farm, it would've taken more like six weeks to render everything. Intel Free Press story: Cloud Computing Democratizes Digital Animation. Pay-as-you-go datacenter processing power creates opportunity for smaller business.",3456,2304,1400,933,145678b14e81ffc80640fe7594763b1bcf6044097f37669f817803bc11b6024f,d2d92dc9c868cce5,42.188
stylized_3d,139,cgi,visual-harvest-400/stylized_3d/139_cgi_direct-lighting.jpg,File:Direct lighting.png,https://commons.wikimedia.org/wiki/File:Direct_lighting.png,https://upload.wikimedia.org/wikipedia/commons/thumb/f/fe/Direct_lighting.png/1920px-Direct_lighting.png,Barahag,CC BY-SA 4.0,https://creativecommons.org/licenses/by-sa/4.0,Three spheres lit only by direct lighting algorithms,3840,2880,1400,1050,f6de68829bbfff1d2ffbdaa032d0ddad1ce0fb3028ecc429a87e0cd7a4f7ada9,897a3626939d3bc1,37.533
stylized_3d,140,cgi,visual-harvest-400/stylized_3d/140_cgi_render-sendai-mediatheque-fammid.jpg,File:Render sendai mediatheque fammid.jpg,https://commons.wikimedia.org/wiki/File:Render_sendai_mediatheque_fammid.jpg,https://upload.wikimedia.org/wikipedia/commons/thumb/b/b4/Render_sendai_mediatheque_fammid.jpg/1920px-Render_sendai_mediatheque_fammid.jpg,Franciscoantoniomartinezmontalva,CC BY-SA 4.0,https://creativecommons.org/licenses/by-sa/4.0,800x492 px 72dpi 110kb RGB,2480,1543,1400,871,b511838e95bcf38565c0c7e71f7e6411bc9fc337acad5171b77cab22f69edf06,f24a8d345abaa55a,34.665
stylized_3d,141,cgi,visual-harvest-400/stylized_3d/141_cgi_neutron-star-magnetic-fields-simulation.jpg,File:Neutron star magnetic fields simulation.jpg,https://commons.wikimedia.org/wiki/File:Neutron_star_magnetic_fields_simulation.jpg,https://upload.wikimedia.org/wikipedia/commons/thumb/d/d7/Neutron_star_magnetic_fields_simulation.jpg/1920px-Neutron_star_magnetic_fields_simulation.jpg,NASA Jet propulsion laboratory,Public domain,,"These four images show an artist's impression of gas accreting onto the neutron star in the binary system MXB 1730-335, also known as the ""Rapid Burster."" In such a binary system, the gravitational pull of the dense neutron star is stripping gas away from its stellar companion (a low-mass star, not shown in these images). The gas forms an accretion disk and spirals towards the neutron star. Observations of the Rapid Burster using three X-ray space telescopes -- NASA's NuSTAR and Swift, and ESA's XMM-Newton -- have revealed what happens around the neutron star before and during a so-called ""type-II"" burst. These bursts are sudden, erratic and extremely intense releases of X-rays that liberate enormous amounts of energy during periods when very little emission occurs otherwise. Before the burst, the fast-spinning magnetic field of the neutron star keeps the gas flowing from the companion star at bay, preventing it from reaching closer to the neutron star and effectively creating an inner edge at the center of the disk (Figure 1, panel 1). During this phase, only small amounts of gas leak towards the neutron star. However, as the gas continues to flow and accumulate near this edge, it spins faster and faster",6875,5479,1400,1116,4c06010b69c7097a92cf4bc1d8a9a9293da7fddcdb4aa7026cfcf981a47dbbfe,956d2e926a129d6d,45.778
stylized_3d,142,cgi,visual-harvest-400/stylized_3d/142_cgi_latest-rendering-of-the-e-elt.jpg,File:Latest Rendering of the E-ELT.jpg,https://commons.wikimedia.org/wiki/File:Latest_Rendering_of_the_E-ELT.jpg,https://upload.wikimedia.org/wikipedia/commons/thumb/1/14/Latest_Rendering_of_the_E-ELT.jpg/1920px-Latest_Rendering_of_the_E-ELT.jpg,Swinburne Astronomy Productions/ESO,CC BY 4.0,https://creativecommons.org/licenses/by/4.0,"A new architectural concept drawing of ESO’s planned European Extremely Large Telescope (E-ELT) shows the telescope at work, with its dome open and its record-setting 42-metre primary mirror pointed to the sky. In this illustration, clouds float over the valley overlooked by the E-ELT’s summit. The comparatively tiny pickup truck parked at the base of the E-ELT helps to give a sense of the scale of this massive telescope. The E-ELT dome will be similar in size to a football stadium, with a diameter at its base of over 100 m and a height of over 80 m. Scheduled to begin operations in 2018, the E-ELT will help track down Earth-like planets around other stars in the “habitable zones” where life could exist — one of the Holy Grails of modern observational astronomy. The E-ELT will also make fundamental contributions to cosmology by measuring the properties of the first stars and galaxies and probing the nature of dark matter and dark energy.",5000,2813,1400,788,ad752c4fcdc8784e97d659f998772c3026923f14c2b60fda718b9d54207cbec5,9ea48f9bec923449,38.099
stylized_3d,143,cgi,visual-harvest-400/stylized_3d/143_cgi_combining-gpt-4-and-stable-diffusion-to-generate-art-from-sketches.jpg,File:Combining GPT-4 and stable diffusion to generate art from sketches.png,https://commons.wikimedia.org/wiki/File:Combining_GPT-4_and_stable_diffusion_to_generate_art_from_sketches.png,https://upload.wikimedia.org/wikipedia/commons/thumb/b/b3/Combining_GPT-4_and_stable_diffusion_to_generate_art_from_sketches.png/1920px-Combining_GPT-4_and_stable_diffusion_to_generate_art_from_sketches.png,"Authors of the study: Sébastien Bubeck, Varun Chandrasekaran, Ronen Eldan, Johannes Gehrke, Eric Horvitz, Ece Kamar, Peter Lee, Yin Tat Lee, Yuanzhi Li, Scott Lundberg, Harsha Nori, Hamid Palangi, Marco Tulio Ribeiro, Yi Zhang (all at Microsoft Research)",CC BY 4.0,https://creativecommons.org/licenses/by/4.0,"""Possible application in sketch generation"" of GPT-4. ""Text-to-image synthesis models have been widely explored in recent years, but they often suffer from a lack of spatial understanding capabilities and the inability to follow complex instructions [GPN+22]. For example, given a prompt such as “draw a blue circle on the left and a red triangle on the right”, these models may produce images that are visually appealing but do not match the desired layout or colors. On the other hand, GPT-4 can generate code from a prompt, which can be rendered as an image, in a way that is true to the instructions to a higher degree of accuracy. However, the quality of the rendered image is usually very low. Here, we explore the possibility of combining GPT-4 and existing image synthesis models by using the GPT-4 output as the sketch. As shown in Figure 2.8, this approach can produce images that have better quality and follow the instructions more closely than either model alone. We believe that this is a promising direction for leveraging the strengths of both GPT-4 and existing image synthesis models. It can also be viewed as a first example of giving GPT-4 access to tools, a topic we explore in much more depth in Section"" ""Prompt: A screenshot of a city-building game in 3D. The screenshot is showing a terrain where there is a river from left to right, there is a desert with a pyramid below the river, and a city with many highrises above the river. The bottom of the screen has 4 buttons with the color green, blue, brown, and red respectively""",2961,1294,1400,612,2e12678ad70311f24f069f957d80e8f28f487aafcf77571bce20e99e32016a52,ba8d1d1ea50f1c36,50.205
stylized_3d,144,cgi,visual-harvest-400/stylized_3d/144_cgi_elt-3d-rendering-rendering-e-elt-03.jpg,File:ELT 3D rendering (rendering e-elt 03).jpg,https://commons.wikimedia.org/wiki/File:ELT_3D_rendering_(rendering_e-elt_03).jpg,https://upload.wikimedia.org/wikipedia/commons/thumb/2/27/ELT_3D_rendering_%28rendering_e-elt_03%29.jpg/1920px-ELT_3D_rendering_%28rendering_e-elt_03%29.jpg,ESO,CC BY 4.0,https://creativecommons.org/licenses/by/4.0,"Rendering of the ELT telescope structure. This structure design, presented in November 2008 at the Baseline Reference Design version 3, is the result for a detailed design study and was realised together with ESO's industrial partners. The 40-metre-class primary mirror reflects the light first to the 4.2-metre secondary mirror hanging upside-down at 60 m height. The light is then further transmitted to mirrors 3, 4 and 5 (located in the central tower) and finally reflected to either side where the astronomical cameras sitting on the Nasmyth platforms will see nearly perfect images of the celestial objects. To assist the adaptive optics included in the telescope, telescope guide stars are created in the sky by using powerful lasers launched at the corners of the primary mirror cell.The design for the ELT shown here was published in 2009 and is preliminary.",3200,2400,1400,1050,17935b5dad0a25c4da45fe5d927d40cd80459d03ef3839295685b1ff8a10cad5,aaf5826f94c839c9,40.576
stylized_3d,145,cgi,visual-harvest-400/stylized_3d/145_cgi_elite-bedroom-2025.jpg,File:Elite Bedroom 2025.jpg,https://commons.wikimedia.org/wiki/File:Elite_Bedroom_2025.jpg,https://upload.wikimedia.org/wikipedia/commons/thumb/a/aa/Elite_Bedroom_2025.jpg/1920px-Elite_Bedroom_2025.jpg,Nader Soubra,CC BY 4.0,https://creativecommons.org/licenses/by/4.0,Elite Bedroom – Interior render by Nader Soubra (2025),3840,2160,1400,788,70ab52f5ddd716aec79ae2a5c5d4de597db1bc7ae1fe1fc4f29024830bd5cbd6,faf8807ea017e874,33.77
stylized_3d,146,cgi,visual-harvest-400/stylized_3d/146_cgi_mario-kleff-motorcycle-purple-rain-cgi.jpg,File:Mario Kleff Motorcycle Purple Rain Cgi.jpg,https://commons.wikimedia.org/wiki/File:Mario_Kleff_Motorcycle_Purple_Rain_Cgi.jpg,https://upload.wikimedia.org/wikipedia/commons/thumb/4/41/Mario_Kleff_Motorcycle_Purple_Rain_Cgi.jpg/1920px-Mario_Kleff_Motorcycle_Purple_Rain_Cgi.jpg,Designer Mario Kleff,CC BY-SA 4.0,https://creativecommons.org/licenses/by-sa/4.0,"Mario Kleff designed the custom motorcycle ""Purple Rain,"" featuring a powerful 2605cc engine, and presented a CGI rendering of the design.",4000,2000,1400,700,843d4cf1d1b9d5f90b767509f0269758b686b689d60eb13569639042511436ad,ed339f88810fc699,43.516
stylized_3d,147,cgi,visual-harvest-400/stylized_3d/147_cgi_pork-packing-in-cincinnati-1873.jpg,File:Pork packing in Cincinnati 1873.jpg,https://commons.wikimedia.org/wiki/File:Pork_packing_in_Cincinnati_1873.jpg,https://upload.wikimedia.org/wikipedia/commons/thumb/a/a9/Pork_packing_in_Cincinnati_1873.jpg/1920px-Pork_packing_in_Cincinnati_1873.jpg,Ehrgott & Krebs,Public domain,,"Pork packing in Cincinnati. Print showing four scenes in a packing house: ""Killing, Cutting, Rendering, [and] Salting."" Chromo-lithograph of the cartoons exhibited by the Cincinnati Pork Packers' Association, at the International Exposition, at Vienna. Entered according to Act of Congress in the year 1873 by Ehrgott & Krebs in the Office of the Librarian of Congress at Washington, D.C.",7497,5076,1400,948,a5168f45d33477c1eea47d49da2af3efb0fc793c4815fe7c7cb6176e7f9ae1c2,ee8f8e5c9160917a,44.863
stylized_3d,148,fallback,visual-harvest-400/stylized_3d/148_fallback_forest-valley.jpg,File:Forest Valley.png,https://commons.wikimedia.org/wiki/File:Forest_Valley.png,https://upload.wikimedia.org/wikipedia/commons/thumb/6/60/Forest_Valley.png/1920px-Forest_Valley.png,852278-MCS,CC BY 4.0,https://creativecommons.org/licenses/by/4.0,A foggy valley filled with trees. Made with Blender 4.2.1 LTS.,3840,2160,1400,788,3adf532b24388ba298da4fadff7a468a3f35e4ef3c2a2c2902fade38ab806b2c,d3d3d2b42425a9e9,44.997
stylized_3d,149,fallback,visual-harvest-400/stylized_3d/149_fallback_black-hole-square.jpg,File:Black Hole Square.png,https://commons.wikimedia.org/wiki/File:Black_Hole_Square.png,https://upload.wikimedia.org/wikipedia/commons/thumb/5/53/Black_Hole_Square.png/1920px-Black_Hole_Square.png,852278-MCS,CC BY-SA 4.0,https://creativecommons.org/licenses/by-sa/4.0,An orange black hole. Made with Blender 3.6.9 LTS (Cycles Render).,3000,3000,1400,1400,a87460ad2eb46e50e0e1309dff2b206d2d0cc514350bf5e276a7cdc9e79e8658,cb9e3461869c996b,33.565
stylized_3d,150,fallback,visual-harvest-400/stylized_3d/150_fallback_black-hole-full.jpg,File:Black Hole Full.png,https://commons.wikimedia.org/wiki/File:Black_Hole_Full.png,https://upload.wikimedia.org/wikipedia/commons/thumb/f/fb/Black_Hole_Full.png/1920px-Black_Hole_Full.png,852278-MCS,CC BY-SA 4.0,https://creativecommons.org/licenses/by-sa/4.0,An orange black hole. Made in Blender 3.6.9 LTS (Cycles Render).,3840,2160,1400,788,4a37fbf04b3dfe428da8a30a44d23ec4cec02313248a11b5c5ece0f8cefb51e7,cb9e78612696994d,35.264
stylized_3d,151,fallback,visual-harvest-400/stylized_3d/151_fallback_black-hole-side.jpg,File:Black Hole Side.png,https://commons.wikimedia.org/wiki/File:Black_Hole_Side.png,https://upload.wikimedia.org/wikipedia/commons/thumb/1/15/Black_Hole_Side.png/1920px-Black_Hole_Side.png,852278-MCS,CC BY-SA 4.0,https://creativecommons.org/licenses/by-sa/4.0,"An orange black hole, showing only one side of its accretion disk. Made with Blender 3.6.9 LTS (Cycles Render).",3840,2160,1400,788,0f44cc38ea14212b76ac8168c4f17c950660b1fe370b7313ba6f3dec01b0f79f,953972c66c296d96,42.137
stylized_3d,152,fallback,visual-harvest-400/stylized_3d/152_fallback_brennende-chilischote-cgi.jpg,File:Brennende Chilischote (CGI).jpg,https://commons.wikimedia.org/wiki/File:Brennende_Chilischote_(CGI).jpg,https://upload.wikimedia.org/wikipedia/commons/thumb/5/5b/Brennende_Chilischote_%28CGI%29.jpg/1920px-Brennende_Chilischote_%28CGI%29.jpg,DerMische,CC BY-SA 4.0,https://creativecommons.org/licenses/by-sa/4.0,Brennende Chileschote (CGI),5184,3456,1400,933,fecb889bce9691714242bcaca73d1a702f136271c48bc8f9fdb844e4ec147ade,802f2fcad2b42fca,29.853
stylized_3d,153,fallback,visual-harvest-400/stylized_3d/153_fallback_a-table-top-mixer-grinder-or-mixie.jpg,File:A table-top mixer-grinder or mixie.jpg,https://commons.wikimedia.org/wiki/File:A_table-top_mixer-grinder_or_mixie.jpg,https://upload.wikimedia.org/wikipedia/commons/thumb/4/4a/A_table-top_mixer-grinder_or_mixie.jpg/1920px-A_table-top_mixer-grinder_or_mixie.jpg,Vimkay,CC BY-SA 4.0,https://creativecommons.org/licenses/by-sa/4.0,"A mixer-grinder or mixie as it is commonly referred to in India, is used for wet or dry grinding spices and for preparation of chutneys or masala paste. This is a smaller version. Larger versions with more power (wattage) capable of handling larger loads are also available.",3072,4080,1054,1400,b3499e9f6d28f69946d38673574c5f0a45deda44529c33ac21ed0de7da0b5c4e,f0854ab4f9ceb138,37.773
stylized_3d,154,fallback,visual-harvest-400/stylized_3d/154_fallback_cgi-bolivia-banner.jpg,File:CGI Bolivia Banner.png,https://commons.wikimedia.org/wiki/File:CGI_Bolivia_Banner.png,https://upload.wikimedia.org/wikipedia/commons/thumb/e/e1/CGI_Bolivia_Banner.png/1920px-CGI_Bolivia_Banner.png,Aerra Carnicom,CC BY-SA 4.0,https://creativecommons.org/licenses/by-sa/4.0,"This is the dual flag (called the Wiphala , refered to here as the banner ) of the Plurinational State of Bolivia, made in CGI.",3840,2160,1400,788,c5b403e0fc9551e75a96604fd8749e2f51c5a619ab70166d99da5d2f0c5603ec,862c59332f9c7a59,23.882
stylized_3d,155,fallback,visual-harvest-400/stylized_3d/155_fallback_pi-a-coladas-made-in-home-kitchen-blender-2.jpg,File:Piña Coladas made in home kitchen blender - 2.jpg,https://commons.wikimedia.org/wiki/File:Pi%C3%B1a_Coladas_made_in_home_kitchen_blender_-_2.jpg,https://upload.wikimedia.org/wikipedia/commons/thumb/1/11/Pi%C3%B1a_Coladas_made_in_home_kitchen_blender_-_2.jpg/1920px-Pi%C3%B1a_Coladas_made_in_home_kitchen_blender_-_2.jpg,Infrogmation of New Orleans,CC BY-SA 4.0,https://creativecommons.org/licenses/by-sa/4.0,"Piña Coladas made in home kitchen blender. Simple blender piña coladas. 2 parts rum, 3 parts coconut creme, 4 parts pineapple juice. Add ice cubes, blend.",3683,4773,1080,1400,c069e19b5b6ac13581d4cdcedcbda11b41a06fa117a24eea5f92049105943d73,923664f2c24dbc9b,38.519
stylized_3d,156,fallback,visual-harvest-400/stylized_3d/156_fallback_pi-a-coladas-made-in-home-kitchen-blender-3.jpg,File:Piña Coladas made in home kitchen blender - 3.jpg,https://commons.wikimedia.org/wiki/File:Pi%C3%B1a_Coladas_made_in_home_kitchen_blender_-_3.jpg,https://upload.wikimedia.org/wikipedia/commons/thumb/b/b4/Pi%C3%B1a_Coladas_made_in_home_kitchen_blender_-_3.jpg/1920px-Pi%C3%B1a_Coladas_made_in_home_kitchen_blender_-_3.jpg,Infrogmation of New Orleans,CC BY-SA 4.0,https://creativecommons.org/licenses/by-sa/4.0,"Piña Coladas made in home kitchen blender. Simple blender piña coladas. 2 parts rum, 3 parts coconut creme, 4 parts pineapple juice. Add ice cubes, blend.",5184,3888,1400,1050,d6580cfeb05f17af75e909c8d7afa0983c3dde3f4697b9d315d1d8a834704bc1,830b7ae4a5634a7d,39.949
stylized_3d,157,fallback,visual-harvest-400/stylized_3d/157_fallback_old-blender-on-shelf-in-new-orleans-kitchen.jpg,File:Old blender on shelf in New Orleans kitchen.jpg,https://commons.wikimedia.org/wiki/File:Old_blender_on_shelf_in_New_Orleans_kitchen.jpg,https://upload.wikimedia.org/wikipedia/commons/thumb/6/6d/Old_blender_on_shelf_in_New_Orleans_kitchen.jpg/1920px-Old_blender_on_shelf_in_New_Orleans_kitchen.jpg,Infrogmation of New Orleans,CC BY-SA 4.0,https://creativecommons.org/licenses/by-sa/4.0,"Our electric blender has a fair age on it - I think it's from the 1970s. It still works well, but we only use it about half a dozen times a year.",3222,4632,974,1400,f7a0d14109d0126226287d10ee589f56e7e3de538dcf4b62608c5a092f0b00be,b2c21c356e9933cd,21.298
stylized_3d,158,fallback,visual-harvest-400/stylized_3d/158_fallback_pi-a-coladas-made-in-home-kitchen-blender-1.jpg,File:Piña Coladas made in home kitchen blender - 1.jpg,https://commons.wikimedia.org/wiki/File:Pi%C3%B1a_Coladas_made_in_home_kitchen_blender_-_1.jpg,https://upload.wikimedia.org/wikipedia/commons/thumb/d/dc/Pi%C3%B1a_Coladas_made_in_home_kitchen_blender_-_1.jpg/1920px-Pi%C3%B1a_Coladas_made_in_home_kitchen_blender_-_1.jpg,Infrogmation of New Orleans,CC BY-SA 4.0,https://creativecommons.org/licenses/by-sa/4.0,"Piña Coladas made in home kitchen blender. Simple blender piña coladas. 2 parts rum, 3 parts coconut creme, 4 parts pineapple juice. Add ice cubes, blend.",3888,5184,1050,1400,9e6b4735666fb74e44c70c18eabae5fb6bcc7dc807f23cf4a7d6186b12486fc6,d0fd6425c147f8b8,39.018
stylized_3d,159,fallback,visual-harvest-400/stylized_3d/159_fallback_old-osterizer-blender-parts-pitcher-on-counter-without-lid.jpg,File:Old Osterizer blender parts - pitcher on counter without lid.jpg,https://commons.wikimedia.org/wiki/File:Old_Osterizer_blender_parts_-_pitcher_on_counter_without_lid.jpg,https://upload.wikimedia.org/wikipedia/commons/thumb/6/63/Old_Osterizer_blender_parts_-_pitcher_on_counter_without_lid.jpg/1920px-Old_Osterizer_blender_parts_-_pitcher_on_counter_without_lid.jpg,Infrogmation,CC BY-SA 4.0,https://creativecommons.org/licenses/by-sa/4.0,Old Osterizer blender (c 1970s) still working - disassembled to show components.,3888,5184,1050,1400,d01b3c07a4da040987352eb4267282a612eb344424f138bf862ce29205dd65da,a53f60e8d5a48c67,36.718
stylized_3d,160,fallback,visual-harvest-400/stylized_3d/160_fallback_d-rrer-bichl-and-blender-from-near-eschacher-weiher.jpg,File:Dürrer Bichl and Blender from near Eschacher Weiher.jpg,https://commons.wikimedia.org/wiki/File:D%C3%BCrrer_Bichl_and_Blender_from_near_Eschacher_Weiher.jpg,https://upload.wikimedia.org/wikipedia/commons/thumb/9/96/D%C3%BCrrer_Bichl_and_Blender_from_near_Eschacher_Weiher.jpg/1920px-D%C3%BCrrer_Bichl_and_Blender_from_near_Eschacher_Weiher.jpg,Harald Hetzner,CC0,http://creativecommons.org/publicdomain/zero/1.0/deed.en,"Dürrer Bichl (center left) and Blender (center right), view from near Eschacher Weiher to the north",3840,2160,1400,788,b7fdd3284f3e21f73e09822aab5c6df313bc422e634599d677743a4a17161ac4,81367f5280ff7b04,29.195
stylized_3d,161,fallback,visual-harvest-400/stylized_3d/161_fallback_blender-1970s-osterizer-disassembled.jpg,File:Blender - 1970s Osterizer disassembled.jpg,https://commons.wikimedia.org/wiki/File:Blender_-_1970s_Osterizer_disassembled.jpg,https://upload.wikimedia.org/wikipedia/commons/thumb/8/83/Blender_-_1970s_Osterizer_disassembled.jpg/1920px-Blender_-_1970s_Osterizer_disassembled.jpg,Infrogmation of New Orleans,CC BY-SA 4.0,https://creativecommons.org/licenses/by-sa/4.0,1970s Osterizer blender disassembled,2557,3450,1037,1400,98d2a6d6ddb754dd444937e5fcb24c3972b0be7223b6651a80292d1fa168adea,95d0702e62c76d6d,46.928
stylized_3d,162,fallback,visual-harvest-400/stylized_3d/162_fallback_old-osterizer-blender-parts-lid-and-pitcher.jpg,File:Old Osterizer blender parts - lid and pitcher.jpg,https://commons.wikimedia.org/wiki/File:Old_Osterizer_blender_parts_-_lid_and_pitcher.jpg,https://upload.wikimedia.org/wikipedia/commons/thumb/b/be/Old_Osterizer_blender_parts_-_lid_and_pitcher.jpg/1920px-Old_Osterizer_blender_parts_-_lid_and_pitcher.jpg,Infrogmation,CC BY-SA 4.0,https://creativecommons.org/licenses/by-sa/4.0,Old Osterizer blender (c 1970s) still working - disassembled to show components.,3888,4382,1242,1400,c62c4623fd53aca869fcba87c5a05e261b163a28aca133018f3463f27c98decf,95151ee2e23a3ae9,32.549
stylized_3d,163,fallback,visual-harvest-400/stylized_3d/163_fallback_enceladus-2.jpg,File:Enceladus 2.png,https://commons.wikimedia.org/wiki/File:Enceladus_2.png,https://upload.wikimedia.org/wikipedia/commons/thumb/2/28/Enceladus_2.png/1920px-Enceladus_2.png,Wikideas1,CC0,http://creativecommons.org/publicdomain/zero/1.0/deed.en,Enceladus rendered with Blender with data from NASA,2000,2000,1400,1400,e8ef85a789cce86190dcf1c43690b7caea7be79461fc1603e4b0256522845796,d13a1fe96a346cb0,34.866
stylized_3d,164,fallback,visual-harvest-400/stylized_3d/164_fallback_moon-near-side-blender-render.jpg,File:Moon near side Blender render.png,https://commons.wikimedia.org/wiki/File:Moon_near_side_Blender_render.png,https://upload.wikimedia.org/wikipedia/commons/thumb/6/62/Moon_near_side_Blender_render.png/1920px-Moon_near_side_Blender_render.png,Wikideas1,CC0,http://creativecommons.org/publicdomain/zero/1.0/deed.en,"Near side of the Moon, rendered with Blender with data from NASA.",4000,4000,1400,1400,014b6bd9a224f9e493fb04d9da4a5da034fe1ef499efb5c5a189df803d7147c7,91695eb44ae36c87,34.409
stylized_3d,165,fallback,visual-harvest-400/stylized_3d/165_fallback_elektrische-blender-van-het-merk-princess-indus-v09861.jpg,File:Elektrische blender van het merk Princess - INDUS V09861.JPG,https://commons.wikimedia.org/wiki/File:Elektrische_blender_van_het_merk_Princess_-_INDUS_V09861.JPG,https://upload.wikimedia.org/wikipedia/commons/thumb/4/47/Elektrische_blender_van_het_merk_Princess_-_INDUS_V09861.JPG/1920px-Elektrische_blender_van_het_merk_Princess_-_INDUS_V09861.JPG,See Wikimedia Commons page,CC0,http://creativecommons.org/publicdomain/zero/1.0/deed.en,"Blender van het merk Princess, type 2033. Recipiënt in glas, behuizing in roodgelakt metaal en onderdelen in zwarte kunststof, vermoedelijk polypropyleen. Technisch: 220-240V~ 50/60Hz - 370-400W.",3456,4608,1050,1400,8babe05d7e32cfa5bb6e78e78f1742ff6cf40172ffedde0f019ef31bc56b2fa5,f28d8c7281ceceb1,38.239
stylized_3d,166,fallback,visual-harvest-400/stylized_3d/166_fallback_juice-blender.jpg,File:Juice Blender.jpg,https://commons.wikimedia.org/wiki/File:Juice_Blender.jpg,https://upload.wikimedia.org/wikipedia/commons/thumb/0/08/Juice_Blender.jpg/1920px-Juice_Blender.jpg,Nana Pearls,CC0,http://creativecommons.org/publicdomain/zero/1.0/deed.en,White juice blender,3019,3019,1400,1400,27acaa0b30253d78d77ba5da172889716add23f043323730f84356111af85ff8,9665c8bab3a4c2e6,38.631
stylized_3d,167,fallback,visual-harvest-400/stylized_3d/167_fallback_old-osterizer-blender-parts-base.jpg,File:Old Osterizer blender parts - base.jpg,https://commons.wikimedia.org/wiki/File:Old_Osterizer_blender_parts_-_base.jpg,https://upload.wikimedia.org/wikipedia/commons/thumb/c/c5/Old_Osterizer_blender_parts_-_base.jpg/1920px-Old_Osterizer_blender_parts_-_base.jpg,Infrogmation,CC BY-SA 4.0,https://creativecommons.org/licenses/by-sa/4.0,Old Osterizer blender (c 1970s) still working - disassembled to show components.,3888,5184,1050,1400,a47126b963e31eff243b7491290bad9c0a8109fe233443fa8c5ee846aca26254,879578706f5e9a42,35.201
stylized_3d,168,fallback,visual-harvest-400/stylized_3d/168_fallback_blender-viking-cinderella-20230110-200348629.jpg,File:Blender Viking Cinderella 20230110 200348629.jpg,https://commons.wikimedia.org/wiki/File:Blender_Viking_Cinderella_20230110_200348629.jpg,https://upload.wikimedia.org/wikipedia/commons/thumb/0/08/Blender_Viking_Cinderella_20230110_200348629.jpg/1920px-Blender_Viking_Cinderella_20230110_200348629.jpg,AleWi,CC BY-SA 4.0,https://creativecommons.org/licenses/by-sa/4.0,Blender på Viking Cinderella,4080,3072,1400,1054,8e26ff7b6789d39d92e75cb48813e0ae20a830ba188f174dc0e03f3a74f8ba82,d7916489c833add9,46.331
stylized_3d,169,fallback,visual-harvest-400/stylized_3d/169_fallback_kicker-derby-cgi-panorama.jpg,File:Kicker-Derby CGI Panorama.jpg,https://commons.wikimedia.org/wiki/File:Kicker-Derby_CGI_Panorama.jpg,https://upload.wikimedia.org/wikipedia/commons/thumb/b/be/Kicker-Derby_CGI_Panorama.jpg/1920px-Kicker-Derby_CGI_Panorama.jpg,DerMische,CC BY-SA 4.0,https://creativecommons.org/licenses/by-sa/4.0,Kicker-Derby CGI Panorama,6434,3217,1400,700,572d01bd640281d3bfd451375acb977468414a590d7bf60888bedbf698d56a14,b7700d5ef85ba054,35.603
stylized_3d,170,fallback,visual-harvest-400/stylized_3d/170_fallback_kicker-cgi-panorama.jpg,File:Kicker CGI Panorama.jpg,https://commons.wikimedia.org/wiki/File:Kicker_CGI_Panorama.jpg,https://upload.wikimedia.org/wikipedia/commons/thumb/d/d1/Kicker_CGI_Panorama.jpg/1920px-Kicker_CGI_Panorama.jpg,DerMische,CC BY-SA 4.0,https://creativecommons.org/licenses/by-sa/4.0,360° CGI Panorama eines Kickertisches der von zwei Kickerfiguren bespielt wird,5000,2500,1400,700,983536dd3f521416738ca020b44ec141b28270b65498dfec3e412e688e90674e,fd1c14e2c21f81e7,39.606
stylized_3d,171,fallback,visual-harvest-400/stylized_3d/171_fallback_old-osterizer-blender-parts-all.jpg,File:Old Osterizer blender parts - all.jpg,https://commons.wikimedia.org/wiki/File:Old_Osterizer_blender_parts_-_all.jpg,https://upload.wikimedia.org/wikipedia/commons/thumb/2/27/Old_Osterizer_blender_parts_-_all.jpg/1920px-Old_Osterizer_blender_parts_-_all.jpg,Infrogmation,CC BY-SA 4.0,https://creativecommons.org/licenses/by-sa/4.0,Old Osterizer blender (c 1970s) still working - disassembled to show components.,4582,3610,1400,1103,febf3236ca34e0db91e46b33da4f61a101dcb8caad29417288a440dfd423b5ec,c0903b1f37781fe8,35.208
stylized_3d,172,fallback,visual-harvest-400/stylized_3d/172_fallback_tethys-blender-render.jpg,File:Tethys Blender render.png,https://commons.wikimedia.org/wiki/File:Tethys_Blender_render.png,https://upload.wikimedia.org/wikipedia/commons/thumb/3/31/Tethys_Blender_render.png/1920px-Tethys_Blender_render.png,Wikideas1,CC0,http://creativecommons.org/publicdomain/zero/1.0/deed.en,Tethys rendered with Blender from NASA data,2000,2000,1400,1400,313f3527e5c55ed7612e98c33eba3c6b1b5196e353a52d6b72dfbda3dd5a7166,952e5ab96a746d21,42.504
stylized_3d,173,fallback,visual-harvest-400/stylized_3d/173_fallback_blender.jpg,File:Blender.JPG,https://commons.wikimedia.org/wiki/File:Blender.JPG,https://upload.wikimedia.org/wikipedia/commons/thumb/4/49/Blender.JPG/1920px-Blender.JPG,Pionic,CC BY-SA 3.0,http://creativecommons.org/licenses/by-sa/3.0/,"Blender, photo taken from the east",2448,1632,1400,933,4107eb8ecab3ccce9d5d03d1b47473b0b98211d45bd1ae66a28493a9aefac02d,a4e7d29a1a4b6d2c,32.324
stylized_3d,174,fallback,visual-harvest-400/stylized_3d/174_fallback_hot-and-spicy-chili-cgi.jpg,File:Hot And Spicy Chili CGI.jpg,https://commons.wikimedia.org/wiki/File:Hot_And_Spicy_Chili_CGI.jpg,https://upload.wikimedia.org/wikipedia/commons/thumb/2/29/Hot_And_Spicy_Chili_CGI.jpg/1920px-Hot_And_Spicy_Chili_CGI.jpg,DerMische,CC BY-SA 4.0,https://creativecommons.org/licenses/by-sa/4.0,Hot And Spicy brennende Chileschote (CGI),4000,5334,1050,1400,542d975efc23c4b3d28749fa95bb041ad9069c38120142ba12852e680f60736a,c74f68603f923c3a,29.704
stylized_3d,175,fallback,visual-harvest-400/stylized_3d/175_fallback_elektrische-blender-van-het-merk-braun-indus-v09858.jpg,File:Elektrische blender van het merk Braun - INDUS V09858.JPG,https://commons.wikimedia.org/wiki/File:Elektrische_blender_van_het_merk_Braun_-_INDUS_V09858.JPG,https://upload.wikimedia.org/wikipedia/commons/thumb/0/0e/Elektrische_blender_van_het_merk_Braun_-_INDUS_V09858.JPG/1920px-Elektrische_blender_van_het_merk_Braun_-_INDUS_V09858.JPG,See Wikimedia Commons page,CC0,http://creativecommons.org/publicdomain/zero/1.0/deed.en,Glazen recipiënt tot 1 liter en plastic deksel.,3456,4608,1050,1400,aa90747bc092469d6523b33990ed9eb54a2ab9d84a15f6e5ad373d19d446fcdd,e79899679a19d027,35.49
stylized_3d,176,fallback,visual-harvest-400/stylized_3d/176_fallback_barbar3.jpg,File:Barbar3.png,https://commons.wikimedia.org/wiki/File:Barbar3.png,https://upload.wikimedia.org/wikipedia/commons/thumb/7/7d/Barbar3.png/1920px-Barbar3.png,Blender studio,CC BY-SA 3.0,https://creativecommons.org/licenses/by-sa/3.0,Cyclesでレンダーした床屋,2923,2085,1400,999,7f35708dae2555886e3a67b5607ef3c7ec7f4bfd4222d4e959ad55f8232cabe1,cec3b892333cd331,34.002
stylized_3d,177,fallback,visual-harvest-400/stylized_3d/177_fallback_cycles.jpg,File:Cycles.png,https://commons.wikimedia.org/wiki/File:Cycles.png,https://upload.wikimedia.org/wikipedia/commons/thumb/8/8d/Cycles.png/1920px-Cycles.png,Rd99099,CC0,http://creativecommons.org/publicdomain/zero/1.0/deed.en,cyclesでレンダーしたcuriosity,3840,2120,1400,773,2619755f35849144c8dbb06ee8360779dc85f2a93ba09952712a4168ff322327,9278dc96f2c921b6,29.63
stylized_3d,178,fallback,visual-harvest-400/stylized_3d/178_fallback_wmf-kult-x-standmixer-4157.jpg,File:WMF Kult X Standmixer-4157.jpg,https://commons.wikimedia.org/wiki/File:WMF_Kult_X_Standmixer-4157.jpg,https://upload.wikimedia.org/wikipedia/commons/thumb/4/4d/WMF_Kult_X_Standmixer-4157.jpg/1920px-WMF_Kult_X_Standmixer-4157.jpg,Raimond Spekking,CC BY-SA 4.0,https://creativecommons.org/licenses/by-sa/4.0,WMF Kult X Standmixer. Material of the body: Cromargan,3155,4207,1050,1400,1d34a42c0fbf196bb7539fefd652433287899fa74b01cde0e624a9a77d649751,a49b3864b3cda49b,36.571
stylized_3d,179,fallback,visual-harvest-400/stylized_3d/179_fallback_venus-blender-2.jpg,File:Venus Blender 2.png,https://commons.wikimedia.org/wiki/File:Venus_Blender_2.png,https://upload.wikimedia.org/wikipedia/commons/thumb/a/a5/Venus_Blender_2.png/1920px-Venus_Blender_2.png,Wikideas1,CC0,http://creativecommons.org/publicdomain/zero/1.0/deed.en,Venus surface rendered with Blender with color base map and heightmap from NASA and the USGS,4000,4000,1400,1400,afbfcae262d35b0e72445ff61d978170a039d6a61b8f3680835c53862f3056aa,806c5fa53f516c9a,47.451
stylized_3d,180,fallback,visual-harvest-400/stylized_3d/180_fallback_old-osterizer-blender-parts-blade-and-blade-housing.jpg,File:Old Osterizer blender parts - blade and blade housing.jpg,https://commons.wikimedia.org/wiki/File:Old_Osterizer_blender_parts_-_blade_and_blade_housing.jpg,https://upload.wikimedia.org/wikipedia/commons/thumb/7/74/Old_Osterizer_blender_parts_-_blade_and_blade_housing.jpg/1920px-Old_Osterizer_blender_parts_-_blade_and_blade_housing.jpg,Infrogmation,CC BY-SA 4.0,https://creativecommons.org/licenses/by-sa/4.0,Old Osterizer blender (c 1970s) still working - disassembled to show components.,4434,2958,1400,934,ab637d779eef6bda1d39ed028aa72e1119225ccfad3e5d1d157d85fe8e6e1bc9,bb3fcc1cc1cc87c0,43.437
stylized_3d,181,fallback,visual-harvest-400/stylized_3d/181_fallback_old-osterizer-blender-parts-pitcher-on-counter-with-lid.jpg,File:Old Osterizer blender parts - pitcher on counter with lid.jpg,https://commons.wikimedia.org/wiki/File:Old_Osterizer_blender_parts_-_pitcher_on_counter_with_lid.jpg,https://upload.wikimedia.org/wikipedia/commons/thumb/b/bc/Old_Osterizer_blender_parts_-_pitcher_on_counter_with_lid.jpg/1920px-Old_Osterizer_blender_parts_-_pitcher_on_counter_with_lid.jpg,Infrogmation,CC BY-SA 4.0,https://creativecommons.org/licenses/by-sa/4.0,Old Osterizer blender (c 1970s) still working - disassembled to show components.,3888,5184,1050,1400,b400e09f0753accab347868c922ce8320705eb0f079ff3e3225672dd1ffeb097,959f267278f094c6,36.389
stylized_3d,182,fallback,visual-harvest-400/stylized_3d/182_fallback_old-osterizer-blender-parts-lid-bottom-view.jpg,"File:Old Osterizer blender parts - lid, bottom view.jpg","https://commons.wikimedia.org/wiki/File:Old_Osterizer_blender_parts_-_lid,_bottom_view.jpg",https://upload.wikimedia.org/wikipedia/commons/thumb/2/23/Old_Osterizer_blender_parts_-_lid%2C_bottom_view.jpg/1920px-Old_Osterizer_blender_parts_-_lid%2C_bottom_view.jpg,Infrogmation,CC BY-SA 4.0,https://creativecommons.org/licenses/by-sa/4.0,Old Osterizer blender (c 1970s) still working - disassembled to show components.,3655,3918,1306,1400,b6b847975a4a812e761f519cad816efcc09f42dfc7706978e7147d0434fc328e,861f79646598b6c9,38.974
stylized_3d,183,fallback,visual-harvest-400/stylized_3d/183_fallback_elektrische-blender-van-het-merk-braun-indus-v09857.jpg,File:Elektrische blender van het merk Braun - INDUS V09857.JPG,https://commons.wikimedia.org/wiki/File:Elektrische_blender_van_het_merk_Braun_-_INDUS_V09857.JPG,https://upload.wikimedia.org/wikipedia/commons/thumb/0/0f/Elektrische_blender_van_het_merk_Braun_-_INDUS_V09857.JPG/1920px-Elektrische_blender_van_het_merk_Braun_-_INDUS_V09857.JPG,See Wikimedia Commons page,CC0,http://creativecommons.org/publicdomain/zero/1.0/deed.en,"Blender van het merk Braun, type multimix M 2. Recipiënt in glas tot 1 liter. Technisch: 220V - 350W - 40-60 Hz.",3456,4608,1050,1400,3e6887ba5a760c91a17a2e358a0dcd69625f5b28632822adb29ff0993dc45058,f39c8c6293cd8c59,34.048
stylized_3d,184,fallback,visual-harvest-400/stylized_3d/184_fallback_kirche-der-ev-luth-gemeinde-blender-landkreis-verden.jpg,File:Kirche der Ev.-luth. Gemeinde Blender (Landkreis Verden).jpg,https://commons.wikimedia.org/wiki/File:Kirche_der_Ev.-luth._Gemeinde_Blender_(Landkreis_Verden).jpg,https://upload.wikimedia.org/wikipedia/commons/thumb/f/f7/Kirche_der_Ev.-luth._Gemeinde_Blender_%28Landkreis_Verden%29.jpg/1920px-Kirche_der_Ev.-luth._Gemeinde_Blender_%28Landkreis_Verden%29.jpg,XenonX3,CC0,http://creativecommons.org/publicdomain/zero/1.0/deed.en,Kirche der Ev.-luth. Gemeinde Blender (Landkreis Verden),5184,3456,1400,933,c48e2fe39c63fd3907cb8ba516f7324397c3fbd8db641a76a7dd5449db11689b,d5e9aa32074db166,45.982
stylized_3d,185,fallback,visual-harvest-400/stylized_3d/185_fallback_old-osterizer-blender-parts-lid-top-view.jpg,"File:Old Osterizer blender parts - lid, top view.jpg","https://commons.wikimedia.org/wiki/File:Old_Osterizer_blender_parts_-_lid,_top_view.jpg",https://upload.wikimedia.org/wikipedia/commons/thumb/e/eb/Old_Osterizer_blender_parts_-_lid%2C_top_view.jpg/1920px-Old_Osterizer_blender_parts_-_lid%2C_top_view.jpg,Infrogmation,CC BY-SA 4.0,https://creativecommons.org/licenses/by-sa/4.0,Old Osterizer blender (c 1970s) still working - disassembled to show components.,3136,3624,1211,1400,815a0c262fdc807956d286952abfd44d050de3745912f625e31ef5c0036dab70,85475a786bbc2e98,38.635
stylized_3d,186,fallback,visual-harvest-400/stylized_3d/186_fallback_luca-pozzi-presenting-rosetta-mission-2022-blender-mozilla-hubs-contem.jpg,"File:Luca Pozzi - presenting Rosetta Mission 2022, Blender, Mozilla Hubs, contemporary art 004 - Linux Day Milano 2022.jpg","https://commons.wikimedia.org/wiki/File:Luca_Pozzi_-_presenting_Rosetta_Mission_2022,_Blender,_Mozilla_Hubs,_contemporary_art_004_-_Linux_Day_Milano_2022.jpg",https://upload.wikimedia.org/wikipedia/commons/thumb/9/9e/Luca_Pozzi_-_presenting_Rosetta_Mission_2022%2C_Blender%2C_Mozilla_Hubs%2C_contemporary_art_004_-_Linux_Day_Milano_2022.jpg/1920px-Luca_Pozzi_-_presenting_Rosetta_Mission_2022%2C_Blender%2C_Mozilla_Hubs%2C_contemporary_art_004_-_Linux_Day_Milano_2022.jpg,Valerio Bozzolan,CC0,http://creativecommons.org/publicdomain/zero/1.0/deed.en,"The Italian artist Luca Pozzi is presenting his talk about its artwork ""Rosetta Mission 2022"" during the conference Linux Day 2022 in Milano, Bicocca University.",4000,3000,1400,1050,3336ffe13533d5ecf42f5dc3daecaaef96868f6e619c52ff367ed65bdc5e1496,b7f848877f228869,37.116
stylized_3d,187,fallback,visual-harvest-400/stylized_3d/187_fallback_venus-blender-1.jpg,File:Venus Blender 1.png,https://commons.wikimedia.org/wiki/File:Venus_Blender_1.png,https://upload.wikimedia.org/wikipedia/commons/thumb/7/76/Venus_Blender_1.png/1920px-Venus_Blender_1.png,Wikideas1,CC0,http://creativecommons.org/publicdomain/zero/1.0/deed.en,Venus surface rendered with Blender with color base map and heightmap from NASA and the USGS,4000,4000,1400,1400,82c493fb0f72d457fe2f6b1f1254b0314a00e7df343805d4cff404d95b9886ec,d1c51e7c6e337821,50.601
stylized_3d,188,fallback,visual-harvest-400/stylized_3d/188_fallback_elektrische-blender-van-het-merk-teleca-indus-v09859.jpg,File:Elektrische blender van het merk Teleca - INDUS V09859.JPG,https://commons.wikimedia.org/wiki/File:Elektrische_blender_van_het_merk_Teleca_-_INDUS_V09859.JPG,https://upload.wikimedia.org/wikipedia/commons/thumb/0/0c/Elektrische_blender_van_het_merk_Teleca_-_INDUS_V09859.JPG/1920px-Elektrische_blender_van_het_merk_Teleca_-_INDUS_V09859.JPG,See Wikimedia Commons page,CC0,http://creativecommons.org/publicdomain/zero/1.0/deed.en,Recipiënt zonder maatverdeling in glas. Technisch: 110-130V.,3456,4608,1050,1400,441b5e63111ece4ada2838766adf334a7e1e22b5e11dc91bf785d964dfcb3e0a,f09f8d70932ccb32,36.045
stylized_3d,189,fallback,visual-harvest-400/stylized_3d/189_fallback_voet-van-elektrische-blender-van-het-merk-turmix-indus-v09860.jpg,File:Voet van elektrische blender van het merk Turmix - INDUS V09860.JPG,https://commons.wikimedia.org/wiki/File:Voet_van_elektrische_blender_van_het_merk_Turmix_-_INDUS_V09860.JPG,https://upload.wikimedia.org/wikipedia/commons/thumb/3/36/Voet_van_elektrische_blender_van_het_merk_Turmix_-_INDUS_V09860.JPG/1920px-Voet_van_elektrische_blender_van_het_merk_Turmix_-_INDUS_V09860.JPG,See Wikimedia Commons page,CC0,http://creativecommons.org/publicdomain/zero/1.0/deed.en,"De Zwitserse fabrikant Turmix bracht als een van de eerste producenten in Europa een blender op de markt. Het logo, een eekhoorn met scherpe tandjes, verwijst naar de scherpe messen van de blender. Technisch: 220V - 300W.",3456,4608,1050,1400,6e837da8ae455772d01604e8b19d611483b82415f0f29204c078705899ea10ae,e5909a3f61e42f98,43.732
stylized_3d,190,fallback,visual-harvest-400/stylized_3d/190_fallback_mars-blender-render-other-side.jpg,File:Mars Blender render other side.png,https://commons.wikimedia.org/wiki/File:Mars_Blender_render_other_side.png,https://upload.wikimedia.org/wikipedia/commons/thumb/1/13/Mars_Blender_render_other_side.png/1920px-Mars_Blender_render_other_side.png,Wikideas1,CC0,http://creativecommons.org/publicdomain/zero/1.0/deed.en,Mars Blender render,4000,4000,1400,1400,e4539252ef537524582a1fbcabfc1cc3c090a82ed163568e0a61178d870a4e2b,943c4b633ed4388f,32.499
stylized_3d,191,fallback,visual-harvest-400/stylized_3d/191_fallback_mars-blender-render-2.jpg,File:Mars Blender render 2.png,https://commons.wikimedia.org/wiki/File:Mars_Blender_render_2.png,https://upload.wikimedia.org/wikipedia/commons/thumb/9/90/Mars_Blender_render_2.png/1920px-Mars_Blender_render_2.png,Wikideas1,CC0,http://creativecommons.org/publicdomain/zero/1.0/deed.en,Mars base map and height map data rendered with Blender,3959,3934,1400,1391,7194a47163dd7d442ac3a8eff5a7ec5bc1326db1c9aedce4d2c819180bc6a6ed,c0960fe83f0f786c,35.089
stylized_3d,192,fallback,visual-harvest-400/stylized_3d/192_fallback_old-osterizer-blender-parts-blade-in-base-ring-without-rubber-washer.jpg,File:Old Osterizer blender parts - blade in base ring without rubber washer.jpg,https://commons.wikimedia.org/wiki/File:Old_Osterizer_blender_parts_-_blade_in_base_ring_without_rubber_washer.jpg,https://upload.wikimedia.org/wikipedia/commons/thumb/b/be/Old_Osterizer_blender_parts_-_blade_in_base_ring_without_rubber_washer.jpg/1920px-Old_Osterizer_blender_parts_-_blade_in_base_ring_without_rubber_washer.jpg,Infrogmation,CC BY-SA 4.0,https://creativecommons.org/licenses/by-sa/4.0,Old Osterizer blender (c 1970s) still working - disassembled to show components.,4036,3711,1400,1287,b28efd221eb5f0c73dd0356526fc1bac3bc20a19bf73fd2139cec9cbf3c47095,abf9a59396cc8e20,40.618
stylized_3d,193,fallback,visual-harvest-400/stylized_3d/193_fallback_virgin-pi-a-coladas-in-old-osterizer-blender.jpg,File:Virgin Piña Coladas in old Osterizer blender.jpg,https://commons.wikimedia.org/wiki/File:Virgin_Pi%C3%B1a_Coladas_in_old_Osterizer_blender.jpg,https://upload.wikimedia.org/wikipedia/commons/thumb/7/75/Virgin_Pi%C3%B1a_Coladas_in_old_Osterizer_blender.jpg/1920px-Virgin_Pi%C3%B1a_Coladas_in_old_Osterizer_blender.jpg,Infrogmation of New Orleans,CC BY-SA 4.0,https://creativecommons.org/licenses/by-sa/4.0,"One of the chosen birthday treats for Ms H. Hm, our blender if probably one of our oldest kitchen appliances still in good working order, if showing a bit of scuffed age.",3024,4032,1050,1400,eb73ffb5c9d4f06625d9bd792f20ce67ecc444638e6749deac6cefedbd4176b8,8d2fe19b78344d25,46.618
stylized_3d,194,fallback,visual-harvest-400/stylized_3d/194_fallback_enceladus-1.jpg,File:Enceladus 1.png,https://commons.wikimedia.org/wiki/File:Enceladus_1.png,https://upload.wikimedia.org/wikipedia/commons/thumb/b/b6/Enceladus_1.png/1920px-Enceladus_1.png,Wikideas1,CC0,http://creativecommons.org/publicdomain/zero/1.0/deed.en,Enceladus rendered with Blender with data from NASA,2000,2000,1400,1400,166eae76af89d616015108c740b0151b41d7bff2f970adae7be2eafa0a68f4bf,94c75a8d2f782d38,38.617
stylized_3d,195,fallback,visual-harvest-400/stylized_3d/195_fallback_udim-monster.jpg,File:Udim monster.png,https://commons.wikimedia.org/wiki/File:Udim_monster.png,https://upload.wikimedia.org/wikipedia/commons/thumb/9/9a/Udim_monster.png/1920px-Udim_monster.png,daniel bystedt,CC0,http://creativecommons.org/publicdomain/zero/1.0/deed.en,UDIMを使用したモンスター,3840,2092,1400,763,8d669932c95dbac32908f1dae0a9a6fd2bd5f941c999d2117620db6bdba323c5,e60c634b3be32c9c,30.43
stylized_3d,196,fallback,visual-harvest-400/stylized_3d/196_fallback_old-osterizer-blender-parts-blade-in-base-ring-with-rubber-washer.jpg,File:Old Osterizer blender parts - blade in base ring with rubber washer.jpg,https://commons.wikimedia.org/wiki/File:Old_Osterizer_blender_parts_-_blade_in_base_ring_with_rubber_washer.jpg,https://upload.wikimedia.org/wikipedia/commons/thumb/3/31/Old_Osterizer_blender_parts_-_blade_in_base_ring_with_rubber_washer.jpg/1920px-Old_Osterizer_blender_parts_-_blade_in_base_ring_with_rubber_washer.jpg,Infrogmation,CC BY-SA 4.0,https://creativecommons.org/licenses/by-sa/4.0,Old Osterizer blender (c 1970s) still working - disassembled to show components.,3347,3369,1391,1400,dfeeece9db46767d09e34a4f89135e22737a1a432d4ca9c17342c5aabb18ea17,8bec2483d38f9a74,37.499
stylized_3d,197,fallback,visual-harvest-400/stylized_3d/197_fallback_volumetric-cloud.jpg,File:Volumetric Cloud.jpg,https://commons.wikimedia.org/wiki/File:Volumetric_Cloud.jpg,https://upload.wikimedia.org/wikipedia/commons/thumb/c/c5/Volumetric_Cloud.jpg/1920px-Volumetric_Cloud.jpg,Thomas M Bishop,CC BY-SA 4.0,https://creativecommons.org/licenses/by-sa/4.0,A volumetric cloud made in Blender 3D,2048,2048,1400,1400,0cd3651abd2f1d47811419d0e15feec2a14bfd30b583dec8ff24160c14442203,91c56e9a396165b5,53.551
stylized_3d,198,fallback,visual-harvest-400/stylized_3d/198_fallback_ceres-blender-render.jpg,File:Ceres Blender render.png,https://commons.wikimedia.org/wiki/File:Ceres_Blender_render.png,https://upload.wikimedia.org/wikipedia/commons/thumb/c/ce/Ceres_Blender_render.png/1920px-Ceres_Blender_render.png,Wikideas1,CC0,http://creativecommons.org/publicdomain/zero/1.0/deed.en,"Ceres rendering with Blender, from color base map and height map from NASA and USGS.",4000,4000,1400,1400,420b746c4004c8bf47623b31628900ead418be14a9c67f87044d1e7fe8a40a33,d53c0a746f313ce4,39.396
stylized_3d,199,fallback,visual-harvest-400/stylized_3d/199_fallback_house-64.jpg,File:House 64.jpg,https://commons.wikimedia.org/wiki/File:House_64.jpg,https://upload.wikimedia.org/wikipedia/commons/thumb/e/e0/House_64.jpg/1920px-House_64.jpg,MarekNovotný,CC0,http://creativecommons.org/publicdomain/zero/1.0/deed.en,Render 2560x1440 Created in Blender,2880,1620,1400,788,68a9b69561768b7a917d21fe7491e384011ff7f614118220c38440d6a2793a49,98ac33d9f0e125b6,49.878
stylized_3d,200,fallback,visual-harvest-400/stylized_3d/200_fallback_transmission-the-north-borders-50349607586.jpg,File:Transmission the north borders - . -- - .. --- .. -- . - 50349607586.jpg,https://commons.wikimedia.org/wiki/File:Transmission_the_north_borders_-_._--_-_.._---_.._--_._-_50349607586.jpg,https://upload.wikimedia.org/wikipedia/commons/thumb/2/23/Transmission_the_north_borders_-_._--_-_.._---_.._--_._-_50349607586.jpg/1920px-Transmission_the_north_borders_-_._--_-_.._---_.._--_._-_50349607586.jpg,Rudolf Getel,CC BY 2.0,https://creativecommons.org/licenses/by/2.0,Blender,2560,1440,1400,788,1c398e2cbfd1ae97935409c159cde15efbcc0ad6dd8390a29a736536159dbfb3,ba8fcc72916c9964,13.354
